"interaction","MI","name","pvalue","selected","shared interaction","shared name"
"interacts with","0.47024","Solyc01g060490.3 (interacts with) Solyc01g090560.3","1.0E-15","false","interacts with","Solyc01g060490.3 (interacts with) Solyc01g090560.3"
"interacts with","0.604043","Solyc06g069385.1 (interacts with) Solyc12g007180.2","1.0E-20","false","interacts with","Solyc06g069385.1 (interacts with) Solyc12g007180.2"
"interacts with","0.456914","Solyc01g060490.3 (interacts with) Solyc10g018780.2","1.0E-15","false","interacts with","Solyc01g060490.3 (interacts with) Solyc10g018780.2"
"interacts with","0.511677","Solyc06g069385.1 (interacts with) Solyc12g098370.2","1.0E-15","false","interacts with","Solyc06g069385.1 (interacts with) Solyc12g098370.2"
"interacts with","0.489609","Solyc01g060490.3 (interacts with) Solyc09g007260.3","1.0E-15","false","interacts with","Solyc01g060490.3 (interacts with) Solyc09g007260.3"
"interacts with","0.654031","Solyc06g069385.1 (interacts with) Solyc07g065500.2","1.0E-20","false","interacts with","Solyc06g069385.1 (interacts with) Solyc07g065500.2"
"interacts with","0.44564","Solyc01g060490.3 (interacts with) Solyc08g063040.3","1.0E-15","false","interacts with","Solyc01g060490.3 (interacts with) Solyc08g063040.3"
"interacts with","0.452299","Solyc01g060490.3 (interacts with) Solyc12g089240.2","1.0E-15","false","interacts with","Solyc01g060490.3 (interacts with) Solyc12g089240.2"
"interacts with","0.440807","Solyc01g060490.3 (interacts with) Solyc05g056120.3","1.0E-15","false","interacts with","Solyc01g060490.3 (interacts with) Solyc05g056120.3"
"interacts with","0.452815","Solyc01g060490.3 (interacts with) Solyc03g112390.3","1.0E-15","false","interacts with","Solyc01g060490.3 (interacts with) Solyc03g112390.3"
"interacts with","0.441248","Solyc01g060490.3 (interacts with) Solyc05g007180.3","1.0E-15","false","interacts with","Solyc01g060490.3 (interacts with) Solyc05g007180.3"
"interacts with","0.448348","Solyc01g060490.3 (interacts with) Solyc06g053960.3","1.0E-15","false","interacts with","Solyc01g060490.3 (interacts with) Solyc06g053960.3"
"interacts with","0.687754","Solyc01g090560.3 (interacts with) Solyc10g079070.2","1.0E-20","false","interacts with","Solyc01g090560.3 (interacts with) Solyc10g079070.2"
"interacts with","0.697015","Solyc01g090560.3 (interacts with) Solyc06g053610.3","1.0E-20","false","interacts with","Solyc01g090560.3 (interacts with) Solyc06g053610.3"
"interacts with","0.673914","Solyc01g090560.3 (interacts with) Solyc01g096370.3","1.0E-20","false","interacts with","Solyc01g090560.3 (interacts with) Solyc01g096370.3"
"interacts with","0.428731","Solyc01g090560.3 (interacts with) Solyc06g083590.3","1.0E-10","false","interacts with","Solyc01g090560.3 (interacts with) Solyc06g083590.3"
"interacts with","0.589996","Solyc01g090560.3 (interacts with) Solyc10g084380.1","1.0E-20","false","interacts with","Solyc01g090560.3 (interacts with) Solyc10g084380.1"
"interacts with","0.488642","Solyc01g090560.3 (interacts with) Solyc05g015330.1","1.0E-15","false","interacts with","Solyc01g090560.3 (interacts with) Solyc05g015330.1"
"interacts with","0.639191","Solyc01g090560.3 (interacts with) Solyc08g066500.3","1.0E-20","false","interacts with","Solyc01g090560.3 (interacts with) Solyc08g066500.3"
"interacts with","0.661922","Solyc01g090560.3 (interacts with) Solyc02g092050.3","1.0E-20","false","interacts with","Solyc01g090560.3 (interacts with) Solyc02g092050.3"
"interacts with","0.373225","Solyc01g090560.3 (interacts with) Solyc09g090790.3","1.0E-10","false","interacts with","Solyc01g090560.3 (interacts with) Solyc09g090790.3"
"interacts with","0.522157","Solyc01g090560.3 (interacts with) Solyc11g072500.2","1.0E-15","false","interacts with","Solyc01g090560.3 (interacts with) Solyc11g072500.2"
"interacts with","0.729189","Solyc01g090560.3 (interacts with) Solyc10g018780.2","1.0E-25","false","interacts with","Solyc01g090560.3 (interacts with) Solyc10g018780.2"
"interacts with","0.71136","Solyc01g090560.3 (interacts with) Solyc06g083170.3","1.0E-20","false","interacts with","Solyc01g090560.3 (interacts with) Solyc06g083170.3"
"interacts with","0.67334","Solyc01g090560.3 (interacts with) Solyc06g063070.3","1.0E-20","false","interacts with","Solyc01g090560.3 (interacts with) Solyc06g063070.3"
"interacts with","0.180795","Solyc01g090560.3 (interacts with) Solyc08g006240.2","1.0E-5","false","interacts with","Solyc01g090560.3 (interacts with) Solyc08g006240.2"
"interacts with","0.693833","Solyc01g090560.3 (interacts with) Solyc06g053960.3","1.0E-20","false","interacts with","Solyc01g090560.3 (interacts with) Solyc06g053960.3"
"interacts with","0.620522","Solyc01g090560.3 (interacts with) Solyc04g077510.3","1.0E-20","false","interacts with","Solyc01g090560.3 (interacts with) Solyc04g077510.3"
"interacts with","0.688869","Solyc01g090560.3 (interacts with) Solyc04g078640.2","1.0E-20","false","interacts with","Solyc01g090560.3 (interacts with) Solyc04g078640.2"
"interacts with","0.6162","Solyc01g090560.3 (interacts with) Solyc02g063430.3","1.0E-20","false","interacts with","Solyc01g090560.3 (interacts with) Solyc02g063430.3"
"interacts with","0.734987","Solyc01g090560.3 (interacts with) Solyc06g036170.1","1.0E-25","false","interacts with","Solyc01g090560.3 (interacts with) Solyc06g036170.1"
"interacts with","0.652037","Solyc01g090560.3 (interacts with) Solyc07g063970.3","1.0E-20","false","interacts with","Solyc01g090560.3 (interacts with) Solyc07g063970.3"
"interacts with","0.672817","Solyc01g090560.3 (interacts with) Solyc01g104650.3","1.0E-20","false","interacts with","Solyc01g090560.3 (interacts with) Solyc01g104650.3"
"interacts with","0.545805","Solyc01g090560.3 (interacts with) Solyc06g075140.3","1.0E-15","false","interacts with","Solyc01g090560.3 (interacts with) Solyc06g075140.3"
"interacts with","0.195878","Solyc01g090560.3 (interacts with) Solyc03g098260.2","1.0E-5","false","interacts with","Solyc01g090560.3 (interacts with) Solyc03g098260.2"
"interacts with","0.671153","Solyc01g090560.3 (interacts with) Solyc10g006880.3","1.0E-20","false","interacts with","Solyc01g090560.3 (interacts with) Solyc10g006880.3"
"interacts with","0.674471","Solyc01g090560.3 (interacts with) Solyc03g097120.3","1.0E-20","false","interacts with","Solyc01g090560.3 (interacts with) Solyc03g097120.3"
"interacts with","0.504965","Solyc01g090560.3 (interacts with) Solyc02g090220.3","1.0E-15","false","interacts with","Solyc01g090560.3 (interacts with) Solyc02g090220.3"
"interacts with","0.659886","Solyc01g090560.3 (interacts with) Solyc02g024070.3","1.0E-20","false","interacts with","Solyc01g090560.3 (interacts with) Solyc02g024070.3"
"interacts with","0.719135","Solyc01g090560.3 (interacts with) Solyc09g007260.3","1.0E-25","false","interacts with","Solyc01g090560.3 (interacts with) Solyc09g007260.3"
"interacts with","0.658823","Solyc01g090560.3 (interacts with) Solyc07g052960.2","1.0E-20","false","interacts with","Solyc01g090560.3 (interacts with) Solyc07g052960.2"
"interacts with","0.66501","Solyc01g090560.3 (interacts with) Solyc03g112390.3","1.0E-20","false","interacts with","Solyc01g090560.3 (interacts with) Solyc03g112390.3"
"interacts with","0.692468","Solyc01g090560.3 (interacts with) Solyc05g007180.3","1.0E-20","false","interacts with","Solyc01g090560.3 (interacts with) Solyc05g007180.3"
"interacts with","0.45088","Solyc01g090560.3 (interacts with) Solyc12g044610.2","1.0E-15","false","interacts with","Solyc01g090560.3 (interacts with) Solyc12g044610.2"
"interacts with","0.670945","Solyc12g089240.2 (interacts with) Solyc12g099760.2","1.0E-20","false","interacts with","Solyc12g089240.2 (interacts with) Solyc12g099760.2"
"interacts with","0.554404","Solyc12g089240.2 (interacts with) Solyc12g100140.2","1.0E-15","false","interacts with","Solyc12g089240.2 (interacts with) Solyc12g100140.2"
"interacts with","0.748646","Solyc03g112390.3 (interacts with) Solyc06g069430.3","1.0E-25","false","interacts with","Solyc03g112390.3 (interacts with) Solyc06g069430.3"
"interacts with","0.587997","Solyc03g112390.3 (interacts with) Solyc08g005430.3","1.0E-20","false","interacts with","Solyc03g112390.3 (interacts with) Solyc08g005430.3"
"interacts with","0.651455","Solyc03g112390.3 (interacts with) Solyc11g013480.2","1.0E-20","false","interacts with","Solyc03g112390.3 (interacts with) Solyc11g013480.2"
"interacts with","0.733542","Solyc03g112390.3 (interacts with) Solyc10g018780.2","1.0E-25","false","interacts with","Solyc03g112390.3 (interacts with) Solyc10g018780.2"
"interacts with","0.657769","Solyc03g112390.3 (interacts with) Solyc03g120890.3","1.0E-20","false","interacts with","Solyc03g112390.3 (interacts with) Solyc03g120890.3"
"interacts with","0.566062","Solyc03g112390.3 (interacts with) Solyc06g065440.1","1.0E-15","false","interacts with","Solyc03g112390.3 (interacts with) Solyc06g065440.1"
"interacts with","0.675007","Solyc03g112390.3 (interacts with) Solyc09g065670.3","1.0E-20","false","interacts with","Solyc03g112390.3 (interacts with) Solyc09g065670.3"
"interacts with","0.573108","Solyc03g112390.3 (interacts with) Solyc04g074810.3","1.0E-20","false","interacts with","Solyc03g112390.3 (interacts with) Solyc04g074810.3"
"interacts with","0.442133","Solyc03g112390.3 (interacts with) Solyc06g083590.3","1.0E-15","false","interacts with","Solyc03g112390.3 (interacts with) Solyc06g083590.3"
"interacts with","0.682119","Solyc03g112390.3 (interacts with) Solyc06g053610.3","1.0E-20","false","interacts with","Solyc03g112390.3 (interacts with) Solyc06g053610.3"
"interacts with","0.420771","Solyc03g112390.3 (interacts with) Solyc08g006490.2","1.0E-10","false","interacts with","Solyc03g112390.3 (interacts with) Solyc08g006490.2"
"interacts with","0.752302","Solyc03g112390.3 (interacts with) Solyc10g079070.2","1.0E-25","false","interacts with","Solyc03g112390.3 (interacts with) Solyc10g079070.2"
"interacts with","0.491342","Solyc03g112390.3 (interacts with) Solyc05g015330.1","1.0E-15","false","interacts with","Solyc03g112390.3 (interacts with) Solyc05g015330.1"
"interacts with","0.553389","Solyc03g112390.3 (interacts with) Solyc06g062460.3","1.0E-15","false","interacts with","Solyc03g112390.3 (interacts with) Solyc06g062460.3"
"interacts with","0.687558","Solyc03g112390.3 (interacts with) Solyc05g051460.3","1.0E-20","false","interacts with","Solyc03g112390.3 (interacts with) Solyc05g051460.3"
"interacts with","0.675051","Solyc03g112390.3 (interacts with) Solyc08g006530.3","1.0E-20","false","interacts with","Solyc03g112390.3 (interacts with) Solyc08g006530.3"
"interacts with","0.600482","Solyc03g112390.3 (interacts with) Solyc10g084380.1","1.0E-20","false","interacts with","Solyc03g112390.3 (interacts with) Solyc10g084380.1"
"interacts with","0.504458","Solyc03g112390.3 (interacts with) Solyc11g011890.2","1.0E-15","false","interacts with","Solyc03g112390.3 (interacts with) Solyc11g011890.2"
"interacts with","0.508491","Solyc03g112390.3 (interacts with) Solyc06g069385.1","1.0E-15","false","interacts with","Solyc03g112390.3 (interacts with) Solyc06g069385.1"
"interacts with","0.686563","Solyc03g112390.3 (interacts with) Solyc06g049040.3","1.0E-20","false","interacts with","Solyc03g112390.3 (interacts with) Solyc06g049040.3"
"interacts with","0.541967","Solyc03g112390.3 (interacts with) Solyc03g117720.3","1.0E-15","false","interacts with","Solyc03g112390.3 (interacts with) Solyc03g117720.3"
"interacts with","0.545497","Solyc03g112390.3 (interacts with) Solyc08g078300.3","1.0E-15","false","interacts with","Solyc03g112390.3 (interacts with) Solyc08g078300.3"
"interacts with","0.572184","Solyc03g112390.3 (interacts with) Solyc07g018290.3","1.0E-20","false","interacts with","Solyc03g112390.3 (interacts with) Solyc07g018290.3"
"interacts with","0.582042","Solyc03g112390.3 (interacts with) Solyc08g014030.1","1.0E-20","false","interacts with","Solyc03g112390.3 (interacts with) Solyc08g014030.1"
"interacts with","0.704987","Solyc03g112390.3 (interacts with) Solyc10g005330.3","1.0E-20","false","interacts with","Solyc03g112390.3 (interacts with) Solyc10g005330.3"
"interacts with","0.517185","Solyc03g112390.3 (interacts with) Solyc11g069890.2","1.0E-15","false","interacts with","Solyc03g112390.3 (interacts with) Solyc11g069890.2"
"interacts with","0.695955","Solyc03g112390.3 (interacts with) Solyc04g077490.3","1.0E-20","false","interacts with","Solyc03g112390.3 (interacts with) Solyc04g077490.3"
"interacts with","0.703371","Solyc03g112390.3 (interacts with) Solyc06g083170.3","1.0E-20","false","interacts with","Solyc03g112390.3 (interacts with) Solyc06g083170.3"
"interacts with","0.243484","Solyc01g095100.3 (interacts with) Solyc09g065670.3","1.0E-5","false","interacts with","Solyc01g095100.3 (interacts with) Solyc09g065670.3"
"interacts with","0.532432","Solyc03g112390.3 (interacts with) Solyc03g114720.3","1.0E-15","false","interacts with","Solyc03g112390.3 (interacts with) Solyc03g114720.3"
"interacts with","0.691031","Solyc03g112390.3 (interacts with) Solyc06g063070.3","1.0E-20","false","interacts with","Solyc03g112390.3 (interacts with) Solyc06g063070.3"
"interacts with","0.246208","Solyc01g095100.3 (interacts with) Solyc04g078690.3","1.0E-5","false","interacts with","Solyc01g095100.3 (interacts with) Solyc04g078690.3"
"interacts with","0.630101","Solyc03g112390.3 (interacts with) Solyc11g044320.2","1.0E-20","false","interacts with","Solyc03g112390.3 (interacts with) Solyc11g044320.2"
"interacts with","0.69936","Solyc03g112390.3 (interacts with) Solyc10g006880.3","1.0E-20","false","interacts with","Solyc03g112390.3 (interacts with) Solyc10g006880.3"
"interacts with","0.318756","Solyc03g112390.3 (interacts with) Solyc05g051380.3","1.0E-10","false","interacts with","Solyc03g112390.3 (interacts with) Solyc05g051380.3"
"interacts with","0.679441","Solyc03g112390.3 (interacts with) Solyc05g052410.2","1.0E-20","false","interacts with","Solyc03g112390.3 (interacts with) Solyc05g052410.2"
"interacts with","0.245007","Solyc01g095100.3 (interacts with) Solyc07g041640.3","1.0E-5","false","interacts with","Solyc01g095100.3 (interacts with) Solyc07g041640.3"
"interacts with","0.402638","Solyc03g112390.3 (interacts with) Solyc04g081020.3","1.0E-10","false","interacts with","Solyc03g112390.3 (interacts with) Solyc04g081020.3"
"interacts with","0.146105","Solyc01g095100.3 (interacts with) Solyc12g038450.1","0.1","false","interacts with","Solyc01g095100.3 (interacts with) Solyc12g038450.1"
"interacts with","0.655987","Solyc03g112390.3 (interacts with) Solyc07g063970.3","1.0E-20","false","interacts with","Solyc03g112390.3 (interacts with) Solyc07g063970.3"
"interacts with","0.460072","Solyc03g112390.3 (interacts with) Solyc06g072040.1","1.0E-15","false","interacts with","Solyc03g112390.3 (interacts with) Solyc06g072040.1"
"interacts with","0.262033","Solyc01g095100.3 (interacts with) Solyc11g069190.2","1.0E-5","false","interacts with","Solyc01g095100.3 (interacts with) Solyc11g069190.2"
"interacts with","0.566252","Solyc03g112390.3 (interacts with) Solyc06g076820.1","1.0E-15","false","interacts with","Solyc03g112390.3 (interacts with) Solyc06g076820.1"
"interacts with","0.703158","Solyc03g112390.3 (interacts with) Solyc06g036170.1","1.0E-20","false","interacts with","Solyc03g112390.3 (interacts with) Solyc06g036170.1"
"interacts with","0.653451","Solyc03g112390.3 (interacts with) Solyc05g007770.3","1.0E-20","false","interacts with","Solyc03g112390.3 (interacts with) Solyc05g007770.3"
"interacts with","0.740466","Solyc03g112390.3 (interacts with) Solyc05g007180.3","1.0E-25","false","interacts with","Solyc03g112390.3 (interacts with) Solyc05g007180.3"
"interacts with","0.591479","Solyc03g112390.3 (interacts with) Solyc06g082300.3","1.0E-20","false","interacts with","Solyc03g112390.3 (interacts with) Solyc06g082300.3"
"interacts with","0.613065","Solyc03g112390.3 (interacts with) Solyc11g069190.2","1.0E-20","false","interacts with","Solyc03g112390.3 (interacts with) Solyc11g069190.2"
"interacts with","0.505909","Solyc03g112390.3 (interacts with) Solyc12g014610.2","1.0E-15","false","interacts with","Solyc03g112390.3 (interacts with) Solyc12g014610.2"
"interacts with","0.670386","Solyc03g112390.3 (interacts with) Solyc10g084340.2","1.0E-20","false","interacts with","Solyc03g112390.3 (interacts with) Solyc10g084340.2"
"interacts with","0.655617","Solyc03g112390.3 (interacts with) Solyc12g089240.2","1.0E-20","false","interacts with","Solyc03g112390.3 (interacts with) Solyc12g089240.2"
"interacts with","0.71469","Solyc03g112390.3 (interacts with) Solyc09g007260.3","1.0E-25","false","interacts with","Solyc03g112390.3 (interacts with) Solyc09g007260.3"
"interacts with","0.425686","Solyc03g112390.3 (interacts with) Solyc07g065570.2","1.0E-10","false","interacts with","Solyc03g112390.3 (interacts with) Solyc07g065570.2"
"interacts with","0.758644","Solyc06g053960.3 (interacts with) Solyc06g069430.3","1.0E-25","false","interacts with","Solyc06g053960.3 (interacts with) Solyc06g069430.3"
"interacts with","0.673983","Solyc06g053960.3 (interacts with) Solyc08g082630.3","1.0E-20","false","interacts with","Solyc06g053960.3 (interacts with) Solyc08g082630.3"
"interacts with","0.644388","Solyc06g053960.3 (interacts with) Solyc08g066500.3","1.0E-20","false","interacts with","Solyc06g053960.3 (interacts with) Solyc08g066500.3"
"interacts with","0.673713","Solyc06g053960.3 (interacts with) Solyc10g018780.2","1.0E-20","false","interacts with","Solyc06g053960.3 (interacts with) Solyc10g018780.2"
"interacts with","0.613394","Solyc06g053960.3 (interacts with) Solyc12g006240.2","1.0E-20","false","interacts with","Solyc06g053960.3 (interacts with) Solyc12g006240.2"
"interacts with","0.621564","Solyc06g053960.3 (interacts with) Solyc08g080150.1","1.0E-20","false","interacts with","Solyc06g053960.3 (interacts with) Solyc08g080150.1"
"interacts with","0.61684","Solyc06g053960.3 (interacts with) Solyc09g018460.1","1.0E-20","false","interacts with","Solyc06g053960.3 (interacts with) Solyc09g018460.1"
"interacts with","0.613469","Solyc06g053960.3 (interacts with) Solyc10g084380.1","1.0E-20","false","interacts with","Solyc06g053960.3 (interacts with) Solyc10g084380.1"
"interacts with","0.562654","Solyc06g053960.3 (interacts with) Solyc07g018290.3","1.0E-15","false","interacts with","Solyc06g053960.3 (interacts with) Solyc07g018290.3"
"interacts with","0.660972","Solyc06g053960.3 (interacts with) Solyc12g098370.2","1.0E-20","false","interacts with","Solyc06g053960.3 (interacts with) Solyc12g098370.2"
"interacts with","0.635228","Solyc06g053960.3 (interacts with) Solyc09g082505.1","1.0E-20","false","interacts with","Solyc06g053960.3 (interacts with) Solyc09g082505.1"
"interacts with","0.606981","Solyc06g053960.3 (interacts with) Solyc12g007070.2","1.0E-20","false","interacts with","Solyc06g053960.3 (interacts with) Solyc12g007070.2"
"interacts with","0.368206","Solyc06g053960.3 (interacts with) Solyc12g005420.2","1.0E-10","false","interacts with","Solyc06g053960.3 (interacts with) Solyc12g005420.2"
"interacts with","0.593544","Solyc06g053960.3 (interacts with) Solyc07g063420.3","1.0E-20","false","interacts with","Solyc06g053960.3 (interacts with) Solyc07g063420.3"
"interacts with","0.434588","Solyc06g053960.3 (interacts with) Solyc07g006630.3","1.0E-15","false","interacts with","Solyc06g053960.3 (interacts with) Solyc07g006630.3"
"interacts with","0.841018","Solyc06g053960.3 (interacts with) Solyc10g006880.3","1.0E-25","false","interacts with","Solyc06g053960.3 (interacts with) Solyc10g006880.3"
"interacts with","0.685544","Solyc06g053960.3 (interacts with) Solyc07g063970.3","1.0E-20","false","interacts with","Solyc06g053960.3 (interacts with) Solyc07g063970.3"
"interacts with","0.745898","Solyc06g053960.3 (interacts with) Solyc11g017470.2","1.0E-25","false","interacts with","Solyc06g053960.3 (interacts with) Solyc11g017470.2"
"interacts with","0.565783","Solyc06g053960.3 (interacts with) Solyc06g075140.3","1.0E-15","false","interacts with","Solyc06g053960.3 (interacts with) Solyc06g075140.3"
"interacts with","0.530429","Solyc03g119740.3 (interacts with) Solyc07g043580.3","1.0E-15","false","interacts with","Solyc03g119740.3 (interacts with) Solyc07g043580.3"
"interacts with","0.496739","Solyc03g119740.3 (interacts with) Solyc12g087830.2","1.0E-15","false","interacts with","Solyc03g119740.3 (interacts with) Solyc12g087830.2"
"interacts with","0.718651","Solyc06g053960.3 (interacts with) Solyc09g007260.3","1.0E-25","false","interacts with","Solyc06g053960.3 (interacts with) Solyc09g007260.3"
"interacts with","0.569578","Solyc03g119740.3 (interacts with) Solyc07g052960.2","1.0E-15","false","interacts with","Solyc03g119740.3 (interacts with) Solyc07g052960.2"
"interacts with","0.630166","Solyc06g053960.3 (interacts with) Solyc07g062680.2","1.0E-20","false","interacts with","Solyc06g053960.3 (interacts with) Solyc07g062680.2"
"interacts with","0.42006","Solyc06g053960.3 (interacts with) Solyc07g065570.2","1.0E-10","false","interacts with","Solyc06g053960.3 (interacts with) Solyc07g065570.2"
"interacts with","0.586678","Solyc03g119740.3 (interacts with) Solyc05g012020.3","1.0E-20","false","interacts with","Solyc03g119740.3 (interacts with) Solyc05g012020.3"
"interacts with","0.115929","Solyc03g119740.3 (interacts with) Solyc12g038440.1","0.1","false","interacts with","Solyc03g119740.3 (interacts with) Solyc12g038440.1"
"interacts with","0.672824","Solyc06g053960.3 (interacts with) Solyc08g068320.3","1.0E-20","false","interacts with","Solyc06g053960.3 (interacts with) Solyc08g068320.3"
"interacts with","0.547585","Solyc03g119740.3 (interacts with) Solyc10g079070.2","1.0E-15","false","interacts with","Solyc03g119740.3 (interacts with) Solyc10g079070.2"
"interacts with","0.351564","Solyc06g053960.3 (interacts with) Solyc11g065840.2","1.0E-10","false","interacts with","Solyc06g053960.3 (interacts with) Solyc11g065840.2"
"interacts with","0.600292","Solyc03g119740.3 (interacts with) Solyc04g078640.2","1.0E-20","false","interacts with","Solyc03g119740.3 (interacts with) Solyc04g078640.2"
"interacts with","0.536644","Solyc03g119740.3 (interacts with) Solyc09g066060.2","1.0E-15","false","interacts with","Solyc03g119740.3 (interacts with) Solyc09g066060.2"
"interacts with","0.545086","Solyc03g119740.3 (interacts with) Solyc03g120890.3","1.0E-15","false","interacts with","Solyc03g119740.3 (interacts with) Solyc03g120890.3"
"interacts with","0.544354","Solyc03g119740.3 (interacts with) Solyc10g079050.2","1.0E-15","false","interacts with","Solyc03g119740.3 (interacts with) Solyc10g079050.2"
"interacts with","0.575349","Solyc03g119740.3 (interacts with) Solyc03g121840.3","1.0E-20","false","interacts with","Solyc03g119740.3 (interacts with) Solyc03g121840.3"
"interacts with","0.547796","Solyc03g119740.3 (interacts with) Solyc10g078430.2","1.0E-15","false","interacts with","Solyc03g119740.3 (interacts with) Solyc10g078430.2"
"interacts with","0.359467","Solyc05g007160.3 (interacts with) Solyc10g009110.1","1.0E-10","false","interacts with","Solyc05g007160.3 (interacts with) Solyc10g009110.1"
"interacts with","0.495301","Solyc05g007160.3 (interacts with) Solyc07g047960.3","1.0E-15","false","interacts with","Solyc05g007160.3 (interacts with) Solyc07g047960.3"
"interacts with","0.433169","Solyc05g007160.3 (interacts with) Solyc12g044410.2","1.0E-15","false","interacts with","Solyc05g007160.3 (interacts with) Solyc12g044410.2"
"interacts with","0.511842","Solyc05g007160.3 (interacts with) Solyc05g009350.3","1.0E-15","false","interacts with","Solyc05g007160.3 (interacts with) Solyc05g009350.3"
"interacts with","0.42064","Solyc05g007160.3 (interacts with) Solyc08g077230.3","1.0E-10","false","interacts with","Solyc05g007160.3 (interacts with) Solyc08g077230.3"
"interacts with","0.568725","Solyc05g007160.3 (interacts with) Solyc09g009100.3","1.0E-15","false","interacts with","Solyc05g007160.3 (interacts with) Solyc09g009100.3"
"interacts with","0.516772","Solyc05g007160.3 (interacts with) Solyc12g056790.2","1.0E-15","false","interacts with","Solyc05g007160.3 (interacts with) Solyc12g056790.2"
"interacts with","0.57458","Solyc06g073670.3 (interacts with) Solyc08g060840.1","1.0E-20","false","interacts with","Solyc06g073670.3 (interacts with) Solyc08g060840.1"
"interacts with","0.616333","Solyc03g116890.3 (interacts with) Solyc04g009440.3","1.0E-20","false","interacts with","Solyc03g116890.3 (interacts with) Solyc04g009440.3"
"interacts with","0.46993","Solyc06g073670.3 (interacts with) Solyc11g068950.2","1.0E-15","false","interacts with","Solyc06g073670.3 (interacts with) Solyc11g068950.2"
"interacts with","0.553433","Solyc06g073670.3 (interacts with) Solyc09g089550.3","1.0E-15","false","interacts with","Solyc06g073670.3 (interacts with) Solyc09g089550.3"
"interacts with","0.678872","Solyc03g116890.3 (interacts with) Solyc10g055760.2","1.0E-20","false","interacts with","Solyc03g116890.3 (interacts with) Solyc10g055760.2"
"interacts with","0.566033","Solyc03g116890.3 (interacts with) Solyc05g054170.3","1.0E-15","false","interacts with","Solyc03g116890.3 (interacts with) Solyc05g054170.3"
"interacts with","0.141972","Solyc08g081630.2 (interacts with) Solyc12g098620.2","0.1","false","interacts with","Solyc08g081630.2 (interacts with) Solyc12g098620.2"
"interacts with","0.115677","Solyc08g081630.2 (interacts with) Solyc09g009490.3","0.1","false","interacts with","Solyc08g081630.2 (interacts with) Solyc09g009490.3"
"interacts with","0.166243","Solyc03g116890.3 (interacts with) Solyc06g009710.3","1.0E-5","false","interacts with","Solyc03g116890.3 (interacts with) Solyc06g009710.3"
"interacts with","0.343911","Solyc03g116890.3 (interacts with) Solyc09g083360.3","1.0E-10","false","interacts with","Solyc03g116890.3 (interacts with) Solyc09g083360.3"
"interacts with","0.350527","Solyc02g069830.3 (interacts with) Solyc03g120910.3","1.0E-10","false","interacts with","Solyc02g069830.3 (interacts with) Solyc03g120910.3"
"interacts with","0.119125","Solyc08g081630.2 (interacts with) Solyc10g086130.2","0.1","false","interacts with","Solyc08g081630.2 (interacts with) Solyc10g086130.2"
"interacts with","0.253494","Solyc02g069830.3 (interacts with) Solyc12g088130.2","1.0E-5","false","interacts with","Solyc02g069830.3 (interacts with) Solyc12g088130.2"
"interacts with","0.395434","Solyc02g069830.3 (interacts with) Solyc11g044320.2","1.0E-10","false","interacts with","Solyc02g069830.3 (interacts with) Solyc11g044320.2"
"interacts with","0.340346","Solyc02g069830.3 (interacts with) Solyc08g078340.3","1.0E-10","false","interacts with","Solyc02g069830.3 (interacts with) Solyc08g078340.3"
"interacts with","0.400766","Solyc02g069830.3 (interacts with) Solyc12g044410.2","1.0E-10","false","interacts with","Solyc02g069830.3 (interacts with) Solyc12g044410.2"
"interacts with","0.431847","Solyc02g069830.3 (interacts with) Solyc07g066220.3","1.0E-15","false","interacts with","Solyc02g069830.3 (interacts with) Solyc07g066220.3"
"interacts with","0.170011","Solyc06g050950.3 (interacts with) Solyc12g013620.2","1.0E-5","false","interacts with","Solyc06g050950.3 (interacts with) Solyc12g013620.2"
"interacts with","0.181371","Solyc06g050950.3 (interacts with) Solyc08g022080.3","1.0E-5","false","interacts with","Solyc06g050950.3 (interacts with) Solyc08g022080.3"
"interacts with","0.144513","Solyc03g111475.1 (interacts with) Solyc08g076370.3","0.1","false","interacts with","Solyc03g111475.1 (interacts with) Solyc08g076370.3"
"interacts with","0.165659","Solyc06g050950.3 (interacts with) Solyc10g008880.3","1.0E-5","false","interacts with","Solyc06g050950.3 (interacts with) Solyc10g008880.3"
"interacts with","0.17069","Solyc06g050950.3 (interacts with) Solyc08g076860.3","1.0E-5","false","interacts with","Solyc06g050950.3 (interacts with) Solyc08g076860.3"
"interacts with","0.437843","Solyc10g081320.1 (interacts with) Solyc11g069190.2","1.0E-15","false","interacts with","Solyc10g081320.1 (interacts with) Solyc11g069190.2"
"interacts with","0.287407","Solyc01g008230.3 (interacts with) Solyc08g077230.3","1.0E-5","false","interacts with","Solyc01g008230.3 (interacts with) Solyc08g077230.3"
"interacts with","0.153365","Solyc01g008230.3 (interacts with) Solyc02g033115.1","1.0E-5","false","interacts with","Solyc01g008230.3 (interacts with) Solyc02g033115.1"
"interacts with","0.403172","Solyc01g008230.3 (interacts with) Solyc01g087240.3","1.0E-10","false","interacts with","Solyc01g008230.3 (interacts with) Solyc01g087240.3"
"interacts with","0.151892","Solyc03g111475.1 (interacts with) Solyc12g005830.2","1.0E-5","false","interacts with","Solyc03g111475.1 (interacts with) Solyc12g005830.2"
"interacts with","0.247318","Solyc08g077230.3 (interacts with) Solyc11g064800.2","1.0E-5","false","interacts with","Solyc08g077230.3 (interacts with) Solyc11g064800.2"
"interacts with","0.127145","Solyc03g111475.1 (interacts with) Solyc06g069310.3","0.1","false","interacts with","Solyc03g111475.1 (interacts with) Solyc06g069310.3"
"interacts with","0.408847","Solyc08g077230.3 (interacts with) Solyc09g009100.3","1.0E-10","false","interacts with","Solyc08g077230.3 (interacts with) Solyc09g009100.3"
"interacts with","0.161209","Solyc08g077230.3 (interacts with) Solyc09g018150.1","1.0E-5","false","interacts with","Solyc08g077230.3 (interacts with) Solyc09g018150.1"
"interacts with","0.540157","Solyc02g080260.3 (interacts with) Solyc11g005380.2","1.0E-15","false","interacts with","Solyc02g080260.3 (interacts with) Solyc11g005380.2"
"interacts with","0.384254","Solyc08g077230.3 (interacts with) Solyc10g009110.1","1.0E-10","false","interacts with","Solyc08g077230.3 (interacts with) Solyc10g009110.1"
"interacts with","0.527795","Solyc02g080260.3 (interacts with) Solyc07g062680.2","1.0E-15","false","interacts with","Solyc02g080260.3 (interacts with) Solyc07g062680.2"
"interacts with","0.235808","Solyc08g077230.3 (interacts with) Solyc12g049320.2","1.0E-5","false","interacts with","Solyc08g077230.3 (interacts with) Solyc12g049320.2"
"interacts with","0.124344","Solyc03g111475.1 (interacts with) Solyc12g008670.2","0.1","false","interacts with","Solyc03g111475.1 (interacts with) Solyc12g008670.2"
"interacts with","0.510289","Solyc02g080260.3 (interacts with) Solyc04g077510.3","1.0E-15","false","interacts with","Solyc02g080260.3 (interacts with) Solyc04g077510.3"
"interacts with","0.127307","Solyc03g111475.1 (interacts with) Solyc04g056740.1","0.1","false","interacts with","Solyc03g111475.1 (interacts with) Solyc04g056740.1"
"interacts with","0.537725","Solyc02g080260.3 (interacts with) Solyc12g098370.2","1.0E-15","false","interacts with","Solyc02g080260.3 (interacts with) Solyc12g098370.2"
"interacts with","0.505021","Solyc02g080260.3 (interacts with) Solyc06g036170.1","1.0E-15","false","interacts with","Solyc02g080260.3 (interacts with) Solyc06g036170.1"
"interacts with","0.546404","Solyc02g080260.3 (interacts with) Solyc06g053610.3","1.0E-15","false","interacts with","Solyc02g080260.3 (interacts with) Solyc06g053610.3"
"interacts with","0.506992","Solyc02g080260.3 (interacts with) Solyc10g079070.2","1.0E-15","false","interacts with","Solyc02g080260.3 (interacts with) Solyc10g079070.2"
"interacts with","0.504742","Solyc02g080260.3 (interacts with) Solyc02g090820.3","1.0E-15","false","interacts with","Solyc02g080260.3 (interacts with) Solyc02g090820.3"
"interacts with","0.365617","Solyc01g087240.3 (interacts with) Solyc04g078640.2","1.0E-10","false","interacts with","Solyc01g087240.3 (interacts with) Solyc04g078640.2"
"interacts with","0.345798","Solyc01g087240.3 (interacts with) Solyc05g011810.3","1.0E-10","false","interacts with","Solyc01g087240.3 (interacts with) Solyc05g011810.3"
"interacts with","0.546298","Solyc02g080260.3 (interacts with) Solyc02g092050.3","1.0E-15","false","interacts with","Solyc02g080260.3 (interacts with) Solyc02g092050.3"
"interacts with","0.353185","Solyc01g087240.3 (interacts with) Solyc11g017470.2","1.0E-10","false","interacts with","Solyc01g087240.3 (interacts with) Solyc11g017470.2"
"interacts with","0.514062","Solyc02g080260.3 (interacts with) Solyc03g097120.3","1.0E-15","false","interacts with","Solyc02g080260.3 (interacts with) Solyc03g097120.3"
"interacts with","0.356084","Solyc01g087240.3 (interacts with) Solyc10g006880.3","1.0E-10","false","interacts with","Solyc01g087240.3 (interacts with) Solyc10g006880.3"
"interacts with","0.520794","Solyc02g080260.3 (interacts with) Solyc08g066500.3","1.0E-15","false","interacts with","Solyc02g080260.3 (interacts with) Solyc08g066500.3"
"interacts with","0.137591","Solyc01g087240.3 (interacts with) Solyc06g005090.3","0.1","false","interacts with","Solyc01g087240.3 (interacts with) Solyc06g005090.3"
"interacts with","0.560485","Solyc02g080260.3 (interacts with) Solyc08g082630.3","1.0E-15","false","interacts with","Solyc02g080260.3 (interacts with) Solyc08g082630.3"
"interacts with","0.52252","Solyc02g080260.3 (interacts with) Solyc10g078700.2","1.0E-15","false","interacts with","Solyc02g080260.3 (interacts with) Solyc10g078700.2"
"interacts with","0.382428","Solyc01g087240.3 (interacts with) Solyc05g020020.3","1.0E-10","false","interacts with","Solyc01g087240.3 (interacts with) Solyc05g020020.3"
"interacts with","0.153868","Solyc01g087240.3 (interacts with) Solyc05g051420.2","1.0E-5","false","interacts with","Solyc01g087240.3 (interacts with) Solyc05g051420.2"
"interacts with","0.149401","Solyc02g062210.2 (interacts with) Solyc07g005650.3","0.1","false","interacts with","Solyc02g062210.2 (interacts with) Solyc07g005650.3"
"interacts with","0.121516","Solyc02g062210.2 (interacts with) Solyc12g038450.1","0.1","false","interacts with","Solyc02g062210.2 (interacts with) Solyc12g038450.1"
"interacts with","0.381127","Solyc01g087240.3 (interacts with) Solyc03g120910.3","1.0E-10","false","interacts with","Solyc01g087240.3 (interacts with) Solyc03g120910.3"
"interacts with","0.162107","Solyc02g062210.2 (interacts with) Solyc12g007070.2","1.0E-5","false","interacts with","Solyc02g062210.2 (interacts with) Solyc12g007070.2"
"interacts with","0.436056","Solyc01g087240.3 (interacts with) Solyc02g063010.3","1.0E-15","false","interacts with","Solyc01g087240.3 (interacts with) Solyc02g063010.3"
"interacts with","0.34045","Solyc01g087240.3 (interacts with) Solyc04g014530.1","1.0E-10","false","interacts with","Solyc01g087240.3 (interacts with) Solyc04g014530.1"
"interacts with","0.383665","Solyc01g087240.3 (interacts with) Solyc06g073720.2","1.0E-10","false","interacts with","Solyc01g087240.3 (interacts with) Solyc06g073720.2"
"interacts with","0.344441","Solyc01g087240.3 (interacts with) Solyc03g114850.3","1.0E-10","false","interacts with","Solyc01g087240.3 (interacts with) Solyc03g114850.3"
"interacts with","0.147895","Solyc02g062210.2 (interacts with) Solyc11g012510.2","0.1","false","interacts with","Solyc02g062210.2 (interacts with) Solyc11g012510.2"
"interacts with","0.109639","Solyc02g062210.2 (interacts with) Solyc05g018438.1","0.1","false","interacts with","Solyc02g062210.2 (interacts with) Solyc05g018438.1"
"interacts with","0.314504","Solyc01g087240.3 (interacts with) Solyc07g016180.3","1.0E-10","false","interacts with","Solyc01g087240.3 (interacts with) Solyc07g016180.3"
"interacts with","0.372174","Solyc01g087240.3 (interacts with) Solyc03g113270.3","1.0E-10","false","interacts with","Solyc01g087240.3 (interacts with) Solyc03g113270.3"
"interacts with","0.154159","Solyc01g087240.3 (interacts with) Solyc07g009580.1","1.0E-5","false","interacts with","Solyc01g087240.3 (interacts with) Solyc07g009580.1"
"interacts with","0.429568","Solyc06g053720.2 (interacts with) Solyc10g006880.3","1.0E-10","false","interacts with","Solyc06g053720.2 (interacts with) Solyc10g006880.3"
"interacts with","0.408403","Solyc06g053720.2 (interacts with) Solyc06g069430.3","1.0E-10","false","interacts with","Solyc06g053720.2 (interacts with) Solyc06g069430.3"
"interacts with","0.411097","Solyc06g053720.2 (interacts with) Solyc06g063070.3","1.0E-10","false","interacts with","Solyc06g053720.2 (interacts with) Solyc06g063070.3"
"interacts with","0.41307","Solyc06g053720.2 (interacts with) Solyc08g076860.3","1.0E-10","false","interacts with","Solyc06g053720.2 (interacts with) Solyc08g076860.3"
"interacts with","0.44965","Solyc06g053720.2 (interacts with) Solyc10g079070.2","1.0E-15","false","interacts with","Solyc06g053720.2 (interacts with) Solyc10g079070.2"
"interacts with","0.425209","Solyc06g053720.2 (interacts with) Solyc10g005330.3","1.0E-10","false","interacts with","Solyc06g053720.2 (interacts with) Solyc10g005330.3"
"interacts with","0.440048","Solyc12g096500.2 (interacts with) Solyc12g098620.2","1.0E-15","false","interacts with","Solyc12g096500.2 (interacts with) Solyc12g098620.2"
"interacts with","0.411216","Solyc06g053720.2 (interacts with) Solyc07g063970.3","1.0E-10","false","interacts with","Solyc06g053720.2 (interacts with) Solyc07g063970.3"
"interacts with","0.585796","Solyc12g096500.2 (interacts with) Solyc12g098370.2","1.0E-20","false","interacts with","Solyc12g096500.2 (interacts with) Solyc12g098370.2"
"interacts with","0.429611","Solyc06g053720.2 (interacts with) Solyc12g089240.2","1.0E-10","false","interacts with","Solyc06g053720.2 (interacts with) Solyc12g089240.2"
"interacts with","0.61819","Solyc06g061030.3 (interacts with) Solyc06g075510.3","1.0E-20","false","interacts with","Solyc06g061030.3 (interacts with) Solyc06g075510.3"
"interacts with","0.64943","Solyc06g061030.3 (interacts with) Solyc09g074640.3","1.0E-20","false","interacts with","Solyc06g061030.3 (interacts with) Solyc09g074640.3"
"interacts with","0.525504","Solyc06g061030.3 (interacts with) Solyc11g072500.2","1.0E-15","false","interacts with","Solyc06g061030.3 (interacts with) Solyc11g072500.2"
"interacts with","0.216671","Solyc06g061030.3 (interacts with) Solyc08g076710.3","1.0E-5","false","interacts with","Solyc06g061030.3 (interacts with) Solyc08g076710.3"
"interacts with","0.636543","Solyc06g061030.3 (interacts with) Solyc09g065670.3","1.0E-20","false","interacts with","Solyc06g061030.3 (interacts with) Solyc09g065670.3"
"interacts with","0.623183","Solyc06g049040.3 (interacts with) Solyc09g082505.1","1.0E-20","false","interacts with","Solyc06g049040.3 (interacts with) Solyc09g082505.1"
"interacts with","0.572757","Solyc06g061030.3 (interacts with) Solyc06g065440.1","1.0E-20","false","interacts with","Solyc06g061030.3 (interacts with) Solyc06g065440.1"
"interacts with","0.505697","Solyc06g049040.3 (interacts with) Solyc08g076590.3","1.0E-15","false","interacts with","Solyc06g049040.3 (interacts with) Solyc08g076590.3"
"interacts with","0.601302","Solyc06g061030.3 (interacts with) Solyc08g005430.3","1.0E-20","false","interacts with","Solyc06g061030.3 (interacts with) Solyc08g005430.3"
"interacts with","0.671959","Solyc06g049040.3 (interacts with) Solyc12g098370.2","1.0E-20","false","interacts with","Solyc06g049040.3 (interacts with) Solyc12g098370.2"
"interacts with","0.539336","Solyc06g061030.3 (interacts with) Solyc10g086640.2","1.0E-15","false","interacts with","Solyc06g061030.3 (interacts with) Solyc10g086640.2"
"interacts with","0.584306","Solyc06g049040.3 (interacts with) Solyc12g007180.2","1.0E-20","false","interacts with","Solyc06g049040.3 (interacts with) Solyc12g007180.2"
"interacts with","0.665499","Solyc06g061030.3 (interacts with) Solyc08g066500.3","1.0E-20","false","interacts with","Solyc06g061030.3 (interacts with) Solyc08g066500.3"
"interacts with","0.170622","Solyc06g049040.3 (interacts with) Solyc06g050950.3","1.0E-5","false","interacts with","Solyc06g049040.3 (interacts with) Solyc06g050950.3"
"interacts with","0.599575","Solyc06g061030.3 (interacts with) Solyc12g096500.2","1.0E-20","false","interacts with","Solyc06g061030.3 (interacts with) Solyc12g096500.2"
"interacts with","0.529497","Solyc06g061030.3 (interacts with) Solyc10g080540.2","1.0E-15","false","interacts with","Solyc06g061030.3 (interacts with) Solyc10g080540.2"
"interacts with","0.478544","Solyc06g049040.3 (interacts with) Solyc11g013150.1","1.0E-15","false","interacts with","Solyc06g049040.3 (interacts with) Solyc11g013150.1"
"interacts with","0.62266","Solyc06g061030.3 (interacts with) Solyc07g055100.3","1.0E-20","false","interacts with","Solyc06g061030.3 (interacts with) Solyc07g055100.3"
"interacts with","0.571423","Solyc06g061030.3 (interacts with) Solyc07g042260.3","1.0E-15","false","interacts with","Solyc06g061030.3 (interacts with) Solyc07g042260.3"
"interacts with","0.72773","Solyc06g049040.3 (interacts with) Solyc06g083170.3","1.0E-25","false","interacts with","Solyc06g049040.3 (interacts with) Solyc06g083170.3"
"interacts with","0.665691","Solyc06g061030.3 (interacts with) Solyc08g006530.3","1.0E-20","false","interacts with","Solyc06g061030.3 (interacts with) Solyc08g006530.3"
"interacts with","0.68913","Solyc06g049040.3 (interacts with) Solyc10g005330.3","1.0E-20","false","interacts with","Solyc06g049040.3 (interacts with) Solyc10g005330.3"
"interacts with","0.308528","Solyc06g061030.3 (interacts with) Solyc10g078610.1","1.0E-10","false","interacts with","Solyc06g061030.3 (interacts with) Solyc10g078610.1"
"interacts with","0.566079","Solyc06g061030.3 (interacts with) Solyc07g018010.3","1.0E-15","false","interacts with","Solyc06g061030.3 (interacts with) Solyc07g018010.3"
"interacts with","0.693071","Solyc06g049040.3 (interacts with) Solyc06g073980.3","1.0E-20","false","interacts with","Solyc06g049040.3 (interacts with) Solyc06g073980.3"
"interacts with","0.512805","Solyc06g061030.3 (interacts with) Solyc08g078300.3","1.0E-15","false","interacts with","Solyc06g061030.3 (interacts with) Solyc08g078300.3"
"interacts with","0.652639","Solyc06g049040.3 (interacts with) Solyc06g075510.3","1.0E-20","false","interacts with","Solyc06g049040.3 (interacts with) Solyc06g075510.3"
"interacts with","0.661875","Solyc06g061030.3 (interacts with) Solyc12g098370.2","1.0E-20","false","interacts with","Solyc06g061030.3 (interacts with) Solyc12g098370.2"
"interacts with","0.678979","Solyc06g049040.3 (interacts with) Solyc11g013480.2","1.0E-20","false","interacts with","Solyc06g049040.3 (interacts with) Solyc11g013480.2"
"interacts with","0.527525","Solyc06g061030.3 (interacts with) Solyc06g069385.1","1.0E-15","false","interacts with","Solyc06g061030.3 (interacts with) Solyc06g069385.1"
"interacts with","0.592099","Solyc06g049040.3 (interacts with) Solyc09g074640.3","1.0E-20","false","interacts with","Solyc06g049040.3 (interacts with) Solyc09g074640.3"
"interacts with","0.546471","Solyc06g061030.3 (interacts with) Solyc06g062670.3","1.0E-15","false","interacts with","Solyc06g061030.3 (interacts with) Solyc06g062670.3"
"interacts with","0.711783","Solyc06g049040.3 (interacts with) Solyc10g078700.2","1.0E-20","false","interacts with","Solyc06g049040.3 (interacts with) Solyc10g078700.2"
"interacts with","0.568613","Solyc06g061030.3 (interacts with) Solyc12g100140.2","1.0E-15","false","interacts with","Solyc06g061030.3 (interacts with) Solyc12g100140.2"
"interacts with","0.765527","Solyc06g049040.3 (interacts with) Solyc10g018780.2","1.0E-25","false","interacts with","Solyc06g049040.3 (interacts with) Solyc10g018780.2"
"interacts with","0.530084","Solyc06g061030.3 (interacts with) Solyc11g013150.1","1.0E-15","false","interacts with","Solyc06g061030.3 (interacts with) Solyc11g013150.1"
"interacts with","0.595302","Solyc06g049040.3 (interacts with) Solyc10g086640.2","1.0E-20","false","interacts with","Solyc06g049040.3 (interacts with) Solyc10g086640.2"
"interacts with","0.703648","Solyc06g061030.3 (interacts with) Solyc08g079100.3","1.0E-20","false","interacts with","Solyc06g061030.3 (interacts with) Solyc08g079100.3"
"interacts with","0.757513","Solyc06g049040.3 (interacts with) Solyc06g069430.3","1.0E-25","false","interacts with","Solyc06g049040.3 (interacts with) Solyc06g069430.3"
"interacts with","0.524974","Solyc06g061030.3 (interacts with) Solyc07g065500.2","1.0E-15","false","interacts with","Solyc06g061030.3 (interacts with) Solyc07g065500.2"
"interacts with","0.690995","Solyc06g049040.3 (interacts with) Solyc08g006530.3","1.0E-20","false","interacts with","Solyc06g049040.3 (interacts with) Solyc08g006530.3"
"interacts with","0.556433","Solyc06g061030.3 (interacts with) Solyc11g072600.2","1.0E-15","false","interacts with","Solyc06g061030.3 (interacts with) Solyc11g072600.2"
"interacts with","0.561489","Solyc06g061030.3 (interacts with) Solyc06g076820.1","1.0E-15","false","interacts with","Solyc06g061030.3 (interacts with) Solyc06g076820.1"
"interacts with","0.726385","Solyc06g049040.3 (interacts with) Solyc10g079070.2","1.0E-25","false","interacts with","Solyc06g049040.3 (interacts with) Solyc10g079070.2"
"interacts with","0.733424","Solyc06g049040.3 (interacts with) Solyc06g050520.2","1.0E-25","false","interacts with","Solyc06g049040.3 (interacts with) Solyc06g050520.2"
"interacts with","0.573957","Solyc06g061030.3 (interacts with) Solyc06g065040.3","1.0E-20","false","interacts with","Solyc06g061030.3 (interacts with) Solyc06g065040.3"
"interacts with","0.636433","Solyc06g049040.3 (interacts with) Solyc06g065040.3","1.0E-20","false","interacts with","Solyc06g049040.3 (interacts with) Solyc06g065040.3"
"interacts with","0.492676","Solyc06g061030.3 (interacts with) Solyc12g014610.2","1.0E-15","false","interacts with","Solyc06g061030.3 (interacts with) Solyc12g014610.2"
"interacts with","0.479715","Solyc06g049040.3 (interacts with) Solyc12g056860.2","1.0E-15","false","interacts with","Solyc06g049040.3 (interacts with) Solyc12g056860.2"
"interacts with","0.728936","Solyc06g049040.3 (interacts with) Solyc07g052960.2","1.0E-25","false","interacts with","Solyc06g049040.3 (interacts with) Solyc07g052960.2"
"interacts with","0.632916","Solyc06g049040.3 (interacts with) Solyc08g068320.3","1.0E-20","false","interacts with","Solyc06g049040.3 (interacts with) Solyc08g068320.3"
"interacts with","0.512661","Solyc06g061030.3 (interacts with) Solyc11g010710.2","1.0E-15","false","interacts with","Solyc06g061030.3 (interacts with) Solyc11g010710.2"
"interacts with","0.623339","Solyc06g061030.3 (interacts with) Solyc07g043580.3","1.0E-20","false","interacts with","Solyc06g061030.3 (interacts with) Solyc07g043580.3"
"interacts with","0.728452","Solyc06g049040.3 (interacts with) Solyc09g007260.3","1.0E-25","false","interacts with","Solyc06g049040.3 (interacts with) Solyc09g007260.3"
"interacts with","0.427079","Solyc06g061030.3 (interacts with) Solyc12g098620.2","1.0E-10","false","interacts with","Solyc06g061030.3 (interacts with) Solyc12g098620.2"
"interacts with","0.626186","Solyc06g049040.3 (interacts with) Solyc07g041640.3","1.0E-20","false","interacts with","Solyc06g049040.3 (interacts with) Solyc07g041640.3"
"interacts with","0.554963","Solyc01g108940.2 (interacts with) Solyc06g061030.3","1.0E-15","false","interacts with","Solyc01g108940.2 (interacts with) Solyc06g061030.3"
"interacts with","0.542567","Solyc01g108940.2 (interacts with) Solyc10g084180.2","1.0E-15","false","interacts with","Solyc01g108940.2 (interacts with) Solyc10g084180.2"
"interacts with","0.522505","Solyc06g049040.3 (interacts with) Solyc11g010710.2","1.0E-15","false","interacts with","Solyc06g049040.3 (interacts with) Solyc11g010710.2"
"interacts with","0.606106","Solyc01g108940.2 (interacts with) Solyc02g085340.1","1.0E-20","false","interacts with","Solyc01g108940.2 (interacts with) Solyc02g085340.1"
"interacts with","0.736838","Solyc06g049040.3 (interacts with) Solyc08g079100.3","1.0E-25","false","interacts with","Solyc06g049040.3 (interacts with) Solyc08g079100.3"
"interacts with","0.731332","Solyc06g049040.3 (interacts with) Solyc10g006880.3","1.0E-25","false","interacts with","Solyc06g049040.3 (interacts with) Solyc10g006880.3"
"interacts with","0.627829","Solyc01g108940.2 (interacts with) Solyc06g036170.1","1.0E-20","false","interacts with","Solyc01g108940.2 (interacts with) Solyc06g036170.1"
"interacts with","0.587585","Solyc06g049040.3 (interacts with) Solyc06g083900.3","1.0E-20","false","interacts with","Solyc06g049040.3 (interacts with) Solyc06g083900.3"
"interacts with","0.296556","Solyc01g108940.2 (interacts with) Solyc10g008160.3","1.0E-10","false","interacts with","Solyc01g108940.2 (interacts with) Solyc10g008160.3"
"interacts with","0.583607","Solyc01g108940.2 (interacts with) Solyc02g024070.3","1.0E-20","false","interacts with","Solyc01g108940.2 (interacts with) Solyc02g024070.3"
"interacts with","0.322003","Solyc06g049040.3 (interacts with) Solyc10g079150.2","1.0E-10","false","interacts with","Solyc06g049040.3 (interacts with) Solyc10g079150.2"
"interacts with","0.563582","Solyc01g108940.2 (interacts with) Solyc02g021680.3","1.0E-15","false","interacts with","Solyc01g108940.2 (interacts with) Solyc02g021680.3"
"interacts with","0.666693","Solyc06g049040.3 (interacts with) Solyc06g076270.3","1.0E-20","false","interacts with","Solyc06g049040.3 (interacts with) Solyc06g076270.3"
"interacts with","0.58834","Solyc01g108940.2 (interacts with) Solyc08g006260.2","1.0E-20","false","interacts with","Solyc01g108940.2 (interacts with) Solyc08g006260.2"
"interacts with","0.658884","Solyc06g049040.3 (interacts with) Solyc08g006260.2","1.0E-20","false","interacts with","Solyc06g049040.3 (interacts with) Solyc08g006260.2"
"interacts with","0.503613","Solyc01g108940.2 (interacts with) Solyc11g072600.2","1.0E-15","false","interacts with","Solyc01g108940.2 (interacts with) Solyc11g072600.2"
"interacts with","0.634627","Solyc06g049040.3 (interacts with) Solyc11g044320.2","1.0E-20","false","interacts with","Solyc06g049040.3 (interacts with) Solyc11g044320.2"
"interacts with","0.507308","Solyc06g049040.3 (interacts with) Solyc08g065420.3","1.0E-15","false","interacts with","Solyc06g049040.3 (interacts with) Solyc08g065420.3"
"interacts with","0.484766","Solyc01g108940.2 (interacts with) Solyc11g010710.2","1.0E-15","false","interacts with","Solyc01g108940.2 (interacts with) Solyc11g010710.2"
"interacts with","0.756056","Solyc06g049040.3 (interacts with) Solyc06g061030.3","1.0E-25","false","interacts with","Solyc06g049040.3 (interacts with) Solyc06g061030.3"
"interacts with","0.551023","Solyc01g108940.2 (interacts with) Solyc07g043580.3","1.0E-15","false","interacts with","Solyc01g108940.2 (interacts with) Solyc07g043580.3"
"interacts with","0.588179","Solyc06g049040.3 (interacts with) Solyc06g076820.1","1.0E-20","false","interacts with","Solyc06g049040.3 (interacts with) Solyc06g076820.1"
"interacts with","0.567487","Solyc01g108940.2 (interacts with) Solyc12g089240.2","1.0E-15","false","interacts with","Solyc01g108940.2 (interacts with) Solyc12g089240.2"
"interacts with","0.543964","Solyc01g108940.2 (interacts with) Solyc10g084340.2","1.0E-15","false","interacts with","Solyc01g108940.2 (interacts with) Solyc10g084340.2"
"interacts with","0.589678","Solyc01g108940.2 (interacts with) Solyc02g087840.3","1.0E-20","false","interacts with","Solyc01g108940.2 (interacts with) Solyc02g087840.3"
"interacts with","0.577409","Solyc01g108940.2 (interacts with) Solyc06g082300.3","1.0E-20","false","interacts with","Solyc01g108940.2 (interacts with) Solyc06g082300.3"
"interacts with","0.528393","Solyc01g108940.2 (interacts with) Solyc05g053240.3","1.0E-15","false","interacts with","Solyc01g108940.2 (interacts with) Solyc05g053240.3"
"interacts with","0.613646","Solyc01g108940.2 (interacts with) Solyc02g093150.3","1.0E-20","false","interacts with","Solyc01g108940.2 (interacts with) Solyc02g093150.3"
"interacts with","0.581363","Solyc01g108940.2 (interacts with) Solyc05g051460.3","1.0E-20","false","interacts with","Solyc01g108940.2 (interacts with) Solyc05g051460.3"
"interacts with","0.522477","Solyc06g062460.3 (interacts with) Solyc11g010340.2","1.0E-15","false","interacts with","Solyc06g062460.3 (interacts with) Solyc11g010340.2"
"interacts with","0.274917","Solyc06g062460.3 (interacts with) Solyc10g007970.2","1.0E-5","false","interacts with","Solyc06g062460.3 (interacts with) Solyc10g007970.2"
"interacts with","0.587972","Solyc01g108940.2 (interacts with) Solyc10g079070.2","1.0E-20","false","interacts with","Solyc01g108940.2 (interacts with) Solyc10g079070.2"
"interacts with","0.543269","Solyc06g062460.3 (interacts with) Solyc10g084340.2","1.0E-15","false","interacts with","Solyc06g062460.3 (interacts with) Solyc10g084340.2"
"interacts with","0.592997","Solyc01g108940.2 (interacts with) Solyc02g090820.3","1.0E-20","false","interacts with","Solyc01g108940.2 (interacts with) Solyc02g090820.3"
"interacts with","0.536008","Solyc06g062460.3 (interacts with) Solyc11g005380.2","1.0E-15","false","interacts with","Solyc06g062460.3 (interacts with) Solyc11g005380.2"
"interacts with","0.542875","Solyc01g108940.2 (interacts with) Solyc07g018010.3","1.0E-15","false","interacts with","Solyc01g108940.2 (interacts with) Solyc07g018010.3"
"interacts with","0.538488","Solyc06g062460.3 (interacts with) Solyc10g005330.3","1.0E-15","false","interacts with","Solyc06g062460.3 (interacts with) Solyc10g005330.3"
"interacts with","0.581808","Solyc01g108940.2 (interacts with) Solyc03g120890.3","1.0E-20","false","interacts with","Solyc01g108940.2 (interacts with) Solyc03g120890.3"
"interacts with","0.66401","Solyc01g108940.2 (interacts with) Solyc02g065350.3","1.0E-20","false","interacts with","Solyc01g108940.2 (interacts with) Solyc02g065350.3"
"interacts with","0.527356","Solyc06g062460.3 (interacts with) Solyc09g007260.3","1.0E-15","false","interacts with","Solyc06g062460.3 (interacts with) Solyc09g007260.3"
"interacts with","0.614596","Solyc01g108940.2 (interacts with) Solyc06g065440.1","1.0E-20","false","interacts with","Solyc01g108940.2 (interacts with) Solyc06g065440.1"
"interacts with","0.543393","Solyc08g079100.3 (interacts with) Solyc10g080540.2","1.0E-15","false","interacts with","Solyc08g079100.3 (interacts with) Solyc10g080540.2"
"interacts with","0.598469","Solyc08g079100.3 (interacts with) Solyc12g014140.2","1.0E-20","false","interacts with","Solyc08g079100.3 (interacts with) Solyc12g014140.2"
"interacts with","0.538084","Solyc06g062460.3 (interacts with) Solyc06g063070.3","1.0E-15","false","interacts with","Solyc06g062460.3 (interacts with) Solyc06g063070.3"
"interacts with","0.312008","Solyc01g108940.2 (interacts with) Solyc05g005240.2","1.0E-10","false","interacts with","Solyc01g108940.2 (interacts with) Solyc05g005240.2"
"interacts with","0.293348","Solyc08g079100.3 (interacts with) Solyc10g008160.3","1.0E-10","false","interacts with","Solyc08g079100.3 (interacts with) Solyc10g008160.3"
"interacts with","0.567454","Solyc06g062460.3 (interacts with) Solyc06g069430.3","1.0E-15","false","interacts with","Solyc06g062460.3 (interacts with) Solyc06g069430.3"
"interacts with","0.583534","Solyc01g108940.2 (interacts with) Solyc06g069430.3","1.0E-20","false","interacts with","Solyc01g108940.2 (interacts with) Solyc06g069430.3"
"interacts with","0.534151","Solyc06g062460.3 (interacts with) Solyc08g066500.3","1.0E-15","false","interacts with","Solyc06g062460.3 (interacts with) Solyc08g066500.3"
"interacts with","0.59041","Solyc01g108940.2 (interacts with) Solyc08g005430.3","1.0E-20","false","interacts with","Solyc01g108940.2 (interacts with) Solyc08g005430.3"
"interacts with","0.686845","Solyc08g079100.3 (interacts with) Solyc10g018780.2","1.0E-20","false","interacts with","Solyc08g079100.3 (interacts with) Solyc10g018780.2"
"interacts with","0.528657","Solyc08g079100.3 (interacts with) Solyc11g072600.2","1.0E-15","false","interacts with","Solyc08g079100.3 (interacts with) Solyc11g072600.2"
"interacts with","0.571912","Solyc06g062460.3 (interacts with) Solyc09g065670.3","1.0E-20","false","interacts with","Solyc06g062460.3 (interacts with) Solyc09g065670.3"
"interacts with","0.54809","Solyc08g079100.3 (interacts with) Solyc10g086640.2","1.0E-15","false","interacts with","Solyc08g079100.3 (interacts with) Solyc10g086640.2"
"interacts with","0.695992","Solyc08g079100.3 (interacts with) Solyc10g006880.3","1.0E-20","false","interacts with","Solyc08g079100.3 (interacts with) Solyc10g006880.3"
"interacts with","0.537189","Solyc06g062460.3 (interacts with) Solyc07g063970.3","1.0E-15","false","interacts with","Solyc06g062460.3 (interacts with) Solyc07g063970.3"
"interacts with","0.516997","Solyc08g079100.3 (interacts with) Solyc11g013150.1","1.0E-15","false","interacts with","Solyc08g079100.3 (interacts with) Solyc11g013150.1"
"interacts with","0.560591","Solyc06g062460.3 (interacts with) Solyc10g079070.2","1.0E-15","false","interacts with","Solyc06g062460.3 (interacts with) Solyc10g079070.2"
"interacts with","0.543035","Solyc01g108940.2 (interacts with) Solyc03g114720.3","1.0E-15","false","interacts with","Solyc01g108940.2 (interacts with) Solyc03g114720.3"
"interacts with","0.300856","Solyc08g079100.3 (interacts with) Solyc12g006120.2","1.0E-10","false","interacts with","Solyc08g079100.3 (interacts with) Solyc12g006120.2"
"interacts with","0.482402","Solyc06g062460.3 (interacts with) Solyc08g065420.3","1.0E-15","false","interacts with","Solyc06g062460.3 (interacts with) Solyc08g065420.3"
"interacts with","0.530691","Solyc01g108940.2 (interacts with) Solyc11g069890.2","1.0E-15","false","interacts with","Solyc01g108940.2 (interacts with) Solyc11g069890.2"
"interacts with","0.434295","Solyc08g079100.3 (interacts with) Solyc12g098620.2","1.0E-15","false","interacts with","Solyc08g079100.3 (interacts with) Solyc12g098620.2"
"interacts with","0.698207","Solyc08g079100.3 (interacts with) Solyc09g007260.3","1.0E-20","false","interacts with","Solyc08g079100.3 (interacts with) Solyc09g007260.3"
"interacts with","0.562594","Solyc01g108940.2 (interacts with) Solyc08g078300.3","1.0E-15","false","interacts with","Solyc01g108940.2 (interacts with) Solyc08g078300.3"
"interacts with","0.638974","Solyc08g079100.3 (interacts with) Solyc12g098370.2","1.0E-20","false","interacts with","Solyc08g079100.3 (interacts with) Solyc12g098370.2"
"interacts with","0.551115","Solyc01g108940.2 (interacts with) Solyc08g014030.1","1.0E-15","false","interacts with","Solyc01g108940.2 (interacts with) Solyc08g014030.1"
"interacts with","0.546779","Solyc01g108940.2 (interacts with) Solyc11g011890.2","1.0E-15","false","interacts with","Solyc01g108940.2 (interacts with) Solyc11g011890.2"
"interacts with","0.561678","Solyc01g108940.2 (interacts with) Solyc06g062670.3","1.0E-15","false","interacts with","Solyc01g108940.2 (interacts with) Solyc06g062670.3"
"interacts with","0.632563","Solyc01g108940.2 (interacts with) Solyc12g100140.2","1.0E-20","false","interacts with","Solyc01g108940.2 (interacts with) Solyc12g100140.2"
"interacts with","0.473491","Solyc01g102340.3 (interacts with) Solyc02g092070.3","1.0E-15","false","interacts with","Solyc01g102340.3 (interacts with) Solyc02g092070.3"
"interacts with","0.599898","Solyc01g102340.3 (interacts with) Solyc02g021680.3","1.0E-20","false","interacts with","Solyc01g102340.3 (interacts with) Solyc02g021680.3"
"interacts with","0.570723","Solyc01g102340.3 (interacts with) Solyc10g006880.3","1.0E-15","false","interacts with","Solyc01g102340.3 (interacts with) Solyc10g006880.3"
"interacts with","0.61452","Solyc01g102340.3 (interacts with) Solyc02g067340.3","1.0E-20","false","interacts with","Solyc01g102340.3 (interacts with) Solyc02g067340.3"
"interacts with","0.579451","Solyc01g102340.3 (interacts with) Solyc11g017470.2","1.0E-20","false","interacts with","Solyc01g102340.3 (interacts with) Solyc11g017470.2"
"interacts with","0.587273","Solyc01g102340.3 (interacts with) Solyc01g104650.3","1.0E-20","false","interacts with","Solyc01g102340.3 (interacts with) Solyc01g104650.3"
"interacts with","0.561184","Solyc01g102340.3 (interacts with) Solyc10g084180.2","1.0E-15","false","interacts with","Solyc01g102340.3 (interacts with) Solyc10g084180.2"
"interacts with","0.517248","Solyc01g102340.3 (interacts with) Solyc06g065190.1","1.0E-15","false","interacts with","Solyc01g102340.3 (interacts with) Solyc06g065190.1"
"interacts with","0.530721","Solyc01g102340.3 (interacts with) Solyc02g078620.1","1.0E-15","false","interacts with","Solyc01g102340.3 (interacts with) Solyc02g078620.1"
"interacts with","0.685206","Solyc06g073980.3 (interacts with) Solyc06g083170.3","1.0E-20","false","interacts with","Solyc06g073980.3 (interacts with) Solyc06g083170.3"
"interacts with","0.651682","Solyc01g102340.3 (interacts with) Solyc06g076820.1","1.0E-20","false","interacts with","Solyc01g102340.3 (interacts with) Solyc06g076820.1"
"interacts with","0.685803","Solyc06g073980.3 (interacts with) Solyc09g007260.3","1.0E-20","false","interacts with","Solyc06g073980.3 (interacts with) Solyc09g007260.3"
"interacts with","0.542078","Solyc01g102340.3 (interacts with) Solyc04g014830.2","1.0E-15","false","interacts with","Solyc01g102340.3 (interacts with) Solyc04g014830.2"
"interacts with","0.618779","Solyc01g102340.3 (interacts with) Solyc03g093610.1","1.0E-20","false","interacts with","Solyc01g102340.3 (interacts with) Solyc03g093610.1"
"interacts with","0.495758","Solyc01g096470.3 (interacts with) Solyc11g069890.2","1.0E-15","false","interacts with","Solyc01g096470.3 (interacts with) Solyc11g069890.2"
"interacts with","0.543117","Solyc01g102340.3 (interacts with) Solyc07g005400.3","1.0E-15","false","interacts with","Solyc01g102340.3 (interacts with) Solyc07g005400.3"
"interacts with","0.607091","Solyc06g073980.3 (interacts with) Solyc07g041640.3","1.0E-20","false","interacts with","Solyc06g073980.3 (interacts with) Solyc07g041640.3"
"interacts with","0.640254","Solyc01g102340.3 (interacts with) Solyc05g053240.3","1.0E-20","false","interacts with","Solyc01g102340.3 (interacts with) Solyc05g053240.3"
"interacts with","0.688259","Solyc06g073980.3 (interacts with) Solyc08g068320.3","1.0E-20","false","interacts with","Solyc06g073980.3 (interacts with) Solyc08g068320.3"
"interacts with","0.415594","Solyc01g096470.3 (interacts with) Solyc12g098620.2","1.0E-10","false","interacts with","Solyc01g096470.3 (interacts with) Solyc12g098620.2"
"interacts with","0.515169","Solyc01g096470.3 (interacts with) Solyc06g062670.3","1.0E-15","false","interacts with","Solyc01g096470.3 (interacts with) Solyc06g062670.3"
"interacts with","0.607183","Solyc01g096470.3 (interacts with) Solyc11g069190.2","1.0E-20","false","interacts with","Solyc01g096470.3 (interacts with) Solyc11g069190.2"
"interacts with","0.562988","Solyc01g102340.3 (interacts with) Solyc07g052960.2","1.0E-15","false","interacts with","Solyc01g102340.3 (interacts with) Solyc07g052960.2"
"interacts with","0.202801","Solyc06g073980.3 (interacts with) Solyc08g008600.3","1.0E-5","false","interacts with","Solyc06g073980.3 (interacts with) Solyc08g008600.3"
"interacts with","0.553284","Solyc01g096470.3 (interacts with) Solyc11g011890.2","1.0E-15","false","interacts with","Solyc01g096470.3 (interacts with) Solyc11g011890.2"
"interacts with","0.585978","Solyc01g102340.3 (interacts with) Solyc07g043580.3","1.0E-20","false","interacts with","Solyc01g102340.3 (interacts with) Solyc07g043580.3"
"interacts with","0.700881","Solyc06g073980.3 (interacts with) Solyc11g069190.2","1.0E-20","false","interacts with","Solyc06g073980.3 (interacts with) Solyc11g069190.2"
"interacts with","0.510602","Solyc01g096470.3 (interacts with) Solyc12g100140.2","1.0E-15","false","interacts with","Solyc01g096470.3 (interacts with) Solyc12g100140.2"
"interacts with","0.56285","Solyc06g073980.3 (interacts with) Solyc07g005400.3","1.0E-15","false","interacts with","Solyc06g073980.3 (interacts with) Solyc07g005400.3"
"interacts with","0.479338","Solyc01g096470.3 (interacts with) Solyc03g119540.3","1.0E-15","false","interacts with","Solyc01g096470.3 (interacts with) Solyc03g119540.3"
"interacts with","0.623567","Solyc01g102340.3 (interacts with) Solyc06g068390.1","1.0E-20","false","interacts with","Solyc01g102340.3 (interacts with) Solyc06g068390.1"
"interacts with","0.427391","Solyc06g073980.3 (interacts with) Solyc08g006490.2","1.0E-10","false","interacts with","Solyc06g073980.3 (interacts with) Solyc08g006490.2"
"interacts with","0.523445","Solyc01g096470.3 (interacts with) Solyc02g090820.3","1.0E-15","false","interacts with","Solyc01g096470.3 (interacts with) Solyc02g090820.3"
"interacts with","0.581389","Solyc01g102340.3 (interacts with) Solyc10g018780.2","1.0E-20","false","interacts with","Solyc01g102340.3 (interacts with) Solyc10g018780.2"
"interacts with","0.141181","Solyc06g073980.3 (interacts with) Solyc07g062200.2","0.1","false","interacts with","Solyc06g073980.3 (interacts with) Solyc07g062200.2"
"interacts with","0.563853","Solyc01g102340.3 (interacts with) Solyc03g044300.3","1.0E-15","false","interacts with","Solyc01g102340.3 (interacts with) Solyc03g044300.3"
"interacts with","0.477112","Solyc06g073980.3 (interacts with) Solyc11g011260.1","1.0E-15","false","interacts with","Solyc06g073980.3 (interacts with) Solyc11g011260.1"
"interacts with","0.56228","Solyc01g096470.3 (interacts with) Solyc01g108940.2","1.0E-15","false","interacts with","Solyc01g096470.3 (interacts with) Solyc01g108940.2"
"interacts with","0.566402","Solyc01g102340.3 (interacts with) Solyc08g066500.3","1.0E-15","false","interacts with","Solyc01g102340.3 (interacts with) Solyc08g066500.3"
"interacts with","0.287215","Solyc01g096470.3 (interacts with) Solyc05g053330.3","1.0E-5","false","interacts with","Solyc01g096470.3 (interacts with) Solyc05g053330.3"
"interacts with","0.662079","Solyc06g073980.3 (interacts with) Solyc09g010840.1","1.0E-20","false","interacts with","Solyc06g073980.3 (interacts with) Solyc09g010840.1"
"interacts with","0.560849","Solyc01g096470.3 (interacts with) Solyc03g120890.3","1.0E-15","false","interacts with","Solyc01g096470.3 (interacts with) Solyc03g120890.3"
"interacts with","0.611811","Solyc01g102340.3 (interacts with) Solyc06g048630.3","1.0E-20","false","interacts with","Solyc01g102340.3 (interacts with) Solyc06g048630.3"
"interacts with","0.591631","Solyc06g073980.3 (interacts with) Solyc10g086640.2","1.0E-20","false","interacts with","Solyc06g073980.3 (interacts with) Solyc10g086640.2"
"interacts with","0.480599","Solyc01g096470.3 (interacts with) Solyc07g065500.2","1.0E-15","false","interacts with","Solyc01g096470.3 (interacts with) Solyc07g065500.2"
"interacts with","0.53666","Solyc01g102340.3 (interacts with) Solyc01g108940.2","1.0E-15","false","interacts with","Solyc01g102340.3 (interacts with) Solyc01g108940.2"
"interacts with","0.759791","Solyc06g073980.3 (interacts with) Solyc10g006880.3","1.0E-25","false","interacts with","Solyc06g073980.3 (interacts with) Solyc10g006880.3"
"interacts with","0.517475","Solyc01g096470.3 (interacts with) Solyc06g065440.1","1.0E-15","false","interacts with","Solyc01g096470.3 (interacts with) Solyc06g065440.1"
"interacts with","0.547115","Solyc01g102340.3 (interacts with) Solyc07g018010.3","1.0E-15","false","interacts with","Solyc01g102340.3 (interacts with) Solyc07g018010.3"
"interacts with","0.676682","Solyc06g073980.3 (interacts with) Solyc08g006260.2","1.0E-20","false","interacts with","Solyc06g073980.3 (interacts with) Solyc08g006260.2"
"interacts with","0.263964","Solyc01g096470.3 (interacts with) Solyc11g064800.2","1.0E-5","false","interacts with","Solyc01g096470.3 (interacts with) Solyc11g064800.2"
"interacts with","0.617613","Solyc06g073980.3 (interacts with) Solyc11g044320.2","1.0E-20","false","interacts with","Solyc06g073980.3 (interacts with) Solyc11g044320.2"
"interacts with","0.535442","Solyc01g096470.3 (interacts with) Solyc01g107170.2","1.0E-15","false","interacts with","Solyc01g096470.3 (interacts with) Solyc01g107170.2"
"interacts with","0.590934","Solyc01g102340.3 (interacts with) Solyc02g084630.3","1.0E-20","false","interacts with","Solyc01g102340.3 (interacts with) Solyc02g084630.3"
"interacts with","0.460943","Solyc01g096470.3 (interacts with) Solyc11g072600.2","1.0E-15","false","interacts with","Solyc01g096470.3 (interacts with) Solyc11g072600.2"
"interacts with","0.513268","Solyc01g102340.3 (interacts with) Solyc08g078300.3","1.0E-15","false","interacts with","Solyc01g102340.3 (interacts with) Solyc08g078300.3"
"interacts with","0.673323","Solyc06g073980.3 (interacts with) Solyc09g065670.3","1.0E-20","false","interacts with","Solyc06g073980.3 (interacts with) Solyc09g065670.3"
"interacts with","0.670069","Solyc08g061140.3 (interacts with) Solyc12g013620.2","1.0E-20","false","interacts with","Solyc08g061140.3 (interacts with) Solyc12g013620.2"
"interacts with","0.514261","Solyc01g102340.3 (interacts with) Solyc11g011890.2","1.0E-15","false","interacts with","Solyc01g102340.3 (interacts with) Solyc11g011890.2"
"interacts with","0.651971","Solyc06g073980.3 (interacts with) Solyc08g079100.3","1.0E-20","false","interacts with","Solyc06g073980.3 (interacts with) Solyc08g079100.3"
"interacts with","0.607164","Solyc08g061140.3 (interacts with) Solyc11g017470.2","1.0E-20","false","interacts with","Solyc08g061140.3 (interacts with) Solyc11g017470.2"
"interacts with","0.78949","Solyc06g073980.3 (interacts with) Solyc10g018780.2","1.0E-25","false","interacts with","Solyc06g073980.3 (interacts with) Solyc10g018780.2"
"interacts with","0.263714","Solyc08g061140.3 (interacts with) Solyc10g007970.2","1.0E-5","false","interacts with","Solyc08g061140.3 (interacts with) Solyc10g007970.2"
"interacts with","0.553793","Solyc01g102340.3 (interacts with) Solyc03g114850.3","1.0E-15","false","interacts with","Solyc01g102340.3 (interacts with) Solyc03g114850.3"
"interacts with","0.357998","Solyc08g061140.3 (interacts with) Solyc11g065840.2","1.0E-10","false","interacts with","Solyc08g061140.3 (interacts with) Solyc11g065840.2"
"interacts with","0.251722","Solyc01g102340.3 (interacts with) Solyc03g095980.3","1.0E-5","false","interacts with","Solyc01g102340.3 (interacts with) Solyc03g095980.3"
"interacts with","0.203433","Solyc05g010517.1 (interacts with) Solyc06g073720.2","1.0E-5","false","interacts with","Solyc05g010517.1 (interacts with) Solyc06g073720.2"
"interacts with","0.520018","Solyc01g100460.3 (interacts with) Solyc12g098370.2","1.0E-15","false","interacts with","Solyc01g100460.3 (interacts with) Solyc12g098370.2"
"interacts with","0.512411","Solyc01g102340.3 (interacts with) Solyc06g051840.1","1.0E-15","false","interacts with","Solyc01g102340.3 (interacts with) Solyc06g051840.1"
"interacts with","0.191586","Solyc05g010517.1 (interacts with) Solyc11g068950.2","1.0E-5","false","interacts with","Solyc05g010517.1 (interacts with) Solyc11g068950.2"
"interacts with","0.540034","Solyc01g100460.3 (interacts with) Solyc05g012020.3","1.0E-15","false","interacts with","Solyc01g100460.3 (interacts with) Solyc05g012020.3"
"interacts with","0.584595","Solyc01g102340.3 (interacts with) Solyc05g056120.3","1.0E-20","false","interacts with","Solyc01g102340.3 (interacts with) Solyc05g056120.3"
"interacts with","0.144202","Solyc01g100460.3 (interacts with) Solyc04g056460.1","0.1","false","interacts with","Solyc01g100460.3 (interacts with) Solyc04g056460.1"
"interacts with","0.654676","Solyc01g102340.3 (interacts with) Solyc03g114720.3","1.0E-20","false","interacts with","Solyc01g102340.3 (interacts with) Solyc03g114720.3"
"interacts with","0.201182","Solyc05g010517.1 (interacts with) Solyc09g009100.3","1.0E-5","false","interacts with","Solyc05g010517.1 (interacts with) Solyc09g009100.3"
"interacts with","0.565706","Solyc01g100460.3 (interacts with) Solyc06g065040.3","1.0E-15","false","interacts with","Solyc01g100460.3 (interacts with) Solyc06g065040.3"
"interacts with","0.13952","Solyc05g010517.1 (interacts with) Solyc08g081630.2","0.1","false","interacts with","Solyc05g010517.1 (interacts with) Solyc08g081630.2"
"interacts with","0.549982","Solyc01g100460.3 (interacts with) Solyc11g069190.2","1.0E-15","false","interacts with","Solyc01g100460.3 (interacts with) Solyc11g069190.2"
"interacts with","0.487838","Solyc01g102340.3 (interacts with) Solyc11g069890.2","1.0E-15","false","interacts with","Solyc01g102340.3 (interacts with) Solyc11g069890.2"
"interacts with","0.545725","Solyc01g100460.3 (interacts with) Solyc05g007180.3","1.0E-15","false","interacts with","Solyc01g100460.3 (interacts with) Solyc05g007180.3"
"interacts with","0.551923","Solyc01g100460.3 (interacts with) Solyc06g049040.3","1.0E-15","false","interacts with","Solyc01g100460.3 (interacts with) Solyc06g049040.3"
"interacts with","0.530208","Solyc01g100460.3 (interacts with) Solyc03g112390.3","1.0E-15","false","interacts with","Solyc01g100460.3 (interacts with) Solyc03g112390.3"
"interacts with","0.620903","Solyc06g065440.1 (interacts with) Solyc08g006530.3","1.0E-20","false","interacts with","Solyc06g065440.1 (interacts with) Solyc08g006530.3"
"interacts with","0.572175","Solyc01g100460.3 (interacts with) Solyc09g007260.3","1.0E-20","false","interacts with","Solyc01g100460.3 (interacts with) Solyc09g007260.3"
"interacts with","0.529232","Solyc01g100460.3 (interacts with) Solyc08g063040.3","1.0E-15","false","interacts with","Solyc01g100460.3 (interacts with) Solyc08g063040.3"
"interacts with","0.526262","Solyc06g065440.1 (interacts with) Solyc06g076820.1","1.0E-15","false","interacts with","Solyc06g065440.1 (interacts with) Solyc06g076820.1"
"interacts with","0.54501","Solyc01g100460.3 (interacts with) Solyc07g041640.3","1.0E-15","false","interacts with","Solyc01g100460.3 (interacts with) Solyc07g041640.3"
"interacts with","0.575161","Solyc06g065440.1 (interacts with) Solyc10g079050.2","1.0E-20","false","interacts with","Solyc06g065440.1 (interacts with) Solyc10g079050.2"
"interacts with","0.532958","Solyc01g100460.3 (interacts with) Solyc02g065350.3","1.0E-15","false","interacts with","Solyc01g100460.3 (interacts with) Solyc02g065350.3"
"interacts with","0.57868","Solyc06g065440.1 (interacts with) Solyc10g018780.2","1.0E-20","false","interacts with","Solyc06g065440.1 (interacts with) Solyc10g018780.2"
"interacts with","0.548634","Solyc01g100460.3 (interacts with) Solyc09g065670.3","1.0E-15","false","interacts with","Solyc01g100460.3 (interacts with) Solyc09g065670.3"
"interacts with","0.546473","Solyc01g100460.3 (interacts with) Solyc10g079050.2","1.0E-15","false","interacts with","Solyc01g100460.3 (interacts with) Solyc10g079050.2"
"interacts with","0.513166","Solyc06g065440.1 (interacts with) Solyc08g029090.3","1.0E-15","false","interacts with","Solyc06g065440.1 (interacts with) Solyc08g029090.3"
"interacts with","0.549189","Solyc01g100460.3 (interacts with) Solyc03g120890.3","1.0E-15","false","interacts with","Solyc01g100460.3 (interacts with) Solyc03g120890.3"
"interacts with","0.555081","Solyc06g065440.1 (interacts with) Solyc11g044320.2","1.0E-15","false","interacts with","Solyc06g065440.1 (interacts with) Solyc11g044320.2"
"interacts with","0.520648","Solyc01g100460.3 (interacts with) Solyc10g018780.2","1.0E-15","false","interacts with","Solyc01g100460.3 (interacts with) Solyc10g018780.2"
"interacts with","0.601291","Solyc06g065440.1 (interacts with) Solyc06g069430.3","1.0E-20","false","interacts with","Solyc06g065440.1 (interacts with) Solyc06g069430.3"
"interacts with","0.535611","Solyc01g100460.3 (interacts with) Solyc10g078700.2","1.0E-15","false","interacts with","Solyc01g100460.3 (interacts with) Solyc10g078700.2"
"interacts with","0.517892","Solyc01g100460.3 (interacts with) Solyc08g079100.3","1.0E-15","false","interacts with","Solyc01g100460.3 (interacts with) Solyc08g079100.3"
"interacts with","0.54275","Solyc01g100460.3 (interacts with) Solyc03g121840.3","1.0E-15","false","interacts with","Solyc01g100460.3 (interacts with) Solyc03g121840.3"
"interacts with","0.55654","Solyc06g065440.1 (interacts with) Solyc08g063040.3","1.0E-15","false","interacts with","Solyc06g065440.1 (interacts with) Solyc08g063040.3"
"interacts with","0.540206","Solyc01g100460.3 (interacts with) Solyc11g013480.2","1.0E-15","false","interacts with","Solyc01g100460.3 (interacts with) Solyc11g013480.2"
"interacts with","0.547531","Solyc06g065440.1 (interacts with) Solyc12g007070.2","1.0E-15","false","interacts with","Solyc06g065440.1 (interacts with) Solyc12g007070.2"
"interacts with","0.526574","Solyc01g100460.3 (interacts with) Solyc10g006880.3","1.0E-15","false","interacts with","Solyc01g100460.3 (interacts with) Solyc10g006880.3"
"interacts with","0.535114","Solyc01g100460.3 (interacts with) Solyc03g097120.3","1.0E-15","false","interacts with","Solyc01g100460.3 (interacts with) Solyc03g097120.3"
"interacts with","0.547095","Solyc06g065440.1 (interacts with) Solyc07g041640.3","1.0E-15","false","interacts with","Solyc06g065440.1 (interacts with) Solyc07g041640.3"
"interacts with","0.556449","Solyc01g100460.3 (interacts with) Solyc06g069430.3","1.0E-15","false","interacts with","Solyc01g100460.3 (interacts with) Solyc06g069430.3"
"interacts with","0.43195","Solyc02g081120.3 (interacts with) Solyc08g005430.3","1.0E-15","false","interacts with","Solyc02g081120.3 (interacts with) Solyc08g005430.3"
"interacts with","0.583202","Solyc06g065440.1 (interacts with) Solyc11g069890.2","1.0E-20","false","interacts with","Solyc06g065440.1 (interacts with) Solyc11g069890.2"
"interacts with","0.573495","Solyc01g100460.3 (interacts with) Solyc05g051460.3","1.0E-20","false","interacts with","Solyc01g100460.3 (interacts with) Solyc05g051460.3"
"interacts with","0.560951","Solyc06g065440.1 (interacts with) Solyc10g005330.3","1.0E-15","false","interacts with","Solyc06g065440.1 (interacts with) Solyc10g005330.3"
"interacts with","0.265216","Solyc01g100460.3 (interacts with) Solyc04g076527.1","1.0E-5","false","interacts with","Solyc01g100460.3 (interacts with) Solyc04g076527.1"
"interacts with","0.432588","Solyc02g081120.3 (interacts with) Solyc08g066500.3","1.0E-15","false","interacts with","Solyc02g081120.3 (interacts with) Solyc08g066500.3"
"interacts with","0.524114","Solyc01g100460.3 (interacts with) Solyc10g079070.2","1.0E-15","false","interacts with","Solyc01g100460.3 (interacts with) Solyc10g079070.2"
"interacts with","0.181473","Solyc02g081120.3 (interacts with) Solyc06g009710.3","1.0E-5","false","interacts with","Solyc02g081120.3 (interacts with) Solyc06g009710.3"
"interacts with","0.571721","Solyc06g065440.1 (interacts with) Solyc08g014030.1","1.0E-15","false","interacts with","Solyc06g065440.1 (interacts with) Solyc08g014030.1"
"interacts with","0.537775","Solyc01g100460.3 (interacts with) Solyc04g078640.2","1.0E-15","false","interacts with","Solyc01g100460.3 (interacts with) Solyc04g078640.2"
"interacts with","0.191594","Solyc02g081120.3 (interacts with) Solyc12g008670.2","1.0E-5","false","interacts with","Solyc02g081120.3 (interacts with) Solyc12g008670.2"
"interacts with","0.53065","Solyc01g100460.3 (interacts with) Solyc06g036170.1","1.0E-15","false","interacts with","Solyc01g100460.3 (interacts with) Solyc06g036170.1"
"interacts with","0.143966","Solyc02g081120.3 (interacts with) Solyc06g005090.3","0.1","false","interacts with","Solyc02g081120.3 (interacts with) Solyc06g005090.3"
"interacts with","0.500331","Solyc06g065440.1 (interacts with) Solyc12g014610.2","1.0E-15","false","interacts with","Solyc06g065440.1 (interacts with) Solyc12g014610.2"
"interacts with","0.155164","Solyc02g081120.3 (interacts with) Solyc04g056740.1","1.0E-5","false","interacts with","Solyc02g081120.3 (interacts with) Solyc04g056740.1"
"interacts with","0.621723","Solyc06g065440.1 (interacts with) Solyc12g100140.2","1.0E-20","false","interacts with","Solyc06g065440.1 (interacts with) Solyc12g100140.2"
"interacts with","0.462708","Solyc02g081120.3 (interacts with) Solyc02g090820.3","1.0E-15","false","interacts with","Solyc02g081120.3 (interacts with) Solyc02g090820.3"
"interacts with","0.520759","Solyc06g065440.1 (interacts with) Solyc06g069385.1","1.0E-15","false","interacts with","Solyc06g065440.1 (interacts with) Solyc06g069385.1"
"interacts with","0.566641","Solyc06g065440.1 (interacts with) Solyc11g069190.2","1.0E-15","false","interacts with","Solyc06g065440.1 (interacts with) Solyc11g069190.2"
"interacts with","0.232553","Solyc02g081120.3 (interacts with) Solyc04g054150.1","1.0E-5","false","interacts with","Solyc02g081120.3 (interacts with) Solyc04g054150.1"
"interacts with","0.514832","Solyc03g119540.3 (interacts with) Solyc04g009510.3","1.0E-15","false","interacts with","Solyc03g119540.3 (interacts with) Solyc04g009510.3"
"interacts with","0.50234","Solyc06g065440.1 (interacts with) Solyc11g011890.2","1.0E-15","false","interacts with","Solyc06g065440.1 (interacts with) Solyc11g011890.2"
"interacts with","0.461124","Solyc03g119540.3 (interacts with) Solyc12g044610.2","1.0E-15","false","interacts with","Solyc03g119540.3 (interacts with) Solyc12g044610.2"
"interacts with","0.430605","Solyc02g081120.3 (interacts with) Solyc03g121400.1","1.0E-10","false","interacts with","Solyc02g081120.3 (interacts with) Solyc03g121400.1"
"interacts with","0.47776","Solyc03g119540.3 (interacts with) Solyc08g082630.3","1.0E-15","false","interacts with","Solyc03g119540.3 (interacts with) Solyc08g082630.3"
"interacts with","0.505679","Solyc10g006880.3 (interacts with) Solyc11g011890.2","1.0E-15","false","interacts with","Solyc10g006880.3 (interacts with) Solyc11g011890.2"
"interacts with","0.448963","Solyc02g081120.3 (interacts with) Solyc08g006530.3","1.0E-15","false","interacts with","Solyc02g081120.3 (interacts with) Solyc08g006530.3"
"interacts with","0.489393","Solyc10g006880.3 (interacts with) Solyc12g056860.2","1.0E-15","false","interacts with","Solyc10g006880.3 (interacts with) Solyc12g056860.2"
"interacts with","0.371003","Solyc02g081120.3 (interacts with) Solyc10g054010.1","1.0E-10","false","interacts with","Solyc02g081120.3 (interacts with) Solyc10g054010.1"
"interacts with","0.62664","Solyc02g067320.2 (interacts with) Solyc09g007260.3","1.0E-20","false","interacts with","Solyc02g067320.2 (interacts with) Solyc09g007260.3"
"interacts with","0.675487","Solyc10g006880.3 (interacts with) Solyc11g069190.2","1.0E-20","false","interacts with","Solyc10g006880.3 (interacts with) Solyc11g069190.2"
"interacts with","0.204071","Solyc02g081120.3 (interacts with) Solyc03g098260.2","1.0E-5","false","interacts with","Solyc02g081120.3 (interacts with) Solyc03g098260.2"
"interacts with","0.522453","Solyc03g119540.3 (interacts with) Solyc08g078300.3","1.0E-15","false","interacts with","Solyc03g119540.3 (interacts with) Solyc08g078300.3"
"interacts with","0.457888","Solyc02g067320.2 (interacts with) Solyc08g080120.3","1.0E-15","false","interacts with","Solyc02g067320.2 (interacts with) Solyc08g080120.3"
"interacts with","0.502182","Solyc10g006880.3 (interacts with) Solyc12g099370.2","1.0E-15","false","interacts with","Solyc10g006880.3 (interacts with) Solyc12g099370.2"
"interacts with","0.293537","Solyc02g081120.3 (interacts with) Solyc10g083567.1","1.0E-10","false","interacts with","Solyc02g081120.3 (interacts with) Solyc10g083567.1"
"interacts with","0.468876","Solyc03g119540.3 (interacts with) Solyc12g008350.2","1.0E-15","false","interacts with","Solyc03g119540.3 (interacts with) Solyc12g008350.2"
"interacts with","0.453667","Solyc02g067320.2 (interacts with) Solyc12g098620.2","1.0E-15","false","interacts with","Solyc02g067320.2 (interacts with) Solyc12g098620.2"
"interacts with","0.422519","Solyc02g081120.3 (interacts with) Solyc04g077510.3","1.0E-10","false","interacts with","Solyc02g081120.3 (interacts with) Solyc04g077510.3"
"interacts with","0.502328","Solyc03g119540.3 (interacts with) Solyc07g043580.3","1.0E-15","false","interacts with","Solyc03g119540.3 (interacts with) Solyc07g043580.3"
"interacts with","0.614711","Solyc02g067320.2 (interacts with) Solyc07g041640.3","1.0E-20","false","interacts with","Solyc02g067320.2 (interacts with) Solyc07g041640.3"
"interacts with","0.559528","Solyc10g006880.3 (interacts with) Solyc11g069510.2","1.0E-15","false","interacts with","Solyc10g006880.3 (interacts with) Solyc11g069510.2"
"interacts with","0.265813","Solyc02g081120.3 (interacts with) Solyc10g007970.2","1.0E-5","false","interacts with","Solyc02g081120.3 (interacts with) Solyc10g007970.2"
"interacts with","0.529487","Solyc03g119540.3 (interacts with) Solyc04g014830.2","1.0E-15","false","interacts with","Solyc03g119540.3 (interacts with) Solyc04g014830.2"
"interacts with","0.628368","Solyc02g067320.2 (interacts with) Solyc05g012020.3","1.0E-20","false","interacts with","Solyc02g067320.2 (interacts with) Solyc05g012020.3"
"interacts with","0.691876","Solyc10g006880.3 (interacts with) Solyc12g098370.2","1.0E-20","false","interacts with","Solyc10g006880.3 (interacts with) Solyc12g098370.2"
"interacts with","0.404428","Solyc02g081120.3 (interacts with) Solyc03g116100.3","1.0E-10","false","interacts with","Solyc02g081120.3 (interacts with) Solyc03g116100.3"
"interacts with","0.562924","Solyc02g067320.2 (interacts with) Solyc02g087840.3","1.0E-15","false","interacts with","Solyc02g067320.2 (interacts with) Solyc02g087840.3"
"interacts with","0.666791","Solyc10g006880.3 (interacts with) Solyc10g084340.2","1.0E-20","false","interacts with","Solyc10g006880.3 (interacts with) Solyc10g084340.2"
"interacts with","0.593903","Solyc02g067320.2 (interacts with) Solyc05g007180.3","1.0E-20","false","interacts with","Solyc02g067320.2 (interacts with) Solyc05g007180.3"
"interacts with","0.58072","Solyc02g067320.2 (interacts with) Solyc11g069190.2","1.0E-20","false","interacts with","Solyc02g067320.2 (interacts with) Solyc11g069190.2"
"interacts with","0.593596","Solyc10g006880.3 (interacts with) Solyc12g007070.2","1.0E-20","false","interacts with","Solyc10g006880.3 (interacts with) Solyc12g007070.2"
"interacts with","0.468886","Solyc02g081120.3 (interacts with) Solyc11g005380.2","1.0E-15","false","interacts with","Solyc02g081120.3 (interacts with) Solyc11g005380.2"
"interacts with","0.513944","Solyc03g119540.3 (interacts with) Solyc07g052960.2","1.0E-15","false","interacts with","Solyc03g119540.3 (interacts with) Solyc07g052960.2"
"interacts with","0.552571","Solyc02g067320.2 (interacts with) Solyc06g082300.3","1.0E-15","false","interacts with","Solyc02g067320.2 (interacts with) Solyc06g082300.3"
"interacts with","0.451678","Solyc02g081120.3 (interacts with) Solyc11g069890.2","1.0E-15","false","interacts with","Solyc02g081120.3 (interacts with) Solyc11g069890.2"
"interacts with","0.572986","Solyc02g067320.2 (interacts with) Solyc11g017470.2","1.0E-20","false","interacts with","Solyc02g067320.2 (interacts with) Solyc11g017470.2"
"interacts with","0.436517","Solyc02g081120.3 (interacts with) Solyc12g089240.2","1.0E-15","false","interacts with","Solyc02g081120.3 (interacts with) Solyc12g089240.2"
"interacts with","0.450709","Solyc02g067320.2 (interacts with) Solyc03g006320.1","1.0E-15","false","interacts with","Solyc02g067320.2 (interacts with) Solyc03g006320.1"
"interacts with","0.445886","Solyc10g006880.3 (interacts with) Solyc12g099140.2","1.0E-15","false","interacts with","Solyc10g006880.3 (interacts with) Solyc12g099140.2"
"interacts with","0.579738","Solyc02g067320.2 (interacts with) Solyc06g036170.1","1.0E-20","false","interacts with","Solyc02g067320.2 (interacts with) Solyc06g036170.1"
"interacts with","0.367175","Solyc10g006880.3 (interacts with) Solyc12g005420.2","1.0E-10","false","interacts with","Solyc10g006880.3 (interacts with) Solyc12g005420.2"
"interacts with","0.195589","Solyc02g081120.3 (interacts with) Solyc06g005310.3","1.0E-5","false","interacts with","Solyc02g081120.3 (interacts with) Solyc06g005310.3"
"interacts with","0.582558","Solyc02g067320.2 (interacts with) Solyc04g078640.2","1.0E-20","false","interacts with","Solyc02g067320.2 (interacts with) Solyc04g078640.2"
"interacts with","0.325016","Solyc10g006880.3 (interacts with) Solyc11g065840.2","1.0E-10","false","interacts with","Solyc10g006880.3 (interacts with) Solyc11g065840.2"
"interacts with","0.596442","Solyc02g067320.2 (interacts with) Solyc02g085340.1","1.0E-20","false","interacts with","Solyc02g067320.2 (interacts with) Solyc02g085340.1"
"interacts with","0.642681","Solyc10g006880.3 (interacts with) Solyc11g044320.2","1.0E-20","false","interacts with","Solyc10g006880.3 (interacts with) Solyc11g044320.2"
"interacts with","0.535452","Solyc02g067320.2 (interacts with) Solyc06g076820.1","1.0E-15","false","interacts with","Solyc02g067320.2 (interacts with) Solyc06g076820.1"
"interacts with","0.753874","Solyc10g006880.3 (interacts with) Solyc12g013620.2","1.0E-25","false","interacts with","Solyc10g006880.3 (interacts with) Solyc12g013620.2"
"interacts with","0.476208","Solyc02g067320.2 (interacts with) Solyc05g050220.3","1.0E-15","false","interacts with","Solyc02g067320.2 (interacts with) Solyc05g050220.3"
"interacts with","0.680113","Solyc10g006880.3 (interacts with) Solyc11g013480.2","1.0E-20","false","interacts with","Solyc10g006880.3 (interacts with) Solyc11g013480.2"
"interacts with","0.595481","Solyc02g067320.2 (interacts with) Solyc08g079100.3","1.0E-20","false","interacts with","Solyc02g067320.2 (interacts with) Solyc08g079100.3"
"interacts with","0.758344","Solyc10g006880.3 (interacts with) Solyc10g078700.2","1.0E-25","false","interacts with","Solyc10g006880.3 (interacts with) Solyc10g078700.2"
"interacts with","0.744059","Solyc10g006880.3 (interacts with) Solyc10g018780.2","1.0E-25","false","interacts with","Solyc10g006880.3 (interacts with) Solyc10g018780.2"
"interacts with","0.381023","Solyc02g067320.2 (interacts with) Solyc02g092550.3","1.0E-10","false","interacts with","Solyc02g067320.2 (interacts with) Solyc02g092550.3"
"interacts with","0.596675","Solyc10g006880.3 (interacts with) Solyc12g006240.2","1.0E-20","false","interacts with","Solyc10g006880.3 (interacts with) Solyc12g006240.2"
"interacts with","0.577065","Solyc02g067320.2 (interacts with) Solyc03g097120.3","1.0E-20","false","interacts with","Solyc02g067320.2 (interacts with) Solyc03g097120.3"
"interacts with","0.319977","Solyc10g006880.3 (interacts with) Solyc11g062060.2","1.0E-10","false","interacts with","Solyc10g006880.3 (interacts with) Solyc11g062060.2"
"interacts with","0.477597","Solyc10g006880.3 (interacts with) Solyc11g072150.2","1.0E-15","false","interacts with","Solyc10g006880.3 (interacts with) Solyc11g072150.2"
"interacts with","0.576764","Solyc01g090760.3 (interacts with) Solyc03g118770.3","1.0E-20","false","interacts with","Solyc01g090760.3 (interacts with) Solyc03g118770.3"
"interacts with","0.535343","Solyc02g067320.2 (interacts with) Solyc05g056120.3","1.0E-15","false","interacts with","Solyc02g067320.2 (interacts with) Solyc05g056120.3"
"interacts with","0.627995","Solyc01g090760.3 (interacts with) Solyc01g091000.3","1.0E-20","false","interacts with","Solyc01g090760.3 (interacts with) Solyc01g091000.3"
"interacts with","0.78186","Solyc10g006880.3 (interacts with) Solyc10g079070.2","1.0E-25","false","interacts with","Solyc10g006880.3 (interacts with) Solyc10g079070.2"
"interacts with","0.421724","Solyc01g090760.3 (interacts with) Solyc03g006320.1","1.0E-10","false","interacts with","Solyc01g090760.3 (interacts with) Solyc03g006320.1"
"interacts with","0.572667","Solyc02g067320.2 (interacts with) Solyc10g005330.3","1.0E-20","false","interacts with","Solyc02g067320.2 (interacts with) Solyc10g005330.3"
"interacts with","0.827643","Solyc10g006880.3 (interacts with) Solyc11g017470.2","1.0E-25","false","interacts with","Solyc10g006880.3 (interacts with) Solyc11g017470.2"
"interacts with","0.636259","Solyc01g090760.3 (interacts with) Solyc11g072470.2","1.0E-20","false","interacts with","Solyc01g090760.3 (interacts with) Solyc11g072470.2"
"interacts with","0.521832","Solyc02g067320.2 (interacts with) Solyc11g069890.2","1.0E-15","false","interacts with","Solyc02g067320.2 (interacts with) Solyc11g069890.2"
"interacts with","0.767377","Solyc10g006880.3 (interacts with) Solyc11g072470.2","1.0E-25","false","interacts with","Solyc10g006880.3 (interacts with) Solyc11g072470.2"
"interacts with","0.703529","Solyc01g090760.3 (interacts with) Solyc10g006880.3","1.0E-20","false","interacts with","Solyc01g090760.3 (interacts with) Solyc10g006880.3"
"interacts with","0.571042","Solyc02g067320.2 (interacts with) Solyc08g014030.1","1.0E-15","false","interacts with","Solyc02g067320.2 (interacts with) Solyc08g014030.1"
"interacts with","0.620757","Solyc10g006880.3 (interacts with) Solyc10g084380.1","1.0E-20","false","interacts with","Solyc10g006880.3 (interacts with) Solyc10g084380.1"
"interacts with","0.511609","Solyc01g090760.3 (interacts with) Solyc04g014360.3","1.0E-15","false","interacts with","Solyc01g090760.3 (interacts with) Solyc04g014360.3"
"interacts with","0.598864","Solyc02g067320.2 (interacts with) Solyc12g098370.2","1.0E-20","false","interacts with","Solyc02g067320.2 (interacts with) Solyc12g098370.2"
"interacts with","0.653938","Solyc01g090760.3 (interacts with) Solyc02g024070.3","1.0E-20","false","interacts with","Solyc01g090760.3 (interacts with) Solyc02g024070.3"
"interacts with","0.570094","Solyc02g067320.2 (interacts with) Solyc12g007180.2","1.0E-15","false","interacts with","Solyc02g067320.2 (interacts with) Solyc12g007180.2"
"interacts with","0.554336","Solyc02g067320.2 (interacts with) Solyc03g117720.3","1.0E-15","false","interacts with","Solyc02g067320.2 (interacts with) Solyc03g117720.3"
"interacts with","0.586611","Solyc01g090760.3 (interacts with) Solyc07g041640.3","1.0E-20","false","interacts with","Solyc01g090760.3 (interacts with) Solyc07g041640.3"
"interacts with","0.574115","Solyc02g067320.2 (interacts with) Solyc06g049040.3","1.0E-20","false","interacts with","Solyc02g067320.2 (interacts with) Solyc06g049040.3"
"interacts with","0.609075","Solyc01g090760.3 (interacts with) Solyc02g077920.3","1.0E-20","false","interacts with","Solyc01g090760.3 (interacts with) Solyc02g077920.3"
"interacts with","0.58968","Solyc02g067320.2 (interacts with) Solyc08g006530.3","1.0E-20","false","interacts with","Solyc02g067320.2 (interacts with) Solyc08g006530.3"
"interacts with","0.682327","Solyc01g090760.3 (interacts with) Solyc03g112390.3","1.0E-20","false","interacts with","Solyc01g090760.3 (interacts with) Solyc03g112390.3"
"interacts with","0.554662","Solyc02g067320.2 (interacts with) Solyc12g096500.2","1.0E-15","false","interacts with","Solyc02g067320.2 (interacts with) Solyc12g096500.2"
"interacts with","0.652975","Solyc01g090760.3 (interacts with) Solyc07g052960.2","1.0E-20","false","interacts with","Solyc01g090760.3 (interacts with) Solyc07g052960.2"
"interacts with","0.544017","Solyc02g067320.2 (interacts with) Solyc10g080540.2","1.0E-15","false","interacts with","Solyc02g067320.2 (interacts with) Solyc10g080540.2"
"interacts with","0.63419","Solyc01g090760.3 (interacts with) Solyc11g069190.2","1.0E-20","false","interacts with","Solyc01g090760.3 (interacts with) Solyc11g069190.2"
"interacts with","0.599554","Solyc02g067320.2 (interacts with) Solyc10g079070.2","1.0E-20","false","interacts with","Solyc02g067320.2 (interacts with) Solyc10g079070.2"
"interacts with","0.662597","Solyc01g090760.3 (interacts with) Solyc05g007180.3","1.0E-20","false","interacts with","Solyc01g090760.3 (interacts with) Solyc05g007180.3"
"interacts with","0.602839","Solyc02g067320.2 (interacts with) Solyc02g090820.3","1.0E-20","false","interacts with","Solyc02g067320.2 (interacts with) Solyc02g090820.3"
"interacts with","0.154731","Solyc07g062200.2 (interacts with) Solyc10g005330.3","1.0E-5","false","interacts with","Solyc07g062200.2 (interacts with) Solyc10g005330.3"
"interacts with","0.520825","Solyc02g067320.2 (interacts with) Solyc05g012040.3","1.0E-15","false","interacts with","Solyc02g067320.2 (interacts with) Solyc05g012040.3"
"interacts with","0.66984","Solyc01g090760.3 (interacts with) Solyc05g012020.3","1.0E-20","false","interacts with","Solyc01g090760.3 (interacts with) Solyc05g012020.3"
"interacts with","0.430904","Solyc02g067320.2 (interacts with) Solyc06g083590.3","1.0E-10","false","interacts with","Solyc02g067320.2 (interacts with) Solyc06g083590.3"
"interacts with","0.626262","Solyc01g090760.3 (interacts with) Solyc10g084340.2","1.0E-20","false","interacts with","Solyc01g090760.3 (interacts with) Solyc10g084340.2"
"interacts with","0.475675","Solyc02g067320.2 (interacts with) Solyc11g072150.2","1.0E-15","false","interacts with","Solyc02g067320.2 (interacts with) Solyc11g072150.2"
"interacts with","0.628475","Solyc02g067320.2 (interacts with) Solyc08g080150.1","1.0E-20","false","interacts with","Solyc02g067320.2 (interacts with) Solyc08g080150.1"
"interacts with","0.467862","Solyc11g012510.2 (interacts with) Solyc12g100140.2","1.0E-15","false","interacts with","Solyc11g012510.2 (interacts with) Solyc12g100140.2"
"interacts with","0.659418","Solyc01g090760.3 (interacts with) Solyc01g096370.3","1.0E-20","false","interacts with","Solyc01g090760.3 (interacts with) Solyc01g096370.3"
"interacts with","0.593249","Solyc02g067320.2 (interacts with) Solyc03g120890.3","1.0E-20","false","interacts with","Solyc02g067320.2 (interacts with) Solyc03g120890.3"
"interacts with","0.142868","Solyc07g062200.2 (interacts with) Solyc10g006880.3","0.1","false","interacts with","Solyc07g062200.2 (interacts with) Solyc10g006880.3"
"interacts with","0.455712","Solyc01g090760.3 (interacts with) Solyc06g083590.3","1.0E-15","false","interacts with","Solyc01g090760.3 (interacts with) Solyc06g083590.3"
"interacts with","0.608598","Solyc02g067320.2 (interacts with) Solyc10g078700.2","1.0E-20","false","interacts with","Solyc02g067320.2 (interacts with) Solyc10g078700.2"
"interacts with","0.12142","Solyc03g093940.2 (interacts with) Solyc04g056740.1","0.1","false","interacts with","Solyc03g093940.2 (interacts with) Solyc04g056740.1"
"interacts with","0.301499","Solyc11g012510.2 (interacts with) Solyc11g062060.2","1.0E-10","false","interacts with","Solyc11g012510.2 (interacts with) Solyc11g062060.2"
"interacts with","0.573821","Solyc02g067320.2 (interacts with) Solyc10g079050.2","1.0E-20","false","interacts with","Solyc02g067320.2 (interacts with) Solyc10g079050.2"
"interacts with","0.588351","Solyc02g067320.2 (interacts with) Solyc10g018780.2","1.0E-20","false","interacts with","Solyc02g067320.2 (interacts with) Solyc10g018780.2"
"interacts with","0.676346","Solyc01g090760.3 (interacts with) Solyc10g079070.2","1.0E-20","false","interacts with","Solyc01g090760.3 (interacts with) Solyc10g079070.2"
"interacts with","0.622013","Solyc02g067320.2 (interacts with) Solyc03g121840.3","1.0E-20","false","interacts with","Solyc02g067320.2 (interacts with) Solyc03g121840.3"
"interacts with","0.440899","Solyc01g090760.3 (interacts with) Solyc08g006490.2","1.0E-15","false","interacts with","Solyc01g090760.3 (interacts with) Solyc08g006490.2"
"interacts with","0.576098","Solyc02g067320.2 (interacts with) Solyc08g082630.3","1.0E-20","false","interacts with","Solyc02g067320.2 (interacts with) Solyc08g082630.3"
"interacts with","0.682624","Solyc01g090760.3 (interacts with) Solyc08g006530.3","1.0E-20","false","interacts with","Solyc01g090760.3 (interacts with) Solyc08g006530.3"
"interacts with","0.588599","Solyc02g067320.2 (interacts with) Solyc08g005430.3","1.0E-20","false","interacts with","Solyc02g067320.2 (interacts with) Solyc08g005430.3"
"interacts with","0.646627","Solyc01g090760.3 (interacts with) Solyc06g069430.3","1.0E-20","false","interacts with","Solyc01g090760.3 (interacts with) Solyc06g069430.3"
"interacts with","0.635915","Solyc02g067320.2 (interacts with) Solyc06g069430.3","1.0E-20","false","interacts with","Solyc02g067320.2 (interacts with) Solyc06g069430.3"
"interacts with","0.638548","Solyc01g090760.3 (interacts with) Solyc11g013480.2","1.0E-20","false","interacts with","Solyc01g090760.3 (interacts with) Solyc11g013480.2"
"interacts with","0.580361","Solyc02g067320.2 (interacts with) Solyc02g092050.3","1.0E-20","false","interacts with","Solyc02g067320.2 (interacts with) Solyc02g092050.3"
"interacts with","0.638098","Solyc01g090760.3 (interacts with) Solyc10g018780.2","1.0E-20","false","interacts with","Solyc01g090760.3 (interacts with) Solyc10g018780.2"
"interacts with","0.222258","Solyc06g063070.3 (interacts with) Solyc08g078590.1","1.0E-5","false","interacts with","Solyc06g063070.3 (interacts with) Solyc08g078590.1"
"interacts with","0.489747","Solyc01g090760.3 (interacts with) Solyc03g033660.3","1.0E-15","false","interacts with","Solyc01g090760.3 (interacts with) Solyc03g033660.3"
"interacts with","0.697516","Solyc06g063070.3 (interacts with) Solyc10g005330.3","1.0E-20","false","interacts with","Solyc06g063070.3 (interacts with) Solyc10g005330.3"
"interacts with","0.647293","Solyc01g090760.3 (interacts with) Solyc09g065670.3","1.0E-20","false","interacts with","Solyc01g090760.3 (interacts with) Solyc09g065670.3"
"interacts with","0.580294","Solyc06g063070.3 (interacts with) Solyc12g007070.2","1.0E-20","false","interacts with","Solyc06g063070.3 (interacts with) Solyc12g007070.2"
"interacts with","0.129125","Solyc03g093940.2 (interacts with) Solyc06g062670.3","0.1","false","interacts with","Solyc03g093940.2 (interacts with) Solyc06g062670.3"
"interacts with","0.664637","Solyc01g090760.3 (interacts with) Solyc10g005330.3","1.0E-20","false","interacts with","Solyc01g090760.3 (interacts with) Solyc10g005330.3"
"interacts with","0.760512","Solyc06g063070.3 (interacts with) Solyc12g089240.2","1.0E-25","false","interacts with","Solyc06g063070.3 (interacts with) Solyc12g089240.2"
"interacts with","0.602951","Solyc01g090760.3 (interacts with) Solyc08g076370.3","1.0E-20","false","interacts with","Solyc01g090760.3 (interacts with) Solyc08g076370.3"
"interacts with","0.367857","Solyc06g063070.3 (interacts with) Solyc08g082210.3","1.0E-10","false","interacts with","Solyc06g063070.3 (interacts with) Solyc08g082210.3"
"interacts with","0.405233","Solyc01g090760.3 (interacts with) Solyc12g005420.2","1.0E-10","false","interacts with","Solyc01g090760.3 (interacts with) Solyc12g005420.2"
"interacts with","0.399668","Solyc06g063070.3 (interacts with) Solyc06g073720.2","1.0E-10","false","interacts with","Solyc06g063070.3 (interacts with) Solyc06g073720.2"
"interacts with","0.448329","Solyc01g090760.3 (interacts with) Solyc07g063830.3","1.0E-15","false","interacts with","Solyc01g090760.3 (interacts with) Solyc07g063830.3"
"interacts with","0.382714","Solyc06g063070.3 (interacts with) Solyc12g010890.2","1.0E-10","false","interacts with","Solyc06g063070.3 (interacts with) Solyc12g010890.2"
"interacts with","0.142232","Solyc03g093940.2 (interacts with) Solyc12g087830.2","0.1","false","interacts with","Solyc03g093940.2 (interacts with) Solyc12g087830.2"
"interacts with","0.650366","Solyc01g090760.3 (interacts with) Solyc05g009880.3","1.0E-20","false","interacts with","Solyc01g090760.3 (interacts with) Solyc05g009880.3"
"interacts with","0.448996","Solyc06g063070.3 (interacts with) Solyc07g065570.2","1.0E-15","false","interacts with","Solyc06g063070.3 (interacts with) Solyc07g065570.2"
"interacts with","0.595789","Solyc01g090760.3 (interacts with) Solyc07g018290.3","1.0E-20","false","interacts with","Solyc01g090760.3 (interacts with) Solyc07g018290.3"
"interacts with","0.49569","Solyc06g063070.3 (interacts with) Solyc12g099370.2","1.0E-15","false","interacts with","Solyc06g063070.3 (interacts with) Solyc12g099370.2"
"interacts with","0.526778","Solyc06g063070.3 (interacts with) Solyc07g043330.2","1.0E-15","false","interacts with","Solyc06g063070.3 (interacts with) Solyc07g043330.2"
"interacts with","0.486431","Solyc06g063070.3 (interacts with) Solyc12g014610.2","1.0E-15","false","interacts with","Solyc06g063070.3 (interacts with) Solyc12g014610.2"
"interacts with","0.607451","Solyc06g063070.3 (interacts with) Solyc12g100140.2","1.0E-20","false","interacts with","Solyc06g063070.3 (interacts with) Solyc12g100140.2"
"interacts with","0.130353","Solyc03g093940.2 (interacts with) Solyc08g063040.3","0.1","false","interacts with","Solyc03g093940.2 (interacts with) Solyc08g063040.3"
"interacts with","0.573223","Solyc06g063070.3 (interacts with) Solyc08g014030.1","1.0E-20","false","interacts with","Solyc06g063070.3 (interacts with) Solyc08g014030.1"
"interacts with","0.113867","Solyc03g093940.2 (interacts with) Solyc07g064000.1","0.1","false","interacts with","Solyc03g093940.2 (interacts with) Solyc07g064000.1"
"interacts with","0.548637","Solyc06g063070.3 (interacts with) Solyc08g078300.3","1.0E-15","false","interacts with","Solyc06g063070.3 (interacts with) Solyc08g078300.3"
"interacts with","0.70518","Solyc06g063070.3 (interacts with) Solyc10g079070.2","1.0E-20","false","interacts with","Solyc06g063070.3 (interacts with) Solyc10g079070.2"
"interacts with","0.129105","Solyc03g093940.2 (interacts with) Solyc07g065500.2","0.1","false","interacts with","Solyc03g093940.2 (interacts with) Solyc07g065500.2"
"interacts with","0.460318","Solyc06g063070.3 (interacts with) Solyc06g083590.3","1.0E-15","false","interacts with","Solyc06g063070.3 (interacts with) Solyc06g083590.3"
"interacts with","0.140284","Solyc03g093940.2 (interacts with) Solyc11g044320.2","0.1","false","interacts with","Solyc03g093940.2 (interacts with) Solyc11g044320.2"
"interacts with","0.278162","Solyc06g063070.3 (interacts with) Solyc07g026680.2","1.0E-5","false","interacts with","Solyc06g063070.3 (interacts with) Solyc07g026680.2"
"interacts with","0.615927","Solyc06g063070.3 (interacts with) Solyc10g084380.1","1.0E-20","false","interacts with","Solyc06g063070.3 (interacts with) Solyc10g084380.1"
"interacts with","0.138285","Solyc03g093940.2 (interacts with) Solyc09g083360.3","0.1","false","interacts with","Solyc03g093940.2 (interacts with) Solyc09g083360.3"
"interacts with","0.290679","Solyc00g099580.2 (interacts with) Solyc05g009660.3","1.0E-10","false","interacts with","Solyc00g099580.2 (interacts with) Solyc05g009660.3"
"interacts with","0.112508","Solyc02g030095.1 (interacts with) Solyc11g017100.1","0.1","false","interacts with","Solyc02g030095.1 (interacts with) Solyc11g017100.1"
"interacts with","0.266517","Solyc06g063070.3 (interacts with) Solyc10g083567.1","1.0E-5","false","interacts with","Solyc06g063070.3 (interacts with) Solyc10g083567.1"
"interacts with","0.110849","Solyc03g093940.2 (interacts with) Solyc03g111475.1","0.1","false","interacts with","Solyc03g093940.2 (interacts with) Solyc03g111475.1"
"interacts with","0.58978","Solyc06g063070.3 (interacts with) Solyc08g076860.3","1.0E-20","false","interacts with","Solyc06g063070.3 (interacts with) Solyc08g076860.3"
"interacts with","0.14263","Solyc03g093940.2 (interacts with) Solyc06g076820.1","0.1","false","interacts with","Solyc03g093940.2 (interacts with) Solyc06g076820.1"
"interacts with","0.216642","Solyc00g099580.2 (interacts with) Solyc08g078590.1","1.0E-5","false","interacts with","Solyc00g099580.2 (interacts with) Solyc08g078590.1"
"interacts with","0.119912","Solyc02g030095.1 (interacts with) Solyc03g006830.3","0.1","false","interacts with","Solyc02g030095.1 (interacts with) Solyc03g006830.3"
"interacts with","0.393708","Solyc06g063070.3 (interacts with) Solyc10g007350.3","1.0E-10","false","interacts with","Solyc06g063070.3 (interacts with) Solyc10g007350.3"
"interacts with","0.135618","Solyc03g093940.2 (interacts with) Solyc06g072040.1","0.1","false","interacts with","Solyc03g093940.2 (interacts with) Solyc06g072040.1"
"interacts with","0.648518","Solyc00g099580.2 (interacts with) Solyc10g005330.3","1.0E-20","false","interacts with","Solyc00g099580.2 (interacts with) Solyc10g005330.3"
"interacts with","0.716047","Solyc06g063070.3 (interacts with) Solyc10g006880.3","1.0E-25","false","interacts with","Solyc06g063070.3 (interacts with) Solyc10g006880.3"
"interacts with","0.649086","Solyc06g063070.3 (interacts with) Solyc08g082630.3","1.0E-20","false","interacts with","Solyc06g063070.3 (interacts with) Solyc08g082630.3"
"interacts with","0.697977","Solyc00g099580.2 (interacts with) Solyc08g076370.3","1.0E-20","false","interacts with","Solyc00g099580.2 (interacts with) Solyc08g076370.3"
"interacts with","0.741933","Solyc06g063070.3 (interacts with) Solyc06g069430.3","1.0E-25","false","interacts with","Solyc06g063070.3 (interacts with) Solyc06g069430.3"
"interacts with","0.343679","Solyc05g054400.3 (interacts with) Solyc07g066220.3","1.0E-10","false","interacts with","Solyc05g054400.3 (interacts with) Solyc07g066220.3"
"interacts with","0.599891","Solyc00g099580.2 (interacts with) Solyc09g007260.3","1.0E-20","false","interacts with","Solyc00g099580.2 (interacts with) Solyc09g007260.3"
"interacts with","0.106545","Solyc02g030095.1 (interacts with) Solyc02g062210.2","0.1","false","interacts with","Solyc02g030095.1 (interacts with) Solyc02g062210.2"
"interacts with","0.599211","Solyc01g008730.3 (interacts with) Solyc04g078640.2","1.0E-20","false","interacts with","Solyc01g008730.3 (interacts with) Solyc04g078640.2"
"interacts with","0.127785","Solyc02g030095.1 (interacts with) Solyc10g079050.2","0.1","false","interacts with","Solyc02g030095.1 (interacts with) Solyc10g079050.2"
"interacts with","0.550669","Solyc12g007070.2 (interacts with) Solyc12g013620.2","1.0E-15","false","interacts with","Solyc12g007070.2 (interacts with) Solyc12g013620.2"
"interacts with","0.572679","Solyc01g008730.3 (interacts with) Solyc01g087990.3","1.0E-20","false","interacts with","Solyc01g008730.3 (interacts with) Solyc01g087990.3"
"interacts with","0.311536","Solyc05g054400.3 (interacts with) Solyc06g082530.2","1.0E-10","false","interacts with","Solyc05g054400.3 (interacts with) Solyc06g082530.2"
"interacts with","0.448413","Solyc00g099580.2 (interacts with) Solyc11g008830.2","1.0E-15","false","interacts with","Solyc00g099580.2 (interacts with) Solyc11g008830.2"
"interacts with","0.652774","Solyc03g113270.3 (interacts with) Solyc08g079100.3","1.0E-20","false","interacts with","Solyc03g113270.3 (interacts with) Solyc08g079100.3"
"interacts with","0.351637","Solyc05g054400.3 (interacts with) Solyc12g099370.2","1.0E-10","false","interacts with","Solyc05g054400.3 (interacts with) Solyc12g099370.2"
"interacts with","0.620921","Solyc00g099580.2 (interacts with) Solyc01g090340.2","1.0E-20","false","interacts with","Solyc00g099580.2 (interacts with) Solyc01g090340.2"
"interacts with","0.56821","Solyc01g008730.3 (interacts with) Solyc12g013620.2","1.0E-15","false","interacts with","Solyc01g008730.3 (interacts with) Solyc12g013620.2"
"interacts with","0.205662","Solyc03g113270.3 (interacts with) Solyc05g010517.1","1.0E-5","false","interacts with","Solyc03g113270.3 (interacts with) Solyc05g010517.1"
"interacts with","0.566683","Solyc01g008730.3 (interacts with) Solyc08g060840.1","1.0E-15","false","interacts with","Solyc01g008730.3 (interacts with) Solyc08g060840.1"
"interacts with","0.620723","Solyc00g099580.2 (interacts with) Solyc06g069430.3","1.0E-20","false","interacts with","Solyc00g099580.2 (interacts with) Solyc06g069430.3"
"interacts with","0.715861","Solyc03g113270.3 (interacts with) Solyc10g006880.3","1.0E-25","false","interacts with","Solyc03g113270.3 (interacts with) Solyc10g006880.3"
"interacts with","0.557988","Solyc01g008730.3 (interacts with) Solyc10g006880.3","1.0E-15","false","interacts with","Solyc01g008730.3 (interacts with) Solyc10g006880.3"
"interacts with","0.569477","Solyc03g113270.3 (interacts with) Solyc06g083900.3","1.0E-15","false","interacts with","Solyc03g113270.3 (interacts with) Solyc06g083900.3"
"interacts with","0.57121","Solyc01g008730.3 (interacts with) Solyc03g006000.3","1.0E-15","false","interacts with","Solyc01g008730.3 (interacts with) Solyc03g006000.3"
"interacts with","0.658761","Solyc00g099580.2 (interacts with) Solyc02g024070.3","1.0E-20","false","interacts with","Solyc00g099580.2 (interacts with) Solyc02g024070.3"
"interacts with","0.599337","Solyc01g008730.3 (interacts with) Solyc03g097120.3","1.0E-20","false","interacts with","Solyc01g008730.3 (interacts with) Solyc03g097120.3"
"interacts with","0.535411","Solyc03g118425.1 (interacts with) Solyc04g056270.3","1.0E-15","false","interacts with","Solyc03g118425.1 (interacts with) Solyc04g056270.3"
"interacts with","0.588892","Solyc01g008730.3 (interacts with) Solyc01g079870.3","1.0E-20","false","interacts with","Solyc01g008730.3 (interacts with) Solyc01g079870.3"
"interacts with","0.619222","Solyc03g113270.3 (interacts with) Solyc09g010840.1","1.0E-20","false","interacts with","Solyc03g113270.3 (interacts with) Solyc09g010840.1"
"interacts with","0.52845","Solyc03g118425.1 (interacts with) Solyc10g078285.1","1.0E-15","false","interacts with","Solyc03g118425.1 (interacts with) Solyc10g078285.1"
"interacts with","0.653044","Solyc00g099580.2 (interacts with) Solyc07g063970.3","1.0E-20","false","interacts with","Solyc00g099580.2 (interacts with) Solyc07g063970.3"
"interacts with","0.595988","Solyc03g113270.3 (interacts with) Solyc06g048630.3","1.0E-20","false","interacts with","Solyc03g113270.3 (interacts with) Solyc06g048630.3"
"interacts with","0.536446","Solyc01g008730.3 (interacts with) Solyc10g078430.2","1.0E-15","false","interacts with","Solyc01g008730.3 (interacts with) Solyc10g078430.2"
"interacts with","0.653476","Solyc03g113270.3 (interacts with) Solyc04g078640.2","1.0E-20","false","interacts with","Solyc03g113270.3 (interacts with) Solyc04g078640.2"
"interacts with","0.287503","Solyc03g113270.3 (interacts with) Solyc05g009660.3","1.0E-5","false","interacts with","Solyc03g113270.3 (interacts with) Solyc05g009660.3"
"interacts with","0.399919","Solyc01g008730.3 (interacts with) Solyc09g090790.3","1.0E-10","false","interacts with","Solyc01g008730.3 (interacts with) Solyc09g090790.3"
"interacts with","0.534407","Solyc03g118425.1 (interacts with) Solyc12g098520.2","1.0E-15","false","interacts with","Solyc03g118425.1 (interacts with) Solyc12g098520.2"
"interacts with","0.5977","Solyc00g099580.2 (interacts with) Solyc11g017470.2","1.0E-20","false","interacts with","Solyc00g099580.2 (interacts with) Solyc11g017470.2"
"interacts with","0.112583","Solyc02g030095.1 (interacts with) Solyc12g038450.1","0.1","false","interacts with","Solyc02g030095.1 (interacts with) Solyc12g038450.1"
"interacts with","0.678682","Solyc03g113270.3 (interacts with) Solyc06g049040.3","1.0E-20","false","interacts with","Solyc03g113270.3 (interacts with) Solyc06g049040.3"
"interacts with","0.52845","Solyc03g118425.1 (interacts with) Solyc10g078290.2","1.0E-15","false","interacts with","Solyc03g118425.1 (interacts with) Solyc10g078290.2"
"interacts with","0.543902","Solyc01g008730.3 (interacts with) Solyc10g079050.2","1.0E-15","false","interacts with","Solyc01g008730.3 (interacts with) Solyc10g079050.2"
"interacts with","0.592333","Solyc03g118425.1 (interacts with) Solyc06g061240.3","1.0E-20","false","interacts with","Solyc03g118425.1 (interacts with) Solyc06g061240.3"
"interacts with","0.601903","Solyc00g099580.2 (interacts with) Solyc01g104650.3","1.0E-20","false","interacts with","Solyc00g099580.2 (interacts with) Solyc01g104650.3"
"interacts with","0.376682","Solyc03g113270.3 (interacts with) Solyc08g079120.2","1.0E-10","false","interacts with","Solyc03g113270.3 (interacts with) Solyc08g079120.2"
"interacts with","0.248992","Solyc03g118425.1 (interacts with) Solyc12g088130.2","1.0E-5","false","interacts with","Solyc03g118425.1 (interacts with) Solyc12g088130.2"
"interacts with","0.370667","Solyc03g113270.3 (interacts with) Solyc06g082530.2","1.0E-10","false","interacts with","Solyc03g113270.3 (interacts with) Solyc06g082530.2"
"interacts with","0.622473","Solyc01g008730.3 (interacts with) Solyc10g080770.2","1.0E-20","false","interacts with","Solyc01g008730.3 (interacts with) Solyc10g080770.2"
"interacts with","0.571243","Solyc03g118425.1 (interacts with) Solyc06g008200.3","1.0E-15","false","interacts with","Solyc03g118425.1 (interacts with) Solyc06g008200.3"
"interacts with","0.585071","Solyc01g008730.3 (interacts with) Solyc02g077920.3","1.0E-20","false","interacts with","Solyc01g008730.3 (interacts with) Solyc02g077920.3"
"interacts with","0.72147","Solyc03g113270.3 (interacts with) Solyc07g052960.2","1.0E-25","false","interacts with","Solyc03g113270.3 (interacts with) Solyc07g052960.2"
"interacts with","0.551952","Solyc01g008730.3 (interacts with) Solyc06g008200.3","1.0E-15","false","interacts with","Solyc01g008730.3 (interacts with) Solyc06g008200.3"
"interacts with","0.586201","Solyc03g113270.3 (interacts with) Solyc07g063420.3","1.0E-20","false","interacts with","Solyc03g113270.3 (interacts with) Solyc07g063420.3"
"interacts with","0.541951","Solyc01g008730.3 (interacts with) Solyc10g005330.3","1.0E-15","false","interacts with","Solyc01g008730.3 (interacts with) Solyc10g005330.3"
"interacts with","0.498954","Solyc03g113270.3 (interacts with) Solyc11g010710.2","1.0E-15","false","interacts with","Solyc03g113270.3 (interacts with) Solyc11g010710.2"
"interacts with","0.601552","Solyc01g008730.3 (interacts with) Solyc12g099760.2","1.0E-20","false","interacts with","Solyc01g008730.3 (interacts with) Solyc12g099760.2"
"interacts with","0.146371","Solyc03g118425.1 (interacts with) Solyc04g056460.1","0.1","false","interacts with","Solyc03g118425.1 (interacts with) Solyc04g056460.1"
"interacts with","0.56044","Solyc01g008730.3 (interacts with) Solyc04g005610.3","1.0E-15","false","interacts with","Solyc01g008730.3 (interacts with) Solyc04g005610.3"
"interacts with","0.366864","Solyc03g113270.3 (interacts with) Solyc05g055480.3","1.0E-10","false","interacts with","Solyc03g113270.3 (interacts with) Solyc05g055480.3"
"interacts with","0.582492","Solyc01g008730.3 (interacts with) Solyc05g012020.3","1.0E-20","false","interacts with","Solyc01g008730.3 (interacts with) Solyc05g012020.3"
"interacts with","0.566725","Solyc06g082300.3 (interacts with) Solyc09g066060.2","1.0E-15","false","interacts with","Solyc06g082300.3 (interacts with) Solyc09g066060.2"
"interacts with","0.582274","Solyc06g082300.3 (interacts with) Solyc10g006880.3","1.0E-20","false","interacts with","Solyc06g082300.3 (interacts with) Solyc10g006880.3"
"interacts with","0.609232","Solyc06g082300.3 (interacts with) Solyc08g006260.2","1.0E-20","false","interacts with","Solyc06g082300.3 (interacts with) Solyc08g006260.2"
"interacts with","0.592657","Solyc06g082300.3 (interacts with) Solyc10g018780.2","1.0E-20","false","interacts with","Solyc06g082300.3 (interacts with) Solyc10g018780.2"
"interacts with","0.622185","Solyc06g082300.3 (interacts with) Solyc10g078700.2","1.0E-20","false","interacts with","Solyc06g082300.3 (interacts with) Solyc10g078700.2"
"interacts with","0.583262","Solyc06g082300.3 (interacts with) Solyc10g079070.2","1.0E-20","false","interacts with","Solyc06g082300.3 (interacts with) Solyc10g079070.2"
"interacts with","0.29359","Solyc06g082300.3 (interacts with) Solyc10g008160.3","1.0E-10","false","interacts with","Solyc06g082300.3 (interacts with) Solyc10g008160.3"
"interacts with","0.380919","Solyc04g078640.2 (interacts with) Solyc12g005420.2","1.0E-10","false","interacts with","Solyc04g078640.2 (interacts with) Solyc12g005420.2"
"interacts with","0.444642","Solyc04g078640.2 (interacts with) Solyc11g008830.2","1.0E-15","false","interacts with","Solyc04g078640.2 (interacts with) Solyc11g008830.2"
"interacts with","0.526071","Solyc06g082300.3 (interacts with) Solyc10g084180.2","1.0E-15","false","interacts with","Solyc06g082300.3 (interacts with) Solyc10g084180.2"
"interacts with","0.4551","Solyc04g078640.2 (interacts with) Solyc12g099140.2","1.0E-15","false","interacts with","Solyc04g078640.2 (interacts with) Solyc12g099140.2"
"interacts with","0.563362","Solyc06g082300.3 (interacts with) Solyc07g043330.2","1.0E-15","false","interacts with","Solyc06g082300.3 (interacts with) Solyc07g043330.2"
"interacts with","0.700629","Solyc04g078640.2 (interacts with) Solyc06g063070.3","1.0E-20","false","interacts with","Solyc04g078640.2 (interacts with) Solyc06g063070.3"
"interacts with","0.286406","Solyc05g009660.3 (interacts with) Solyc06g053610.3","1.0E-5","false","interacts with","Solyc05g009660.3 (interacts with) Solyc06g053610.3"
"interacts with","0.66424","Solyc04g078640.2 (interacts with) Solyc09g089550.3","1.0E-20","false","interacts with","Solyc04g078640.2 (interacts with) Solyc09g089550.3"
"interacts with","0.289493","Solyc05g009660.3 (interacts with) Solyc11g011260.1","1.0E-5","false","interacts with","Solyc05g009660.3 (interacts with) Solyc11g011260.1"
"interacts with","0.564713","Solyc06g082300.3 (interacts with) Solyc11g069190.2","1.0E-15","false","interacts with","Solyc06g082300.3 (interacts with) Solyc11g069190.2"
"interacts with","0.595147","Solyc04g078640.2 (interacts with) Solyc12g007070.2","1.0E-20","false","interacts with","Solyc04g078640.2 (interacts with) Solyc12g007070.2"
"interacts with","0.304728","Solyc05g009660.3 (interacts with) Solyc07g063970.3","1.0E-10","false","interacts with","Solyc05g009660.3 (interacts with) Solyc07g063970.3"
"interacts with","0.590948","Solyc06g082300.3 (interacts with) Solyc08g014030.1","1.0E-20","false","interacts with","Solyc06g082300.3 (interacts with) Solyc08g014030.1"
"interacts with","0.760996","Solyc04g078640.2 (interacts with) Solyc10g005330.3","1.0E-25","false","interacts with","Solyc04g078640.2 (interacts with) Solyc10g005330.3"
"interacts with","0.297032","Solyc05g009660.3 (interacts with) Solyc12g014140.2","1.0E-10","false","interacts with","Solyc05g009660.3 (interacts with) Solyc12g014140.2"
"interacts with","0.616433","Solyc04g078640.2 (interacts with) Solyc08g063040.3","1.0E-20","false","interacts with","Solyc04g078640.2 (interacts with) Solyc08g063040.3"
"interacts with","0.303637","Solyc04g078640.2 (interacts with) Solyc05g009660.3","1.0E-10","false","interacts with","Solyc04g078640.2 (interacts with) Solyc05g009660.3"
"interacts with","0.287823","Solyc05g009660.3 (interacts with) Solyc08g082890.3","1.0E-5","false","interacts with","Solyc05g009660.3 (interacts with) Solyc08g082890.3"
"interacts with","0.601464","Solyc06g082300.3 (interacts with) Solyc06g083170.3","1.0E-20","false","interacts with","Solyc06g082300.3 (interacts with) Solyc06g083170.3"
"interacts with","0.289174","Solyc05g009660.3 (interacts with) Solyc08g079100.3","1.0E-5","false","interacts with","Solyc05g009660.3 (interacts with) Solyc08g079100.3"
"interacts with","0.467574","Solyc04g078640.2 (interacts with) Solyc07g005650.3","1.0E-15","false","interacts with","Solyc04g078640.2 (interacts with) Solyc07g005650.3"
"interacts with","0.147262","Solyc05g009660.3 (interacts with) Solyc05g051420.2","0.1","false","interacts with","Solyc05g009660.3 (interacts with) Solyc05g051420.2"
"interacts with","0.58668","Solyc06g082300.3 (interacts with) Solyc10g005330.3","1.0E-20","false","interacts with","Solyc06g082300.3 (interacts with) Solyc10g005330.3"
"interacts with","0.654424","Solyc04g078640.2 (interacts with) Solyc09g082505.1","1.0E-20","false","interacts with","Solyc04g078640.2 (interacts with) Solyc09g082505.1"
"interacts with","0.585788","Solyc06g082300.3 (interacts with) Solyc12g089240.2","1.0E-20","false","interacts with","Solyc06g082300.3 (interacts with) Solyc12g089240.2"
"interacts with","0.325223","Solyc04g078640.2 (interacts with) Solyc05g007880.3","1.0E-10","false","interacts with","Solyc04g078640.2 (interacts with) Solyc05g007880.3"
"interacts with","0.358015","Solyc07g055710.3 (interacts with) Solyc08g062490.3","1.0E-10","false","interacts with","Solyc07g055710.3 (interacts with) Solyc08g062490.3"
"interacts with","0.30926","Solyc05g009660.3 (interacts with) Solyc06g083900.3","1.0E-10","false","interacts with","Solyc05g009660.3 (interacts with) Solyc06g083900.3"
"interacts with","0.65815","Solyc04g078640.2 (interacts with) Solyc09g010840.1","1.0E-20","false","interacts with","Solyc04g078640.2 (interacts with) Solyc09g010840.1"
"interacts with","0.283483","Solyc05g009660.3 (interacts with) Solyc08g066500.3","1.0E-5","false","interacts with","Solyc05g009660.3 (interacts with) Solyc08g066500.3"
"interacts with","0.698334","Solyc02g092050.3 (interacts with) Solyc07g062680.2","1.0E-20","false","interacts with","Solyc02g092050.3 (interacts with) Solyc07g062680.2"
"interacts with","0.294461","Solyc05g009660.3 (interacts with) Solyc07g008180.3","1.0E-10","false","interacts with","Solyc05g009660.3 (interacts with) Solyc07g008180.3"
"interacts with","0.706247","Solyc02g092050.3 (interacts with) Solyc09g007260.3","1.0E-20","false","interacts with","Solyc02g092050.3 (interacts with) Solyc09g007260.3"
"interacts with","0.646228","Solyc04g078640.2 (interacts with) Solyc10g084380.1","1.0E-20","false","interacts with","Solyc04g078640.2 (interacts with) Solyc10g084380.1"
"interacts with","0.288003","Solyc05g009660.3 (interacts with) Solyc07g052960.2","1.0E-5","false","interacts with","Solyc05g009660.3 (interacts with) Solyc07g052960.2"
"interacts with","0.649139","Solyc04g078640.2 (interacts with) Solyc05g051460.3","1.0E-20","false","interacts with","Solyc04g078640.2 (interacts with) Solyc05g051460.3"
"interacts with","0.664016","Solyc02g092050.3 (interacts with) Solyc11g005380.2","1.0E-20","false","interacts with","Solyc02g092050.3 (interacts with) Solyc11g005380.2"
"interacts with","0.56455","Solyc04g078640.2 (interacts with) Solyc05g012040.3","1.0E-15","false","interacts with","Solyc04g078640.2 (interacts with) Solyc05g012040.3"
"interacts with","0.672123","Solyc02g092050.3 (interacts with) Solyc07g052960.2","1.0E-20","false","interacts with","Solyc02g092050.3 (interacts with) Solyc07g052960.2"
"interacts with","0.303128","Solyc05g009660.3 (interacts with) Solyc08g076370.3","1.0E-10","false","interacts with","Solyc05g009660.3 (interacts with) Solyc08g076370.3"
"interacts with","0.658419","Solyc02g092050.3 (interacts with) Solyc08g068320.3","1.0E-20","false","interacts with","Solyc02g092050.3 (interacts with) Solyc08g068320.3"
"interacts with","0.598936","Solyc04g078640.2 (interacts with) Solyc09g018460.1","1.0E-20","false","interacts with","Solyc04g078640.2 (interacts with) Solyc09g018460.1"
"interacts with","0.286271","Solyc05g009660.3 (interacts with) Solyc09g007260.3","1.0E-5","false","interacts with","Solyc05g009660.3 (interacts with) Solyc09g007260.3"
"interacts with","0.681459","Solyc04g078640.2 (interacts with) Solyc10g079050.2","1.0E-20","false","interacts with","Solyc04g078640.2 (interacts with) Solyc10g079050.2"
"interacts with","0.285818","Solyc05g009660.3 (interacts with) Solyc05g009880.3","1.0E-5","false","interacts with","Solyc05g009660.3 (interacts with) Solyc05g009880.3"
"interacts with","0.70504","Solyc04g078640.2 (interacts with) Solyc10g018780.2","1.0E-20","false","interacts with","Solyc04g078640.2 (interacts with) Solyc10g018780.2"
"interacts with","0.655703","Solyc02g092050.3 (interacts with) Solyc05g007180.3","1.0E-20","false","interacts with","Solyc02g092050.3 (interacts with) Solyc05g007180.3"
"interacts with","0.690864","Solyc04g078640.2 (interacts with) Solyc06g073980.3","1.0E-20","false","interacts with","Solyc04g078640.2 (interacts with) Solyc06g073980.3"
"interacts with","0.568038","Solyc02g092050.3 (interacts with) Solyc07g005400.3","1.0E-15","false","interacts with","Solyc02g092050.3 (interacts with) Solyc07g005400.3"
"interacts with","0.257558","Solyc04g078640.2 (interacts with) Solyc12g088130.2","1.0E-5","false","interacts with","Solyc04g078640.2 (interacts with) Solyc12g088130.2"
"interacts with","0.685341","Solyc02g092050.3 (interacts with) Solyc05g012020.3","1.0E-20","false","interacts with","Solyc02g092050.3 (interacts with) Solyc05g012020.3"
"interacts with","0.626605","Solyc04g078640.2 (interacts with) Solyc06g075510.3","1.0E-20","false","interacts with","Solyc04g078640.2 (interacts with) Solyc06g075510.3"
"interacts with","0.485212","Solyc02g092050.3 (interacts with) Solyc03g093610.1","1.0E-15","false","interacts with","Solyc02g092050.3 (interacts with) Solyc03g093610.1"
"interacts with","0.65332","Solyc04g078640.2 (interacts with) Solyc08g082630.3","1.0E-20","false","interacts with","Solyc04g078640.2 (interacts with) Solyc08g082630.3"
"interacts with","0.674479","Solyc02g092050.3 (interacts with) Solyc04g078640.2","1.0E-20","false","interacts with","Solyc02g092050.3 (interacts with) Solyc04g078640.2"
"interacts with","0.325067","Solyc04g078640.2 (interacts with) Solyc11g065840.2","1.0E-10","false","interacts with","Solyc04g078640.2 (interacts with) Solyc11g065840.2"
"interacts with","0.395454","Solyc02g092050.3 (interacts with) Solyc12g005830.2","1.0E-10","false","interacts with","Solyc02g092050.3 (interacts with) Solyc12g005830.2"
"interacts with","0.690772","Solyc02g092050.3 (interacts with) Solyc06g036170.1","1.0E-20","false","interacts with","Solyc02g092050.3 (interacts with) Solyc06g036170.1"
"interacts with","0.502277","Solyc04g078640.2 (interacts with) Solyc11g065700.2","1.0E-15","false","interacts with","Solyc04g078640.2 (interacts with) Solyc11g065700.2"
"interacts with","0.450775","Solyc02g092050.3 (interacts with) Solyc03g006320.1","1.0E-15","false","interacts with","Solyc02g092050.3 (interacts with) Solyc03g006320.1"
"interacts with","0.340324","Solyc02g092050.3 (interacts with) Solyc10g054010.1","1.0E-10","false","interacts with","Solyc02g092050.3 (interacts with) Solyc10g054010.1"
"interacts with","0.486311","Solyc04g078640.2 (interacts with) Solyc12g014610.2","1.0E-15","false","interacts with","Solyc04g078640.2 (interacts with) Solyc12g014610.2"
"interacts with","0.660553","Solyc02g092050.3 (interacts with) Solyc11g017470.2","1.0E-20","false","interacts with","Solyc02g092050.3 (interacts with) Solyc11g017470.2"
"interacts with","0.475481","Solyc04g078640.2 (interacts with) Solyc12g099370.2","1.0E-15","false","interacts with","Solyc04g078640.2 (interacts with) Solyc12g099370.2"
"interacts with","0.704243","Solyc02g092050.3 (interacts with) Solyc10g006880.3","1.0E-20","false","interacts with","Solyc02g092050.3 (interacts with) Solyc10g006880.3"
"interacts with","0.671923","Solyc02g092050.3 (interacts with) Solyc03g097120.3","1.0E-20","false","interacts with","Solyc02g092050.3 (interacts with) Solyc03g097120.3"
"interacts with","0.288652","Solyc02g092050.3 (interacts with) Solyc11g062060.2","1.0E-5","false","interacts with","Solyc02g092050.3 (interacts with) Solyc11g062060.2"
"interacts with","0.309305","Solyc04g078640.2 (interacts with) Solyc08g076230.1","1.0E-10","false","interacts with","Solyc04g078640.2 (interacts with) Solyc08g076230.1"
"interacts with","0.651583","Solyc02g092050.3 (interacts with) Solyc04g077490.3","1.0E-20","false","interacts with","Solyc02g092050.3 (interacts with) Solyc04g077490.3"
"interacts with","0.443553","Solyc04g076360.3 (interacts with) Solyc07g066220.3","1.0E-15","false","interacts with","Solyc04g076360.3 (interacts with) Solyc07g066220.3"
"interacts with","0.60418","Solyc04g078640.2 (interacts with) Solyc08g022080.3","1.0E-20","false","interacts with","Solyc04g078640.2 (interacts with) Solyc08g022080.3"
"interacts with","0.655205","Solyc02g092050.3 (interacts with) Solyc06g083170.3","1.0E-20","false","interacts with","Solyc02g092050.3 (interacts with) Solyc06g083170.3"
"interacts with","0.831992","Solyc04g078640.2 (interacts with) Solyc12g013620.2","1.0E-25","false","interacts with","Solyc04g078640.2 (interacts with) Solyc12g013620.2"
"interacts with","0.502258","Solyc04g078640.2 (interacts with) Solyc07g053590.3","1.0E-15","false","interacts with","Solyc04g078640.2 (interacts with) Solyc07g053590.3"
"interacts with","0.643644","Solyc02g092050.3 (interacts with) Solyc11g071300.2","1.0E-20","false","interacts with","Solyc02g092050.3 (interacts with) Solyc11g071300.2"
"interacts with","0.442472","Solyc04g078640.2 (interacts with) Solyc07g006630.3","1.0E-15","false","interacts with","Solyc04g078640.2 (interacts with) Solyc07g006630.3"
"interacts with","0.222404","Solyc02g092050.3 (interacts with) Solyc10g081490.2","1.0E-5","false","interacts with","Solyc02g092050.3 (interacts with) Solyc10g081490.2"
"interacts with","0.792164","Solyc04g078640.2 (interacts with) Solyc10g006880.3","1.0E-25","false","interacts with","Solyc04g078640.2 (interacts with) Solyc10g006880.3"
"interacts with","0.331397","Solyc04g078640.2 (interacts with) Solyc05g052850.3","1.0E-10","false","interacts with","Solyc04g078640.2 (interacts with) Solyc05g052850.3"
"interacts with","0.561029","Solyc04g078640.2 (interacts with) Solyc05g056120.3","1.0E-15","false","interacts with","Solyc04g078640.2 (interacts with) Solyc05g056120.3"
"interacts with","0.495645","Solyc02g092050.3 (interacts with) Solyc10g009080.3","1.0E-15","false","interacts with","Solyc02g092050.3 (interacts with) Solyc10g009080.3"
"interacts with","0.556891","Solyc04g078640.2 (interacts with) Solyc12g014290.2","1.0E-15","false","interacts with","Solyc04g078640.2 (interacts with) Solyc12g014290.2"
"interacts with","0.201786","Solyc08g078590.1 (interacts with) Solyc12g089240.2","1.0E-5","false","interacts with","Solyc08g078590.1 (interacts with) Solyc12g089240.2"
"interacts with","0.642833","Solyc04g078640.2 (interacts with) Solyc07g063420.3","1.0E-20","false","interacts with","Solyc04g078640.2 (interacts with) Solyc07g063420.3"
"interacts with","0.155143","Solyc08g078590.1 (interacts with) Solyc11g061750.2","1.0E-5","false","interacts with","Solyc08g078590.1 (interacts with) Solyc11g061750.2"
"interacts with","0.486829","Solyc02g092050.3 (interacts with) Solyc08g076590.3","1.0E-15","false","interacts with","Solyc02g092050.3 (interacts with) Solyc08g076590.3"
"interacts with","0.651722","Solyc04g078640.2 (interacts with) Solyc08g061140.3","1.0E-20","false","interacts with","Solyc04g078640.2 (interacts with) Solyc08g061140.3"
"interacts with","0.701359","Solyc02g092050.3 (interacts with) Solyc12g098370.2","1.0E-20","false","interacts with","Solyc02g092050.3 (interacts with) Solyc12g098370.2"
"interacts with","0.789143","Solyc04g078640.2 (interacts with) Solyc06g053960.3","1.0E-25","false","interacts with","Solyc04g078640.2 (interacts with) Solyc06g053960.3"
"interacts with","0.203018","Solyc08g078590.1 (interacts with) Solyc11g005380.2","1.0E-5","false","interacts with","Solyc08g078590.1 (interacts with) Solyc11g005380.2"
"interacts with","0.669019","Solyc02g092050.3 (interacts with) Solyc04g077510.3","1.0E-20","false","interacts with","Solyc02g092050.3 (interacts with) Solyc04g077510.3"
"interacts with","0.224058","Solyc08g078590.1 (interacts with) Solyc10g005330.3","1.0E-5","false","interacts with","Solyc08g078590.1 (interacts with) Solyc10g005330.3"
"interacts with","0.70128","Solyc04g078640.2 (interacts with) Solyc12g098370.2","1.0E-20","false","interacts with","Solyc04g078640.2 (interacts with) Solyc12g098370.2"
"interacts with","0.705122","Solyc02g092050.3 (interacts with) Solyc06g053960.3","1.0E-20","false","interacts with","Solyc02g092050.3 (interacts with) Solyc06g053960.3"
"interacts with","0.21515","Solyc08g078590.1 (interacts with) Solyc11g013480.2","1.0E-5","false","interacts with","Solyc08g078590.1 (interacts with) Solyc11g013480.2"
"interacts with","0.710487","Solyc02g092050.3 (interacts with) Solyc10g079070.2","1.0E-20","false","interacts with","Solyc02g092050.3 (interacts with) Solyc10g079070.2"
"interacts with","0.17677","Solyc04g078640.2 (interacts with) Solyc06g050950.3","1.0E-5","false","interacts with","Solyc04g078640.2 (interacts with) Solyc06g050950.3"
"interacts with","0.205368","Solyc08g078590.1 (interacts with) Solyc10g006880.3","1.0E-5","false","interacts with","Solyc08g078590.1 (interacts with) Solyc10g006880.3"
"interacts with","0.495285","Solyc11g010710.2 (interacts with) Solyc12g089240.2","1.0E-15","false","interacts with","Solyc11g010710.2 (interacts with) Solyc12g089240.2"
"interacts with","0.455969","Solyc02g092050.3 (interacts with) Solyc08g006490.2","1.0E-15","false","interacts with","Solyc02g092050.3 (interacts with) Solyc08g006490.2"
"interacts with","0.646638","Solyc04g078640.2 (interacts with) Solyc08g076860.3","1.0E-20","false","interacts with","Solyc04g078640.2 (interacts with) Solyc08g076860.3"
"interacts with","0.671982","Solyc08g082630.3 (interacts with) Solyc10g006880.3","1.0E-20","false","interacts with","Solyc08g082630.3 (interacts with) Solyc10g006880.3"
"interacts with","0.37728","Solyc10g005330.3 (interacts with) Solyc12g005420.2","1.0E-10","false","interacts with","Solyc10g005330.3 (interacts with) Solyc12g005420.2"
"interacts with","0.493248","Solyc11g010710.2 (interacts with) Solyc11g044320.2","1.0E-15","false","interacts with","Solyc11g010710.2 (interacts with) Solyc11g044320.2"
"interacts with","0.690274","Solyc02g092050.3 (interacts with) Solyc08g080150.1","1.0E-20","false","interacts with","Solyc02g092050.3 (interacts with) Solyc08g080150.1"
"interacts with","0.374011","Solyc08g082630.3 (interacts with) Solyc10g007350.3","1.0E-10","false","interacts with","Solyc08g082630.3 (interacts with) Solyc10g007350.3"
"interacts with","0.534382","Solyc10g005330.3 (interacts with) Solyc12g014290.2","1.0E-15","false","interacts with","Solyc10g005330.3 (interacts with) Solyc12g014290.2"
"interacts with","0.485947","Solyc11g010710.2 (interacts with) Solyc12g096500.2","1.0E-15","false","interacts with","Solyc11g010710.2 (interacts with) Solyc12g096500.2"
"interacts with","0.658323","Solyc04g078640.2 (interacts with) Solyc07g055100.3","1.0E-20","false","interacts with","Solyc04g078640.2 (interacts with) Solyc07g055100.3"
"interacts with","0.56927","Solyc10g005330.3 (interacts with) Solyc12g007070.2","1.0E-15","false","interacts with","Solyc10g005330.3 (interacts with) Solyc12g007070.2"
"interacts with","0.557922","Solyc11g010710.2 (interacts with) Solyc12g007180.2","1.0E-15","false","interacts with","Solyc11g010710.2 (interacts with) Solyc12g007180.2"
"interacts with","0.624513","Solyc02g092050.3 (interacts with) Solyc08g005430.3","1.0E-20","false","interacts with","Solyc02g092050.3 (interacts with) Solyc08g005430.3"
"interacts with","0.412699","Solyc04g078640.2 (interacts with) Solyc10g080480.2","1.0E-10","false","interacts with","Solyc04g078640.2 (interacts with) Solyc10g080480.2"
"interacts with","0.730817","Solyc02g092050.3 (interacts with) Solyc08g066500.3","1.0E-25","false","interacts with","Solyc02g092050.3 (interacts with) Solyc08g066500.3"
"interacts with","0.542917","Solyc04g078640.2 (interacts with) Solyc12g014140.2","1.0E-15","false","interacts with","Solyc04g078640.2 (interacts with) Solyc12g014140.2"
"interacts with","0.732244","Solyc08g082630.3 (interacts with) Solyc10g079070.2","1.0E-25","false","interacts with","Solyc08g082630.3 (interacts with) Solyc10g079070.2"
"interacts with","0.70873","Solyc02g092050.3 (interacts with) Solyc08g082630.3","1.0E-20","false","interacts with","Solyc02g092050.3 (interacts with) Solyc08g082630.3"
"interacts with","0.512384","Solyc08g082630.3 (interacts with) Solyc11g011260.1","1.0E-15","false","interacts with","Solyc08g082630.3 (interacts with) Solyc11g011260.1"
"interacts with","0.712175","Solyc10g005330.3 (interacts with) Solyc12g098370.2","1.0E-20","false","interacts with","Solyc10g005330.3 (interacts with) Solyc12g098370.2"
"interacts with","0.68942","Solyc02g092050.3 (interacts with) Solyc06g069430.3","1.0E-20","false","interacts with","Solyc02g092050.3 (interacts with) Solyc06g069430.3"
"interacts with","0.720896","Solyc04g078640.2 (interacts with) Solyc10g079070.2","1.0E-25","false","interacts with","Solyc04g078640.2 (interacts with) Solyc10g079070.2"
"interacts with","0.654823","Solyc10g005330.3 (interacts with) Solyc11g069190.2","1.0E-20","false","interacts with","Solyc10g005330.3 (interacts with) Solyc11g069190.2"
"interacts with","0.59122","Solyc08g082630.3 (interacts with) Solyc10g084380.1","1.0E-20","false","interacts with","Solyc08g082630.3 (interacts with) Solyc10g084380.1"
"interacts with","0.522066","Solyc10g005330.3 (interacts with) Solyc11g011890.2","1.0E-15","false","interacts with","Solyc10g005330.3 (interacts with) Solyc11g011890.2"
"interacts with","0.376071","Solyc02g092050.3 (interacts with) Solyc08g082890.3","1.0E-10","false","interacts with","Solyc02g092050.3 (interacts with) Solyc08g082890.3"
"interacts with","0.373437","Solyc04g078640.2 (interacts with) Solyc09g090790.3","1.0E-10","false","interacts with","Solyc04g078640.2 (interacts with) Solyc09g090790.3"
"interacts with","0.686823","Solyc08g082630.3 (interacts with) Solyc11g017470.2","1.0E-20","false","interacts with","Solyc08g082630.3 (interacts with) Solyc11g017470.2"
"interacts with","0.481246","Solyc10g005330.3 (interacts with) Solyc12g099370.2","1.0E-15","false","interacts with","Solyc10g005330.3 (interacts with) Solyc12g099370.2"
"interacts with","0.619926","Solyc02g092050.3 (interacts with) Solyc09g074640.3","1.0E-20","false","interacts with","Solyc02g092050.3 (interacts with) Solyc09g074640.3"
"interacts with","0.732671","Solyc04g078640.2 (interacts with) Solyc10g078700.2","1.0E-25","false","interacts with","Solyc04g078640.2 (interacts with) Solyc10g078700.2"
"interacts with","0.691553","Solyc08g082630.3 (interacts with) Solyc12g098370.2","1.0E-20","false","interacts with","Solyc08g082630.3 (interacts with) Solyc12g098370.2"
"interacts with","0.570919","Solyc10g005330.3 (interacts with) Solyc10g080540.2","1.0E-15","false","interacts with","Solyc10g005330.3 (interacts with) Solyc10g080540.2"
"interacts with","0.540532","Solyc04g078640.2 (interacts with) Solyc06g005130.3","1.0E-15","false","interacts with","Solyc04g078640.2 (interacts with) Solyc06g005130.3"
"interacts with","0.689508","Solyc08g082630.3 (interacts with) Solyc09g007260.3","1.0E-20","false","interacts with","Solyc08g082630.3 (interacts with) Solyc09g007260.3"
"interacts with","0.419977","Solyc10g005330.3 (interacts with) Solyc10g081320.1","1.0E-10","false","interacts with","Solyc10g005330.3 (interacts with) Solyc10g081320.1"
"interacts with","0.598801","Solyc08g082630.3 (interacts with) Solyc11g071300.2","1.0E-20","false","interacts with","Solyc08g082630.3 (interacts with) Solyc11g071300.2"
"interacts with","0.623184","Solyc10g005330.3 (interacts with) Solyc10g084380.1","1.0E-20","false","interacts with","Solyc10g005330.3 (interacts with) Solyc10g084380.1"
"interacts with","0.67925","Solyc02g092050.3 (interacts with) Solyc10g078700.2","1.0E-20","false","interacts with","Solyc02g092050.3 (interacts with) Solyc10g078700.2"
"interacts with","0.577418","Solyc04g078640.2 (interacts with) Solyc12g006240.2","1.0E-20","false","interacts with","Solyc04g078640.2 (interacts with) Solyc12g006240.2"
"interacts with","0.524457","Solyc08g082630.3 (interacts with) Solyc11g010710.2","1.0E-15","false","interacts with","Solyc08g082630.3 (interacts with) Solyc11g010710.2"
"interacts with","0.48066","Solyc10g005330.3 (interacts with) Solyc11g011260.1","1.0E-15","false","interacts with","Solyc10g005330.3 (interacts with) Solyc11g011260.1"
"interacts with","0.385644","Solyc02g092050.3 (interacts with) Solyc09g090790.3","1.0E-10","false","interacts with","Solyc02g092050.3 (interacts with) Solyc09g090790.3"
"interacts with","0.326954","Solyc08g082630.3 (interacts with) Solyc11g065840.2","1.0E-10","false","interacts with","Solyc08g082630.3 (interacts with) Solyc11g065840.2"
"interacts with","0.732409","Solyc10g005330.3 (interacts with) Solyc10g079070.2","1.0E-25","false","interacts with","Solyc10g005330.3 (interacts with) Solyc10g079070.2"
"interacts with","0.802594","Solyc04g078640.2 (interacts with) Solyc12g098520.2","1.0E-25","false","interacts with","Solyc04g078640.2 (interacts with) Solyc12g098520.2"
"interacts with","0.489159","Solyc08g082630.3 (interacts with) Solyc11g008830.2","1.0E-15","false","interacts with","Solyc08g082630.3 (interacts with) Solyc11g008830.2"
"interacts with","0.800067","Solyc04g078640.2 (interacts with) Solyc06g069430.3","1.0E-25","false","interacts with","Solyc04g078640.2 (interacts with) Solyc06g069430.3"
"interacts with","0.385488","Solyc08g082630.3 (interacts with) Solyc12g005420.2","1.0E-10","false","interacts with","Solyc08g082630.3 (interacts with) Solyc12g005420.2"
"interacts with","0.675409","Solyc10g005330.3 (interacts with) Solyc10g018780.2","1.0E-20","false","interacts with","Solyc10g005330.3 (interacts with) Solyc10g018780.2"
"interacts with","0.723867","Solyc10g005330.3 (interacts with) Solyc10g078700.2","1.0E-25","false","interacts with","Solyc10g005330.3 (interacts with) Solyc10g078700.2"
"interacts with","0.623779","Solyc04g078640.2 (interacts with) Solyc08g066500.3","1.0E-20","false","interacts with","Solyc04g078640.2 (interacts with) Solyc08g066500.3"
"interacts with","0.37572","Solyc10g005330.3 (interacts with) Solyc10g007350.3","1.0E-10","false","interacts with","Solyc10g005330.3 (interacts with) Solyc10g007350.3"
"interacts with","0.775951","Solyc10g005330.3 (interacts with) Solyc10g006880.3","1.0E-25","false","interacts with","Solyc10g005330.3 (interacts with) Solyc10g006880.3"
"interacts with","0.659214","Solyc04g078640.2 (interacts with) Solyc08g068320.3","1.0E-20","false","interacts with","Solyc04g078640.2 (interacts with) Solyc08g068320.3"
"interacts with","0.691284","Solyc04g078640.2 (interacts with) Solyc06g008200.3","1.0E-20","false","interacts with","Solyc04g078640.2 (interacts with) Solyc06g008200.3"
"interacts with","0.760313","Solyc04g078640.2 (interacts with) Solyc09g007260.3","1.0E-25","false","interacts with","Solyc04g078640.2 (interacts with) Solyc09g007260.3"
"interacts with","0.477756","Solyc04g078640.2 (interacts with) Solyc08g080120.3","1.0E-15","false","interacts with","Solyc04g078640.2 (interacts with) Solyc08g080120.3"
"interacts with","0.625888","Solyc04g078640.2 (interacts with) Solyc07g062680.2","1.0E-20","false","interacts with","Solyc04g078640.2 (interacts with) Solyc07g062680.2"
"interacts with","0.277887","Solyc04g078640.2 (interacts with) Solyc10g007970.2","1.0E-5","false","interacts with","Solyc04g078640.2 (interacts with) Solyc10g007970.2"
"interacts with","0.207333","Solyc08g076370.3 (interacts with) Solyc08g078590.1","1.0E-5","false","interacts with","Solyc08g076370.3 (interacts with) Solyc08g078590.1"
"interacts with","0.634655","Solyc08g076370.3 (interacts with) Solyc10g005330.3","1.0E-20","false","interacts with","Solyc08g076370.3 (interacts with) Solyc10g005330.3"
"interacts with","0.789898","Solyc04g078640.2 (interacts with) Solyc05g012020.3","1.0E-25","false","interacts with","Solyc04g078640.2 (interacts with) Solyc05g012020.3"
"interacts with","0.529344","Solyc04g078640.2 (interacts with) Solyc07g043330.2","1.0E-15","false","interacts with","Solyc04g078640.2 (interacts with) Solyc07g043330.2"
"interacts with","0.806032","Solyc04g078640.2 (interacts with) Solyc11g017470.2","1.0E-25","false","interacts with","Solyc04g078640.2 (interacts with) Solyc11g017470.2"
"interacts with","0.667274","Solyc04g078640.2 (interacts with) Solyc05g007770.3","1.0E-20","false","interacts with","Solyc04g078640.2 (interacts with) Solyc05g007770.3"
"interacts with","0.602281","Solyc04g078640.2 (interacts with) Solyc06g075140.3","1.0E-20","false","interacts with","Solyc04g078640.2 (interacts with) Solyc06g075140.3"
"interacts with","0.464346","Solyc08g076370.3 (interacts with) Solyc12g056860.2","1.0E-15","false","interacts with","Solyc08g076370.3 (interacts with) Solyc12g056860.2"
"interacts with","0.507408","Solyc04g078640.2 (interacts with) Solyc05g050220.3","1.0E-15","false","interacts with","Solyc04g078640.2 (interacts with) Solyc05g050220.3"
"interacts with","0.389002","Solyc08g076370.3 (interacts with) Solyc08g082890.3","1.0E-10","false","interacts with","Solyc08g076370.3 (interacts with) Solyc08g082890.3"
"interacts with","0.216061","Solyc08g076370.3 (interacts with) Solyc08g076710.3","1.0E-5","false","interacts with","Solyc08g076370.3 (interacts with) Solyc08g076710.3"
"interacts with","0.736687","Solyc04g078640.2 (interacts with) Solyc07g063970.3","1.0E-25","false","interacts with","Solyc04g078640.2 (interacts with) Solyc07g063970.3"
"interacts with","0.797445","Solyc04g078640.2 (interacts with) Solyc06g036170.1","1.0E-25","false","interacts with","Solyc04g078640.2 (interacts with) Solyc06g036170.1"
"interacts with","0.485448","Solyc09g007260.3 (interacts with) Solyc11g010710.2","1.0E-15","false","interacts with","Solyc09g007260.3 (interacts with) Solyc11g010710.2"
"interacts with","0.256421","Solyc04g078640.2 (interacts with) Solyc07g063410.3","1.0E-5","false","interacts with","Solyc04g078640.2 (interacts with) Solyc07g063410.3"
"interacts with","0.641085","Solyc09g007260.3 (interacts with) Solyc11g071300.2","1.0E-20","false","interacts with","Solyc09g007260.3 (interacts with) Solyc11g071300.2"
"interacts with","0.641772","Solyc04g078640.2 (interacts with) Solyc08g006260.2","1.0E-20","false","interacts with","Solyc04g078640.2 (interacts with) Solyc08g006260.2"
"interacts with","0.326152","Solyc09g007260.3 (interacts with) Solyc11g065840.2","1.0E-10","false","interacts with","Solyc09g007260.3 (interacts with) Solyc11g065840.2"
"interacts with","0.70215","Solyc04g078640.2 (interacts with) Solyc08g060840.1","1.0E-20","false","interacts with","Solyc04g078640.2 (interacts with) Solyc08g060840.1"
"interacts with","0.739912","Solyc01g087990.3 (interacts with) Solyc04g078640.2","1.0E-25","false","interacts with","Solyc01g087990.3 (interacts with) Solyc04g078640.2"
"interacts with","0.478887","Solyc09g007260.3 (interacts with) Solyc11g008830.2","1.0E-15","false","interacts with","Solyc09g007260.3 (interacts with) Solyc11g008830.2"
"interacts with","0.652625","Solyc01g087990.3 (interacts with) Solyc05g007770.3","1.0E-20","false","interacts with","Solyc01g087990.3 (interacts with) Solyc05g007770.3"
"interacts with","0.666429","Solyc09g007260.3 (interacts with) Solyc09g082505.1","1.0E-20","false","interacts with","Solyc09g007260.3 (interacts with) Solyc09g082505.1"
"interacts with","0.720253","Solyc09g007260.3 (interacts with) Solyc12g098370.2","1.0E-25","false","interacts with","Solyc09g007260.3 (interacts with) Solyc12g098370.2"
"interacts with","0.753794","Solyc09g007260.3 (interacts with) Solyc10g079070.2","1.0E-25","false","interacts with","Solyc09g007260.3 (interacts with) Solyc10g079070.2"
"interacts with","0.598842","Solyc01g087990.3 (interacts with) Solyc11g072470.2","1.0E-20","false","interacts with","Solyc01g087990.3 (interacts with) Solyc11g072470.2"
"interacts with","0.553884","Solyc09g007260.3 (interacts with) Solyc12g014140.2","1.0E-15","false","interacts with","Solyc09g007260.3 (interacts with) Solyc12g014140.2"
"interacts with","0.584205","Solyc09g007260.3 (interacts with) Solyc10g086640.2","1.0E-20","false","interacts with","Solyc09g007260.3 (interacts with) Solyc10g086640.2"
"interacts with","0.718325","Solyc09g007260.3 (interacts with) Solyc10g006880.3","1.0E-25","false","interacts with","Solyc09g007260.3 (interacts with) Solyc10g006880.3"
"interacts with","0.672803","Solyc01g087990.3 (interacts with) Solyc03g097120.3","1.0E-20","false","interacts with","Solyc01g087990.3 (interacts with) Solyc03g097120.3"
"interacts with","0.738553","Solyc09g007260.3 (interacts with) Solyc10g018780.2","1.0E-25","false","interacts with","Solyc09g007260.3 (interacts with) Solyc10g018780.2"
"interacts with","0.518344","Solyc09g007260.3 (interacts with) Solyc11g072500.2","1.0E-15","false","interacts with","Solyc09g007260.3 (interacts with) Solyc11g072500.2"
"interacts with","0.443688","Solyc01g087990.3 (interacts with) Solyc08g080120.3","1.0E-15","false","interacts with","Solyc01g087990.3 (interacts with) Solyc08g080120.3"
"interacts with","0.714583","Solyc09g007260.3 (interacts with) Solyc10g078700.2","1.0E-25","false","interacts with","Solyc09g007260.3 (interacts with) Solyc10g078700.2"
"interacts with","0.622373","Solyc01g087990.3 (interacts with) Solyc03g112390.3","1.0E-20","false","interacts with","Solyc01g087990.3 (interacts with) Solyc03g112390.3"
"interacts with","0.38272","Solyc09g007260.3 (interacts with) Solyc09g090790.3","1.0E-10","false","interacts with","Solyc09g007260.3 (interacts with) Solyc09g090790.3"
"interacts with","0.616032","Solyc01g087990.3 (interacts with) Solyc12g099760.2","1.0E-20","false","interacts with","Solyc01g087990.3 (interacts with) Solyc12g099760.2"
"interacts with","0.516495","Solyc01g087990.3 (interacts with) Solyc11g072150.2","1.0E-15","false","interacts with","Solyc01g087990.3 (interacts with) Solyc11g072150.2"
"interacts with","0.599299","Solyc01g087990.3 (interacts with) Solyc05g051460.3","1.0E-20","false","interacts with","Solyc01g087990.3 (interacts with) Solyc05g051460.3"
"interacts with","0.532929","Solyc01g087990.3 (interacts with) Solyc02g090310.1","1.0E-15","false","interacts with","Solyc01g087990.3 (interacts with) Solyc02g090310.1"
"interacts with","0.284465","Solyc01g087990.3 (interacts with) Solyc10g083567.1","1.0E-5","false","interacts with","Solyc01g087990.3 (interacts with) Solyc10g083567.1"
"interacts with","0.428091","Solyc06g082590.1 (interacts with) Solyc10g008880.3","1.0E-10","false","interacts with","Solyc06g082590.1 (interacts with) Solyc10g008880.3"
"interacts with","0.588798","Solyc01g087990.3 (interacts with) Solyc09g066060.2","1.0E-20","false","interacts with","Solyc01g087990.3 (interacts with) Solyc09g066060.2"
"interacts with","0.424514","Solyc06g082590.1 (interacts with) Solyc12g056790.2","1.0E-10","false","interacts with","Solyc06g082590.1 (interacts with) Solyc12g056790.2"
"interacts with","0.605755","Solyc01g087990.3 (interacts with) Solyc03g120890.3","1.0E-20","false","interacts with","Solyc01g087990.3 (interacts with) Solyc03g120890.3"
"interacts with","0.309995","Solyc06g082590.1 (interacts with) Solyc09g091250.3","1.0E-10","false","interacts with","Solyc06g082590.1 (interacts with) Solyc09g091250.3"
"interacts with","0.662317","Solyc01g087990.3 (interacts with) Solyc10g079050.2","1.0E-20","false","interacts with","Solyc01g087990.3 (interacts with) Solyc10g079050.2"
"interacts with","0.586761","Solyc03g118310.3 (interacts with) Solyc10g006880.3","1.0E-20","false","interacts with","Solyc03g118310.3 (interacts with) Solyc10g006880.3"
"interacts with","0.413764","Solyc01g087990.3 (interacts with) Solyc02g069830.3","1.0E-10","false","interacts with","Solyc01g087990.3 (interacts with) Solyc02g069830.3"
"interacts with","0.609242","Solyc01g087990.3 (interacts with) Solyc08g063040.3","1.0E-20","false","interacts with","Solyc01g087990.3 (interacts with) Solyc08g063040.3"
"interacts with","0.545355","Solyc03g118310.3 (interacts with) Solyc07g063970.3","1.0E-15","false","interacts with","Solyc03g118310.3 (interacts with) Solyc07g063970.3"
"interacts with","0.607784","Solyc01g087990.3 (interacts with) Solyc03g113270.3","1.0E-20","false","interacts with","Solyc01g087990.3 (interacts with) Solyc03g113270.3"
"interacts with","0.414923","Solyc03g118310.3 (interacts with) Solyc08g006490.2","1.0E-10","false","interacts with","Solyc03g118310.3 (interacts with) Solyc08g006490.2"
"interacts with","0.3837","Solyc01g090340.2 (interacts with) Solyc08g082890.3","1.0E-10","false","interacts with","Solyc01g090340.2 (interacts with) Solyc08g082890.3"
"interacts with","0.595286","Solyc01g090340.2 (interacts with) Solyc04g074810.3","1.0E-20","false","interacts with","Solyc01g090340.2 (interacts with) Solyc04g074810.3"
"interacts with","0.477325","Solyc03g118310.3 (interacts with) Solyc12g056860.2","1.0E-15","false","interacts with","Solyc03g118310.3 (interacts with) Solyc12g056860.2"
"interacts with","0.365707","Solyc01g090340.2 (interacts with) Solyc09g090790.3","1.0E-10","false","interacts with","Solyc01g090340.2 (interacts with) Solyc09g090790.3"
"interacts with","0.143862","Solyc01g090340.2 (interacts with) Solyc05g051420.2","0.1","false","interacts with","Solyc01g090340.2 (interacts with) Solyc05g051420.2"
"interacts with","0.539958","Solyc03g118310.3 (interacts with) Solyc05g012020.3","1.0E-15","false","interacts with","Solyc03g118310.3 (interacts with) Solyc05g012020.3"
"interacts with","0.725402","Solyc01g090340.2 (interacts with) Solyc06g069430.3","1.0E-25","false","interacts with","Solyc01g090340.2 (interacts with) Solyc06g069430.3"
"interacts with","0.537047","Solyc03g118310.3 (interacts with) Solyc07g052960.2","1.0E-15","false","interacts with","Solyc03g118310.3 (interacts with) Solyc07g052960.2"
"interacts with","0.671089","Solyc01g090340.2 (interacts with) Solyc10g079070.2","1.0E-20","false","interacts with","Solyc01g090340.2 (interacts with) Solyc10g079070.2"
"interacts with","0.645346","Solyc01g090340.2 (interacts with) Solyc01g096050.3","1.0E-20","false","interacts with","Solyc01g090340.2 (interacts with) Solyc01g096050.3"
"interacts with","0.651535","Solyc01g090340.2 (interacts with) Solyc06g053610.3","1.0E-20","false","interacts with","Solyc01g090340.2 (interacts with) Solyc06g053610.3"
"interacts with","0.654119","Solyc08g060840.1 (interacts with) Solyc09g089550.3","1.0E-20","false","interacts with","Solyc08g060840.1 (interacts with) Solyc09g089550.3"
"interacts with","0.726725","Solyc01g090340.2 (interacts with) Solyc01g096370.3","1.0E-25","false","interacts with","Solyc01g090340.2 (interacts with) Solyc01g096370.3"
"interacts with","0.651007","Solyc08g060840.1 (interacts with) Solyc11g005380.2","1.0E-20","false","interacts with","Solyc08g060840.1 (interacts with) Solyc11g005380.2"
"interacts with","0.650528","Solyc01g090340.2 (interacts with) Solyc12g098370.2","1.0E-20","false","interacts with","Solyc01g090340.2 (interacts with) Solyc12g098370.2"
"interacts with","0.69104","Solyc01g090340.2 (interacts with) Solyc06g053960.3","1.0E-20","false","interacts with","Solyc01g090340.2 (interacts with) Solyc06g053960.3"
"interacts with","0.6546","Solyc01g090340.2 (interacts with) Solyc06g049040.3","1.0E-20","false","interacts with","Solyc01g090340.2 (interacts with) Solyc06g049040.3"
"interacts with","0.394315","Solyc01g090340.2 (interacts with) Solyc08g079120.2","1.0E-10","false","interacts with","Solyc01g090340.2 (interacts with) Solyc08g079120.2"
"interacts with","0.686755","Solyc08g060840.1 (interacts with) Solyc10g080770.2","1.0E-20","false","interacts with","Solyc08g060840.1 (interacts with) Solyc10g080770.2"
"interacts with","0.222198","Solyc01g090340.2 (interacts with) Solyc03g119370.2","1.0E-5","false","interacts with","Solyc01g090340.2 (interacts with) Solyc03g119370.2"
"interacts with","0.603664","Solyc01g090340.2 (interacts with) Solyc07g063420.3","1.0E-20","false","interacts with","Solyc01g090340.2 (interacts with) Solyc07g063420.3"
"interacts with","0.572496","Solyc03g097120.3 (interacts with) Solyc03g118190.3","1.0E-20","false","interacts with","Solyc03g097120.3 (interacts with) Solyc03g118190.3"
"interacts with","0.58076","Solyc01g090340.2 (interacts with) Solyc06g083900.3","1.0E-20","false","interacts with","Solyc01g090340.2 (interacts with) Solyc06g083900.3"
"interacts with","0.717599","Solyc03g097120.3 (interacts with) Solyc06g053960.3","1.0E-25","false","interacts with","Solyc03g097120.3 (interacts with) Solyc06g053960.3"
"interacts with","0.520026","Solyc03g097120.3 (interacts with) Solyc08g076590.3","1.0E-15","false","interacts with","Solyc03g097120.3 (interacts with) Solyc08g076590.3"
"interacts with","0.67547","Solyc01g090340.2 (interacts with) Solyc03g097120.3","1.0E-20","false","interacts with","Solyc01g090340.2 (interacts with) Solyc03g097120.3"
"interacts with","0.746002","Solyc03g097120.3 (interacts with) Solyc06g049040.3","1.0E-25","false","interacts with","Solyc03g097120.3 (interacts with) Solyc06g049040.3"
"interacts with","0.593228","Solyc01g090340.2 (interacts with) Solyc06g075140.3","1.0E-20","false","interacts with","Solyc01g090340.2 (interacts with) Solyc06g075140.3"
"interacts with","0.310584","Solyc02g080890.3 (interacts with) Solyc02g093050.3","1.0E-10","false","interacts with","Solyc02g080890.3 (interacts with) Solyc02g093050.3"
"interacts with","0.718202","Solyc01g090340.2 (interacts with) Solyc07g063970.3","1.0E-25","false","interacts with","Solyc01g090340.2 (interacts with) Solyc07g063970.3"
"interacts with","0.539289","Solyc02g080890.3 (interacts with) Solyc04g005800.3","1.0E-15","false","interacts with","Solyc02g080890.3 (interacts with) Solyc04g005800.3"
"interacts with","0.647581","Solyc03g097120.3 (interacts with) Solyc07g063420.3","1.0E-20","false","interacts with","Solyc03g097120.3 (interacts with) Solyc07g063420.3"
"interacts with","0.270116","Solyc01g090340.2 (interacts with) Solyc10g007970.2","1.0E-5","false","interacts with","Solyc01g090340.2 (interacts with) Solyc10g007970.2"
"interacts with","0.634082","Solyc03g097120.3 (interacts with) Solyc08g061140.3","1.0E-20","false","interacts with","Solyc03g097120.3 (interacts with) Solyc08g061140.3"
"interacts with","0.483714","Solyc01g090340.2 (interacts with) Solyc12g056860.2","1.0E-15","false","interacts with","Solyc01g090340.2 (interacts with) Solyc12g056860.2"
"interacts with","0.549828","Solyc02g080890.3 (interacts with) Solyc03g006000.3","1.0E-15","false","interacts with","Solyc02g080890.3 (interacts with) Solyc03g006000.3"
"interacts with","0.513914","Solyc02g080890.3 (interacts with) Solyc03g043900.1","1.0E-15","false","interacts with","Solyc02g080890.3 (interacts with) Solyc03g043900.1"
"interacts with","0.71794","Solyc03g097120.3 (interacts with) Solyc10g078700.2","1.0E-25","false","interacts with","Solyc03g097120.3 (interacts with) Solyc10g078700.2"
"interacts with","0.548705","Solyc01g090340.2 (interacts with) Solyc04g005130.3","1.0E-15","false","interacts with","Solyc01g090340.2 (interacts with) Solyc04g005130.3"
"interacts with","0.393383","Solyc03g097120.3 (interacts with) Solyc09g090790.3","1.0E-10","false","interacts with","Solyc03g097120.3 (interacts with) Solyc09g090790.3"
"interacts with","0.509011","Solyc01g090340.2 (interacts with) Solyc01g102980.3","1.0E-15","false","interacts with","Solyc01g090340.2 (interacts with) Solyc01g102980.3"
"interacts with","0.561962","Solyc02g080890.3 (interacts with) Solyc10g080770.2","1.0E-15","false","interacts with","Solyc02g080890.3 (interacts with) Solyc10g080770.2"
"interacts with","0.729491","Solyc03g097120.3 (interacts with) Solyc11g013480.2","1.0E-25","false","interacts with","Solyc03g097120.3 (interacts with) Solyc11g013480.2"
"interacts with","0.720336","Solyc01g090340.2 (interacts with) Solyc09g007260.3","1.0E-25","false","interacts with","Solyc01g090340.2 (interacts with) Solyc09g007260.3"
"interacts with","0.662182","Solyc01g090340.2 (interacts with) Solyc11g005380.2","1.0E-20","false","interacts with","Solyc01g090340.2 (interacts with) Solyc11g005380.2"
"interacts with","0.581385","Solyc03g097120.3 (interacts with) Solyc04g074810.3","1.0E-20","false","interacts with","Solyc03g097120.3 (interacts with) Solyc04g074810.3"
"interacts with","0.217096","Solyc01g090340.2 (interacts with) Solyc08g076710.3","1.0E-5","false","interacts with","Solyc01g090340.2 (interacts with) Solyc08g076710.3"
"interacts with","0.596562","Solyc01g090340.2 (interacts with) Solyc06g075510.3","1.0E-20","false","interacts with","Solyc01g090340.2 (interacts with) Solyc06g075510.3"
"interacts with","0.526347","Solyc02g080890.3 (interacts with) Solyc09g089550.3","1.0E-15","false","interacts with","Solyc02g080890.3 (interacts with) Solyc09g089550.3"
"interacts with","0.759404","Solyc03g097120.3 (interacts with) Solyc06g069430.3","1.0E-25","false","interacts with","Solyc03g097120.3 (interacts with) Solyc06g069430.3"
"interacts with","0.535993","Solyc01g090340.2 (interacts with) Solyc10g080540.2","1.0E-15","false","interacts with","Solyc01g090340.2 (interacts with) Solyc10g080540.2"
"interacts with","0.344898","Solyc02g080890.3 (interacts with) Solyc06g072520.2","1.0E-10","false","interacts with","Solyc02g080890.3 (interacts with) Solyc06g072520.2"
"interacts with","0.407235","Solyc03g097120.3 (interacts with) Solyc10g080480.2","1.0E-10","false","interacts with","Solyc03g097120.3 (interacts with) Solyc10g080480.2"
"interacts with","0.50698","Solyc01g090340.2 (interacts with) Solyc04g078770.3","1.0E-15","false","interacts with","Solyc01g090340.2 (interacts with) Solyc04g078770.3"
"interacts with","0.741956","Solyc03g097120.3 (interacts with) Solyc10g079070.2","1.0E-25","false","interacts with","Solyc03g097120.3 (interacts with) Solyc10g079070.2"
"interacts with","0.415224","Solyc02g080890.3 (interacts with) Solyc04g009435.1","1.0E-10","false","interacts with","Solyc02g080890.3 (interacts with) Solyc04g009435.1"
"interacts with","0.509124","Solyc03g097120.3 (interacts with) Solyc04g076530.3","1.0E-15","false","interacts with","Solyc03g097120.3 (interacts with) Solyc04g076530.3"
"interacts with","0.478038","Solyc01g090340.2 (interacts with) Solyc02g068200.1","1.0E-15","false","interacts with","Solyc01g090340.2 (interacts with) Solyc02g068200.1"
"interacts with","0.51634","Solyc02g080890.3 (interacts with) Solyc05g012020.3","1.0E-15","false","interacts with","Solyc02g080890.3 (interacts with) Solyc05g012020.3"
"interacts with","0.697276","Solyc03g097120.3 (interacts with) Solyc06g053610.3","1.0E-20","false","interacts with","Solyc03g097120.3 (interacts with) Solyc06g053610.3"
"interacts with","0.548195","Solyc08g006260.2 (interacts with) Solyc12g100140.2","1.0E-15","false","interacts with","Solyc08g006260.2 (interacts with) Solyc12g100140.2"
"interacts with","0.61401","Solyc08g006260.2 (interacts with) Solyc11g069190.2","1.0E-20","false","interacts with","Solyc08g006260.2 (interacts with) Solyc11g069190.2"
"interacts with","0.781415","Solyc03g097120.3 (interacts with) Solyc05g012020.3","1.0E-25","false","interacts with","Solyc03g097120.3 (interacts with) Solyc05g012020.3"
"interacts with","0.650372","Solyc08g006260.2 (interacts with) Solyc12g098370.2","1.0E-20","false","interacts with","Solyc08g006260.2 (interacts with) Solyc12g098370.2"
"interacts with","0.551212","Solyc02g080890.3 (interacts with) Solyc03g118190.3","1.0E-15","false","interacts with","Solyc02g080890.3 (interacts with) Solyc03g118190.3"
"interacts with","0.505193","Solyc03g097120.3 (interacts with) Solyc12g056860.2","1.0E-15","false","interacts with","Solyc03g097120.3 (interacts with) Solyc12g056860.2"
"interacts with","0.654447","Solyc01g090340.2 (interacts with) Solyc06g063070.3","1.0E-20","false","interacts with","Solyc01g090340.2 (interacts with) Solyc06g063070.3"
"interacts with","0.589722","Solyc03g097120.3 (interacts with) Solyc06g065040.3","1.0E-20","false","interacts with","Solyc03g097120.3 (interacts with) Solyc06g065040.3"
"interacts with","0.457869","Solyc01g090340.2 (interacts with) Solyc11g008830.2","1.0E-15","false","interacts with","Solyc01g090340.2 (interacts with) Solyc11g008830.2"
"interacts with","0.720542","Solyc03g097120.3 (interacts with) Solyc12g099760.2","1.0E-25","false","interacts with","Solyc03g097120.3 (interacts with) Solyc12g099760.2"
"interacts with","0.66276","Solyc08g006260.2 (interacts with) Solyc09g007260.3","1.0E-20","false","interacts with","Solyc08g006260.2 (interacts with) Solyc09g007260.3"
"interacts with","0.652436","Solyc03g097120.3 (interacts with) Solyc08g068320.3","1.0E-20","false","interacts with","Solyc03g097120.3 (interacts with) Solyc08g068320.3"
"interacts with","0.665174","Solyc01g090340.2 (interacts with) Solyc10g005330.3","1.0E-20","false","interacts with","Solyc01g090340.2 (interacts with) Solyc10g005330.3"
"interacts with","0.686768","Solyc08g006260.2 (interacts with) Solyc10g005330.3","1.0E-20","false","interacts with","Solyc08g006260.2 (interacts with) Solyc10g005330.3"
"interacts with","0.362453","Solyc06g082530.2 (interacts with) Solyc10g006880.3","1.0E-10","false","interacts with","Solyc06g082530.2 (interacts with) Solyc10g006880.3"
"interacts with","0.778677","Solyc03g097120.3 (interacts with) Solyc11g005380.2","1.0E-25","false","interacts with","Solyc03g097120.3 (interacts with) Solyc11g005380.2"
"interacts with","0.653887","Solyc01g090340.2 (interacts with) Solyc04g045430.3","1.0E-20","false","interacts with","Solyc01g090340.2 (interacts with) Solyc04g045430.3"
"interacts with","0.700348","Solyc08g006260.2 (interacts with) Solyc08g068320.3","1.0E-20","false","interacts with","Solyc08g006260.2 (interacts with) Solyc08g068320.3"
"interacts with","0.525826","Solyc03g097120.3 (interacts with) Solyc11g010710.2","1.0E-15","false","interacts with","Solyc03g097120.3 (interacts with) Solyc11g010710.2"
"interacts with","0.531843","Solyc01g090340.2 (interacts with) Solyc02g090220.3","1.0E-15","false","interacts with","Solyc01g090340.2 (interacts with) Solyc02g090220.3"
"interacts with","0.317805","Solyc06g082530.2 (interacts with) Solyc09g083360.3","1.0E-10","false","interacts with","Solyc06g082530.2 (interacts with) Solyc09g083360.3"
"interacts with","0.717829","Solyc03g097120.3 (interacts with) Solyc09g007260.3","1.0E-25","false","interacts with","Solyc03g097120.3 (interacts with) Solyc09g007260.3"
"interacts with","0.688587","Solyc01g090340.2 (interacts with) Solyc02g024070.3","1.0E-20","false","interacts with","Solyc01g090340.2 (interacts with) Solyc02g024070.3"
"interacts with","0.649397","Solyc08g006260.2 (interacts with) Solyc10g006880.3","1.0E-20","false","interacts with","Solyc08g006260.2 (interacts with) Solyc10g006880.3"
"interacts with","0.348158","Solyc06g082530.2 (interacts with) Solyc11g069510.2","1.0E-10","false","interacts with","Solyc06g082530.2 (interacts with) Solyc11g069510.2"
"interacts with","0.460018","Solyc01g090340.2 (interacts with) Solyc03g019710.3","1.0E-15","false","interacts with","Solyc01g090340.2 (interacts with) Solyc03g019710.3"
"interacts with","0.586887","Solyc08g006260.2 (interacts with) Solyc10g086640.2","1.0E-20","false","interacts with","Solyc08g006260.2 (interacts with) Solyc10g086640.2"
"interacts with","0.623306","Solyc03g097120.3 (interacts with) Solyc07g062680.2","1.0E-20","false","interacts with","Solyc03g097120.3 (interacts with) Solyc07g062680.2"
"interacts with","0.430006","Solyc01g090340.2 (interacts with) Solyc07g006630.3","1.0E-10","false","interacts with","Solyc01g090340.2 (interacts with) Solyc07g006630.3"
"interacts with","0.658285","Solyc08g006260.2 (interacts with) Solyc10g018780.2","1.0E-20","false","interacts with","Solyc08g006260.2 (interacts with) Solyc10g018780.2"
"interacts with","0.463335","Solyc03g097120.3 (interacts with) Solyc08g080120.3","1.0E-15","false","interacts with","Solyc03g097120.3 (interacts with) Solyc08g080120.3"
"interacts with","0.685864","Solyc08g006260.2 (interacts with) Solyc10g078700.2","1.0E-20","false","interacts with","Solyc08g006260.2 (interacts with) Solyc10g078700.2"
"interacts with","0.485664","Solyc12g087830.2 (interacts with) Solyc12g099760.2","1.0E-15","false","interacts with","Solyc12g087830.2 (interacts with) Solyc12g099760.2"
"interacts with","0.408494","Solyc03g097120.3 (interacts with) Solyc12g098620.2","1.0E-10","false","interacts with","Solyc03g097120.3 (interacts with) Solyc12g098620.2"
"interacts with","0.655872","Solyc01g090340.2 (interacts with) Solyc10g006880.3","1.0E-20","false","interacts with","Solyc01g090340.2 (interacts with) Solyc10g006880.3"
"interacts with","0.677035","Solyc08g006260.2 (interacts with) Solyc10g079070.2","1.0E-20","false","interacts with","Solyc08g006260.2 (interacts with) Solyc10g079070.2"
"interacts with","0.329885","Solyc05g005240.2 (interacts with) Solyc09g066060.2","1.0E-10","false","interacts with","Solyc05g005240.2 (interacts with) Solyc09g066060.2"
"interacts with","0.250248","Solyc08g006260.2 (interacts with) Solyc09g015110.2","1.0E-5","false","interacts with","Solyc08g006260.2 (interacts with) Solyc09g015110.2"
"interacts with","0.343781","Solyc05g005240.2 (interacts with) Solyc11g044320.2","1.0E-10","false","interacts with","Solyc05g005240.2 (interacts with) Solyc11g044320.2"
"interacts with","0.739538","Solyc03g097120.3 (interacts with) Solyc06g076270.3","1.0E-25","false","interacts with","Solyc03g097120.3 (interacts with) Solyc06g076270.3"
"interacts with","0.34689","Solyc01g090340.2 (interacts with) Solyc06g068360.3","1.0E-10","false","interacts with","Solyc01g090340.2 (interacts with) Solyc06g068360.3"
"interacts with","0.310311","Solyc05g005240.2 (interacts with) Solyc06g076270.3","1.0E-10","false","interacts with","Solyc05g005240.2 (interacts with) Solyc06g076270.3"
"interacts with","0.586048","Solyc03g097120.3 (interacts with) Solyc07g008180.3","1.0E-20","false","interacts with","Solyc03g097120.3 (interacts with) Solyc07g008180.3"
"interacts with","0.688064","Solyc01g090340.2 (interacts with) Solyc04g078640.2","1.0E-20","false","interacts with","Solyc01g090340.2 (interacts with) Solyc04g078640.2"
"interacts with","0.57119","Solyc08g006260.2 (interacts with) Solyc10g084180.2","1.0E-15","false","interacts with","Solyc08g006260.2 (interacts with) Solyc10g084180.2"
"interacts with","0.314301","Solyc05g005240.2 (interacts with) Solyc06g069430.3","1.0E-10","false","interacts with","Solyc05g005240.2 (interacts with) Solyc06g069430.3"
"interacts with","0.695956","Solyc03g097120.3 (interacts with) Solyc08g060840.1","1.0E-20","false","interacts with","Solyc03g097120.3 (interacts with) Solyc08g060840.1"
"interacts with","0.531383","Solyc01g090340.2 (interacts with) Solyc04g005320.3","1.0E-15","false","interacts with","Solyc01g090340.2 (interacts with) Solyc04g005320.3"
"interacts with","0.655845","Solyc03g120890.3 (interacts with) Solyc06g036170.1","1.0E-20","false","interacts with","Solyc03g120890.3 (interacts with) Solyc06g036170.1"
"interacts with","0.314699","Solyc05g005240.2 (interacts with) Solyc11g013480.2","1.0E-10","false","interacts with","Solyc05g005240.2 (interacts with) Solyc11g013480.2"
"interacts with","0.556952","Solyc03g097120.3 (interacts with) Solyc06g083900.3","1.0E-15","false","interacts with","Solyc03g097120.3 (interacts with) Solyc06g083900.3"
"interacts with","0.322375","Solyc05g005240.2 (interacts with) Solyc05g052410.2","1.0E-10","false","interacts with","Solyc05g005240.2 (interacts with) Solyc05g052410.2"
"interacts with","0.607527","Solyc03g097120.3 (interacts with) Solyc04g005800.3","1.0E-20","false","interacts with","Solyc03g097120.3 (interacts with) Solyc04g005800.3"
"interacts with","0.435664","Solyc03g120890.3 (interacts with) Solyc10g081320.1","1.0E-15","false","interacts with","Solyc03g120890.3 (interacts with) Solyc10g081320.1"
"interacts with","0.335633","Solyc05g005240.2 (interacts with) Solyc06g036170.1","1.0E-10","false","interacts with","Solyc05g005240.2 (interacts with) Solyc06g036170.1"
"interacts with","0.707681","Solyc03g120890.3 (interacts with) Solyc10g006880.3","1.0E-20","false","interacts with","Solyc03g120890.3 (interacts with) Solyc10g006880.3"
"interacts with","0.324648","Solyc05g005240.2 (interacts with) Solyc08g080150.1","1.0E-10","false","interacts with","Solyc05g005240.2 (interacts with) Solyc08g080150.1"
"interacts with","0.500842","Solyc03g097120.3 (interacts with) Solyc05g050220.3","1.0E-15","false","interacts with","Solyc03g097120.3 (interacts with) Solyc05g050220.3"
"interacts with","0.344249","Solyc05g005240.2 (interacts with) Solyc08g006530.3","1.0E-10","false","interacts with","Solyc05g005240.2 (interacts with) Solyc08g006530.3"
"interacts with","0.694455","Solyc03g097120.3 (interacts with) Solyc07g063970.3","1.0E-20","false","interacts with","Solyc03g097120.3 (interacts with) Solyc07g063970.3"
"interacts with","0.659923","Solyc03g120890.3 (interacts with) Solyc08g079100.3","1.0E-20","false","interacts with","Solyc03g120890.3 (interacts with) Solyc08g079100.3"
"interacts with","0.292361","Solyc03g097120.3 (interacts with) Solyc10g008160.3","1.0E-10","false","interacts with","Solyc03g097120.3 (interacts with) Solyc10g008160.3"
"interacts with","0.508296","Solyc06g069430.3 (interacts with) Solyc11g011890.2","1.0E-15","false","interacts with","Solyc06g069430.3 (interacts with) Solyc11g011890.2"
"interacts with","0.405204","Solyc03g120890.3 (interacts with) Solyc04g081020.3","1.0E-10","false","interacts with","Solyc03g120890.3 (interacts with) Solyc04g081020.3"
"interacts with","0.328469","Solyc05g005240.2 (interacts with) Solyc12g099760.2","1.0E-10","false","interacts with","Solyc05g005240.2 (interacts with) Solyc12g099760.2"
"interacts with","0.548553","Solyc03g097120.3 (interacts with) Solyc03g119740.3","1.0E-15","false","interacts with","Solyc03g097120.3 (interacts with) Solyc03g119740.3"
"interacts with","0.586177","Solyc06g069430.3 (interacts with) Solyc12g100140.2","1.0E-20","false","interacts with","Solyc06g069430.3 (interacts with) Solyc12g100140.2"
"interacts with","0.665795","Solyc03g120890.3 (interacts with) Solyc09g007260.3","1.0E-20","false","interacts with","Solyc03g120890.3 (interacts with) Solyc09g007260.3"
"interacts with","0.385803","Solyc03g097120.3 (interacts with) Solyc12g005830.2","1.0E-10","false","interacts with","Solyc03g097120.3 (interacts with) Solyc12g005830.2"
"interacts with","0.577","Solyc06g069430.3 (interacts with) Solyc07g018290.3","1.0E-20","false","interacts with","Solyc06g069430.3 (interacts with) Solyc07g018290.3"
"interacts with","0.660278","Solyc03g120890.3 (interacts with) Solyc07g041640.3","1.0E-20","false","interacts with","Solyc03g120890.3 (interacts with) Solyc07g041640.3"
"interacts with","0.327732","Solyc05g005240.2 (interacts with) Solyc06g049040.3","1.0E-10","false","interacts with","Solyc05g005240.2 (interacts with) Solyc06g049040.3"
"interacts with","0.85811","Solyc03g097120.3 (interacts with) Solyc06g036170.1","1.0E-30","false","interacts with","Solyc03g097120.3 (interacts with) Solyc06g036170.1"
"interacts with","0.314564","Solyc05g005240.2 (interacts with) Solyc11g069190.2","1.0E-10","false","interacts with","Solyc05g005240.2 (interacts with) Solyc11g069190.2"
"interacts with","0.633224","Solyc03g097120.3 (interacts with) Solyc12g007180.2","1.0E-20","false","interacts with","Solyc03g097120.3 (interacts with) Solyc12g007180.2"
"interacts with","0.574325","Solyc06g069430.3 (interacts with) Solyc12g007180.2","1.0E-20","false","interacts with","Solyc06g069430.3 (interacts with) Solyc12g007180.2"
"interacts with","0.317303","Solyc05g005240.2 (interacts with) Solyc05g012020.3","1.0E-10","false","interacts with","Solyc05g005240.2 (interacts with) Solyc05g012020.3"
"interacts with","0.658722","Solyc03g097120.3 (interacts with) Solyc03g113270.3","1.0E-20","false","interacts with","Solyc03g097120.3 (interacts with) Solyc03g113270.3"
"interacts with","0.227622","Solyc06g069430.3 (interacts with) Solyc10g081490.2","1.0E-5","false","interacts with","Solyc06g069430.3 (interacts with) Solyc10g081490.2"
"interacts with","0.667139","Solyc03g120890.3 (interacts with) Solyc07g052960.2","1.0E-20","false","interacts with","Solyc03g120890.3 (interacts with) Solyc07g052960.2"
"interacts with","0.312257","Solyc05g005240.2 (interacts with) Solyc12g007180.2","1.0E-10","false","interacts with","Solyc05g005240.2 (interacts with) Solyc12g007180.2"
"interacts with","0.624639","Solyc03g097120.3 (interacts with) Solyc09g082505.1","1.0E-20","false","interacts with","Solyc03g097120.3 (interacts with) Solyc09g082505.1"
"interacts with","0.564156","Solyc06g069430.3 (interacts with) Solyc12g007070.2","1.0E-15","false","interacts with","Solyc06g069430.3 (interacts with) Solyc12g007070.2"
"interacts with","0.494517","Solyc03g120890.3 (interacts with) Solyc06g060740.2","1.0E-15","false","interacts with","Solyc03g120890.3 (interacts with) Solyc06g060740.2"
"interacts with","0.545195","Solyc03g120890.3 (interacts with) Solyc05g006650.3","1.0E-15","false","interacts with","Solyc03g120890.3 (interacts with) Solyc05g006650.3"
"interacts with","0.316577","Solyc05g005240.2 (interacts with) Solyc08g063040.3","1.0E-10","false","interacts with","Solyc05g005240.2 (interacts with) Solyc08g063040.3"
"interacts with","0.503924","Solyc03g097120.3 (interacts with) Solyc06g083980.2","1.0E-15","false","interacts with","Solyc03g097120.3 (interacts with) Solyc06g083980.2"
"interacts with","0.785344","Solyc06g069430.3 (interacts with) Solyc10g005330.3","1.0E-25","false","interacts with","Solyc06g069430.3 (interacts with) Solyc10g005330.3"
"interacts with","0.533967","Solyc03g120890.3 (interacts with) Solyc05g053240.3","1.0E-15","false","interacts with","Solyc03g120890.3 (interacts with) Solyc05g053240.3"
"interacts with","0.309906","Solyc05g005240.2 (interacts with) Solyc07g043580.3","1.0E-10","false","interacts with","Solyc05g005240.2 (interacts with) Solyc07g043580.3"
"interacts with","0.444502","Solyc06g069430.3 (interacts with) Solyc10g008880.3","1.0E-15","false","interacts with","Solyc06g069430.3 (interacts with) Solyc10g008880.3"
"interacts with","0.518022","Solyc03g120890.3 (interacts with) Solyc07g043330.2","1.0E-15","false","interacts with","Solyc03g120890.3 (interacts with) Solyc07g043330.2"
"interacts with","0.505842","Solyc03g097120.3 (interacts with) Solyc10g009080.3","1.0E-15","false","interacts with","Solyc03g097120.3 (interacts with) Solyc10g009080.3"
"interacts with","0.752628","Solyc06g069430.3 (interacts with) Solyc06g083170.3","1.0E-25","false","interacts with","Solyc06g069430.3 (interacts with) Solyc06g083170.3"
"interacts with","0.6047","Solyc03g120890.3 (interacts with) Solyc06g065040.3","1.0E-20","false","interacts with","Solyc03g120890.3 (interacts with) Solyc06g065040.3"
"interacts with","0.606969","Solyc03g097120.3 (interacts with) Solyc09g089550.3","1.0E-20","false","interacts with","Solyc03g097120.3 (interacts with) Solyc09g089550.3"
"interacts with","0.720033","Solyc03g120890.3 (interacts with) Solyc05g007180.3","1.0E-25","false","interacts with","Solyc03g120890.3 (interacts with) Solyc05g007180.3"
"interacts with","0.316367","Solyc05g005240.2 (interacts with) Solyc10g009080.3","1.0E-10","false","interacts with","Solyc05g005240.2 (interacts with) Solyc10g009080.3"
"interacts with","0.660846","Solyc06g069430.3 (interacts with) Solyc08g076370.3","1.0E-20","false","interacts with","Solyc06g069430.3 (interacts with) Solyc08g076370.3"
"interacts with","0.626971","Solyc03g120890.3 (interacts with) Solyc06g082300.3","1.0E-20","false","interacts with","Solyc03g120890.3 (interacts with) Solyc06g082300.3"
"interacts with","0.601619","Solyc06g053610.3 (interacts with) Solyc10g084380.1","1.0E-20","false","interacts with","Solyc06g053610.3 (interacts with) Solyc10g084380.1"
"interacts with","0.652596","Solyc03g097120.3 (interacts with) Solyc08g063040.3","1.0E-20","false","interacts with","Solyc03g097120.3 (interacts with) Solyc08g063040.3"
"interacts with","0.482362","Solyc06g069430.3 (interacts with) Solyc11g008830.2","1.0E-15","false","interacts with","Solyc06g069430.3 (interacts with) Solyc11g008830.2"
"interacts with","0.571017","Solyc03g120890.3 (interacts with) Solyc07g005400.3","1.0E-15","false","interacts with","Solyc03g120890.3 (interacts with) Solyc07g005400.3"
"interacts with","0.697576","Solyc03g097120.3 (interacts with) Solyc10g018780.2","1.0E-20","false","interacts with","Solyc03g097120.3 (interacts with) Solyc10g018780.2"
"interacts with","0.712208","Solyc06g069430.3 (interacts with) Solyc08g082630.3","1.0E-20","false","interacts with","Solyc06g069430.3 (interacts with) Solyc08g082630.3"
"interacts with","0.727702","Solyc03g120890.3 (interacts with) Solyc11g069190.2","1.0E-25","false","interacts with","Solyc03g120890.3 (interacts with) Solyc11g069190.2"
"interacts with","0.596513","Solyc03g097120.3 (interacts with) Solyc09g074640.3","1.0E-20","false","interacts with","Solyc03g097120.3 (interacts with) Solyc09g074640.3"
"interacts with","0.61682","Solyc06g069430.3 (interacts with) Solyc09g066060.2","1.0E-20","false","interacts with","Solyc06g069430.3 (interacts with) Solyc09g066060.2"
"interacts with","0.693273","Solyc03g120890.3 (interacts with) Solyc05g012020.3","1.0E-20","false","interacts with","Solyc03g120890.3 (interacts with) Solyc05g012020.3"
"interacts with","0.433145","Solyc06g053610.3 (interacts with) Solyc06g083590.3","1.0E-15","false","interacts with","Solyc06g053610.3 (interacts with) Solyc06g083590.3"
"interacts with","0.623062","Solyc03g097120.3 (interacts with) Solyc06g075510.3","1.0E-20","false","interacts with","Solyc03g097120.3 (interacts with) Solyc06g075510.3"
"interacts with","0.644819","Solyc06g069430.3 (interacts with) Solyc08g005430.3","1.0E-20","false","interacts with","Solyc06g069430.3 (interacts with) Solyc08g005430.3"
"interacts with","0.648939","Solyc03g120890.3 (interacts with) Solyc10g084340.2","1.0E-20","false","interacts with","Solyc03g120890.3 (interacts with) Solyc10g084340.2"
"interacts with","0.63686","Solyc06g053610.3 (interacts with) Solyc11g013480.2","1.0E-20","false","interacts with","Solyc06g053610.3 (interacts with) Solyc11g013480.2"
"interacts with","0.324264","Solyc03g097120.3 (interacts with) Solyc05g005240.2","1.0E-10","false","interacts with","Solyc03g097120.3 (interacts with) Solyc05g005240.2"
"interacts with","0.618018","Solyc03g120890.3 (interacts with) Solyc06g050520.2","1.0E-20","false","interacts with","Solyc03g120890.3 (interacts with) Solyc06g050520.2"
"interacts with","0.36383","Solyc06g053610.3 (interacts with) Solyc09g090790.3","1.0E-10","false","interacts with","Solyc06g053610.3 (interacts with) Solyc09g090790.3"
"interacts with","0.548195","Solyc06g069430.3 (interacts with) Solyc10g086640.2","1.0E-15","false","interacts with","Solyc06g069430.3 (interacts with) Solyc10g086640.2"
"interacts with","0.670907","Solyc03g120890.3 (interacts with) Solyc10g079070.2","1.0E-20","false","interacts with","Solyc03g120890.3 (interacts with) Solyc10g079070.2"
"interacts with","0.675524","Solyc06g053610.3 (interacts with) Solyc10g078700.2","1.0E-20","false","interacts with","Solyc06g053610.3 (interacts with) Solyc10g078700.2"
"interacts with","0.569903","Solyc03g097120.3 (interacts with) Solyc08g029090.3","1.0E-15","false","interacts with","Solyc03g097120.3 (interacts with) Solyc08g029090.3"
"interacts with","0.696202","Solyc06g069430.3 (interacts with) Solyc10g079050.2","1.0E-20","false","interacts with","Solyc06g069430.3 (interacts with) Solyc10g079050.2"
"interacts with","0.432474","Solyc03g120890.3 (interacts with) Solyc06g083590.3","1.0E-15","false","interacts with","Solyc03g120890.3 (interacts with) Solyc06g083590.3"
"interacts with","0.71581","Solyc06g069430.3 (interacts with) Solyc10g018780.2","1.0E-25","false","interacts with","Solyc06g069430.3 (interacts with) Solyc10g018780.2"
"interacts with","0.48549","Solyc03g120890.3 (interacts with) Solyc11g072150.2","1.0E-15","false","interacts with","Solyc03g120890.3 (interacts with) Solyc11g072150.2"
"interacts with","0.58946","Solyc06g053610.3 (interacts with) Solyc08g005430.3","1.0E-20","false","interacts with","Solyc06g053610.3 (interacts with) Solyc08g005430.3"
"interacts with","0.530621","Solyc03g097120.3 (interacts with) Solyc05g015330.1","1.0E-15","false","interacts with","Solyc03g097120.3 (interacts with) Solyc05g015330.1"
"interacts with","0.652622","Solyc06g069430.3 (interacts with) Solyc06g075510.3","1.0E-20","false","interacts with","Solyc06g069430.3 (interacts with) Solyc06g075510.3"
"interacts with","0.625029","Solyc03g120890.3 (interacts with) Solyc08g080150.1","1.0E-20","false","interacts with","Solyc03g120890.3 (interacts with) Solyc08g080150.1"
"interacts with","0.546395","Solyc06g053610.3 (interacts with) Solyc10g086640.2","1.0E-15","false","interacts with","Solyc06g053610.3 (interacts with) Solyc10g086640.2"
"interacts with","0.786476","Solyc06g069430.3 (interacts with) Solyc09g065670.3","1.0E-25","false","interacts with","Solyc06g069430.3 (interacts with) Solyc09g065670.3"
"interacts with","0.674319","Solyc03g120890.3 (interacts with) Solyc08g006530.3","1.0E-20","false","interacts with","Solyc03g120890.3 (interacts with) Solyc08g006530.3"
"interacts with","0.510205","Solyc06g069430.3 (interacts with) Solyc11g072150.2","1.0E-15","false","interacts with","Solyc06g069430.3 (interacts with) Solyc11g072150.2"
"interacts with","0.614558","Solyc03g120890.3 (interacts with) Solyc09g066060.2","1.0E-20","false","interacts with","Solyc03g120890.3 (interacts with) Solyc09g066060.2"
"interacts with","0.720617","Solyc06g053610.3 (interacts with) Solyc06g069430.3","1.0E-25","false","interacts with","Solyc06g053610.3 (interacts with) Solyc06g069430.3"
"interacts with","0.502819","Solyc03g097120.3 (interacts with) Solyc11g072150.2","1.0E-15","false","interacts with","Solyc03g097120.3 (interacts with) Solyc11g072150.2"
"interacts with","0.42764","Solyc06g069430.3 (interacts with) Solyc06g083590.3","1.0E-10","false","interacts with","Solyc06g069430.3 (interacts with) Solyc06g083590.3"
"interacts with","0.58338","Solyc03g120890.3 (interacts with) Solyc08g005430.3","1.0E-20","false","interacts with","Solyc03g120890.3 (interacts with) Solyc08g005430.3"
"interacts with","0.708503","Solyc06g053610.3 (interacts with) Solyc06g063070.3","1.0E-20","false","interacts with","Solyc06g053610.3 (interacts with) Solyc06g063070.3"
"interacts with","0.241074","Solyc03g097120.3 (interacts with) Solyc09g015110.2","1.0E-5","false","interacts with","Solyc03g097120.3 (interacts with) Solyc09g015110.2"
"interacts with","0.493802","Solyc06g069430.3 (interacts with) Solyc11g011260.1","1.0E-15","false","interacts with","Solyc06g069430.3 (interacts with) Solyc11g011260.1"
"interacts with","0.728392","Solyc03g120890.3 (interacts with) Solyc06g069430.3","1.0E-25","false","interacts with","Solyc03g120890.3 (interacts with) Solyc06g069430.3"
"interacts with","0.314652","Solyc03g097120.3 (interacts with) Solyc10g078610.1","1.0E-10","false","interacts with","Solyc03g097120.3 (interacts with) Solyc10g078610.1"
"interacts with","0.576778","Solyc06g069430.3 (interacts with) Solyc07g018010.3","1.0E-20","false","interacts with","Solyc06g069430.3 (interacts with) Solyc07g018010.3"
"interacts with","0.70353","Solyc06g053610.3 (interacts with) Solyc06g083170.3","1.0E-20","false","interacts with","Solyc06g053610.3 (interacts with) Solyc06g083170.3"
"interacts with","0.295701","Solyc06g069430.3 (interacts with) Solyc10g078610.1","1.0E-10","false","interacts with","Solyc06g069430.3 (interacts with) Solyc10g078610.1"
"interacts with","0.785351","Solyc03g120890.3 (interacts with) Solyc09g065670.3","1.0E-25","false","interacts with","Solyc03g120890.3 (interacts with) Solyc09g065670.3"
"interacts with","0.465684","Solyc03g097120.3 (interacts with) Solyc11g065700.2","1.0E-15","false","interacts with","Solyc03g097120.3 (interacts with) Solyc11g065700.2"
"interacts with","0.594948","Solyc06g069430.3 (interacts with) Solyc12g096500.2","1.0E-20","false","interacts with","Solyc06g069430.3 (interacts with) Solyc12g096500.2"
"interacts with","0.574146","Solyc03g120890.3 (interacts with) Solyc06g065440.1","1.0E-20","false","interacts with","Solyc03g120890.3 (interacts with) Solyc06g065440.1"
"interacts with","0.667113","Solyc06g053610.3 (interacts with) Solyc10g005330.3","1.0E-20","false","interacts with","Solyc06g053610.3 (interacts with) Solyc10g005330.3"
"interacts with","0.665565","Solyc03g097120.3 (interacts with) Solyc06g050520.2","1.0E-20","false","interacts with","Solyc03g097120.3 (interacts with) Solyc06g050520.2"
"interacts with","0.549988","Solyc06g069430.3 (interacts with) Solyc10g080540.2","1.0E-15","false","interacts with","Solyc06g069430.3 (interacts with) Solyc10g080540.2"
"interacts with","0.745062","Solyc03g120890.3 (interacts with) Solyc06g073980.3","1.0E-25","false","interacts with","Solyc03g120890.3 (interacts with) Solyc06g073980.3"
"interacts with","0.601446","Solyc06g069430.3 (interacts with) Solyc10g084380.1","1.0E-20","false","interacts with","Solyc06g069430.3 (interacts with) Solyc10g084380.1"
"interacts with","0.600263","Solyc03g120890.3 (interacts with) Solyc08g063040.3","1.0E-20","false","interacts with","Solyc03g120890.3 (interacts with) Solyc08g063040.3"
"interacts with","0.67102","Solyc03g120890.3 (interacts with) Solyc06g083170.3","1.0E-20","false","interacts with","Solyc03g120890.3 (interacts with) Solyc06g083170.3"
"interacts with","0.587952","Solyc06g053610.3 (interacts with) Solyc06g075140.3","1.0E-20","false","interacts with","Solyc06g053610.3 (interacts with) Solyc06g075140.3"
"interacts with","0.733774","Solyc03g097120.3 (interacts with) Solyc05g007180.3","1.0E-25","false","interacts with","Solyc03g097120.3 (interacts with) Solyc05g007180.3"
"interacts with","0.584718","Solyc06g069430.3 (interacts with) Solyc06g082300.3","1.0E-20","false","interacts with","Solyc06g069430.3 (interacts with) Solyc06g082300.3"
"interacts with","0.620806","Solyc06g053610.3 (interacts with) Solyc06g061030.3","1.0E-20","false","interacts with","Solyc06g053610.3 (interacts with) Solyc06g061030.3"
"interacts with","0.511772","Solyc06g069430.3 (interacts with) Solyc12g014610.2","1.0E-15","false","interacts with","Solyc06g069430.3 (interacts with) Solyc12g014610.2"
"interacts with","0.541656","Solyc03g120890.3 (interacts with) Solyc05g056120.3","1.0E-15","false","interacts with","Solyc03g120890.3 (interacts with) Solyc05g056120.3"
"interacts with","0.580334","Solyc06g053610.3 (interacts with) Solyc06g083900.3","1.0E-20","false","interacts with","Solyc06g053610.3 (interacts with) Solyc06g083900.3"
"interacts with","0.204467","Solyc06g069430.3 (interacts with) Solyc08g078590.1","1.0E-5","false","interacts with","Solyc06g069430.3 (interacts with) Solyc08g078590.1"
"interacts with","0.466458","Solyc06g053610.3 (interacts with) Solyc07g053590.3","1.0E-15","false","interacts with","Solyc06g053610.3 (interacts with) Solyc07g053590.3"
"interacts with","0.573759","Solyc03g097120.3 (interacts with) Solyc05g006650.3","1.0E-20","false","interacts with","Solyc03g097120.3 (interacts with) Solyc05g006650.3"
"interacts with","0.457379","Solyc03g120890.3 (interacts with) Solyc03g123400.1","1.0E-15","false","interacts with","Solyc03g120890.3 (interacts with) Solyc03g123400.1"
"interacts with","0.42334","Solyc06g069430.3 (interacts with) Solyc07g065570.2","1.0E-10","false","interacts with","Solyc06g069430.3 (interacts with) Solyc07g065570.2"
"interacts with","0.658015","Solyc03g120890.3 (interacts with) Solyc06g049040.3","1.0E-20","false","interacts with","Solyc03g120890.3 (interacts with) Solyc06g049040.3"
"interacts with","0.668411","Solyc06g053610.3 (interacts with) Solyc08g068320.3","1.0E-20","false","interacts with","Solyc06g053610.3 (interacts with) Solyc08g068320.3"
"interacts with","0.704121","Solyc03g097120.3 (interacts with) Solyc07g052960.2","1.0E-20","false","interacts with","Solyc03g097120.3 (interacts with) Solyc07g052960.2"
"interacts with","0.557794","Solyc03g120890.3 (interacts with) Solyc06g062670.3","1.0E-15","false","interacts with","Solyc03g120890.3 (interacts with) Solyc06g062670.3"
"interacts with","0.349346","Solyc09g074640.3 (interacts with) Solyc10g054010.1","1.0E-10","false","interacts with","Solyc09g074640.3 (interacts with) Solyc10g054010.1"
"interacts with","0.332496","Solyc06g069430.3 (interacts with) Solyc11g065840.2","1.0E-10","false","interacts with","Solyc06g069430.3 (interacts with) Solyc11g065840.2"
"interacts with","0.569184","Solyc09g074640.3 (interacts with) Solyc11g017470.2","1.0E-15","false","interacts with","Solyc09g074640.3 (interacts with) Solyc11g017470.2"
"interacts with","0.761786","Solyc03g097120.3 (interacts with) Solyc10g080770.2","1.0E-25","false","interacts with","Solyc03g097120.3 (interacts with) Solyc10g080770.2"
"interacts with","0.312476","Solyc06g069430.3 (interacts with) Solyc12g006120.2","1.0E-10","false","interacts with","Solyc06g069430.3 (interacts with) Solyc12g006120.2"
"interacts with","0.710531","Solyc06g053610.3 (interacts with) Solyc09g007260.3","1.0E-20","false","interacts with","Solyc06g053610.3 (interacts with) Solyc09g007260.3"
"interacts with","0.556907","Solyc03g097120.3 (interacts with) Solyc10g078430.2","1.0E-15","false","interacts with","Solyc03g097120.3 (interacts with) Solyc10g078430.2"
"interacts with","0.334694","Solyc06g069430.3 (interacts with) Solyc10g079150.2","1.0E-10","false","interacts with","Solyc06g069430.3 (interacts with) Solyc10g079150.2"
"interacts with","0.628342","Solyc09g074640.3 (interacts with) Solyc10g079070.2","1.0E-20","false","interacts with","Solyc09g074640.3 (interacts with) Solyc10g079070.2"
"interacts with","0.683419","Solyc06g053610.3 (interacts with) Solyc11g005380.2","1.0E-20","false","interacts with","Solyc06g053610.3 (interacts with) Solyc11g005380.2"
"interacts with","0.431546","Solyc06g069430.3 (interacts with) Solyc07g006630.3","1.0E-15","false","interacts with","Solyc06g069430.3 (interacts with) Solyc07g006630.3"
"interacts with","0.585178","Solyc09g074640.3 (interacts with) Solyc11g005380.2","1.0E-20","false","interacts with","Solyc09g074640.3 (interacts with) Solyc11g005380.2"
"interacts with","0.216346","Solyc06g053610.3 (interacts with) Solyc08g078590.1","1.0E-5","false","interacts with","Solyc06g053610.3 (interacts with) Solyc08g078590.1"
"interacts with","0.611817","Solyc03g097120.3 (interacts with) Solyc11g044320.2","1.0E-20","false","interacts with","Solyc03g097120.3 (interacts with) Solyc11g044320.2"
"interacts with","0.464244","Solyc06g069430.3 (interacts with) Solyc07g053590.3","1.0E-15","false","interacts with","Solyc06g069430.3 (interacts with) Solyc07g053590.3"
"interacts with","0.61376","Solyc09g074640.3 (interacts with) Solyc11g071300.2","1.0E-20","false","interacts with","Solyc09g074640.3 (interacts with) Solyc11g071300.2"
"interacts with","0.672985","Solyc06g053610.3 (interacts with) Solyc12g089240.2","1.0E-20","false","interacts with","Solyc06g053610.3 (interacts with) Solyc12g089240.2"
"interacts with","0.808231","Solyc06g069430.3 (interacts with) Solyc10g006880.3","1.0E-25","false","interacts with","Solyc06g069430.3 (interacts with) Solyc10g006880.3"
"interacts with","0.59395","Solyc09g074640.3 (interacts with) Solyc12g098370.2","1.0E-20","false","interacts with","Solyc09g074640.3 (interacts with) Solyc12g098370.2"
"interacts with","0.311319","Solyc03g097120.3 (interacts with) Solyc05g051380.3","1.0E-10","false","interacts with","Solyc03g097120.3 (interacts with) Solyc05g051380.3"
"interacts with","0.387192","Solyc06g069430.3 (interacts with) Solyc10g007350.3","1.0E-10","false","interacts with","Solyc06g069430.3 (interacts with) Solyc10g007350.3"
"interacts with","0.335462","Solyc03g097120.3 (interacts with) Solyc10g079150.2","1.0E-10","false","interacts with","Solyc03g097120.3 (interacts with) Solyc10g079150.2"
"interacts with","0.591692","Solyc09g074640.3 (interacts with) Solyc10g078700.2","1.0E-20","false","interacts with","Solyc09g074640.3 (interacts with) Solyc10g078700.2"
"interacts with","0.494131","Solyc09g010840.1 (interacts with) Solyc11g065700.2","1.0E-15","false","interacts with","Solyc09g010840.1 (interacts with) Solyc11g065700.2"
"interacts with","0.477109","Solyc03g097120.3 (interacts with) Solyc07g053590.3","1.0E-15","false","interacts with","Solyc03g097120.3 (interacts with) Solyc07g053590.3"
"interacts with","0.762846","Solyc06g069430.3 (interacts with) Solyc08g079100.3","1.0E-25","false","interacts with","Solyc06g069430.3 (interacts with) Solyc08g079100.3"
"interacts with","0.726318","Solyc09g010840.1 (interacts with) Solyc10g018780.2","1.0E-25","false","interacts with","Solyc09g010840.1 (interacts with) Solyc10g018780.2"
"interacts with","0.4131","Solyc03g097120.3 (interacts with) Solyc07g006630.3","1.0E-10","false","interacts with","Solyc03g097120.3 (interacts with) Solyc07g006630.3"
"interacts with","0.781001","Solyc03g097120.3 (interacts with) Solyc10g006880.3","1.0E-25","false","interacts with","Solyc03g097120.3 (interacts with) Solyc10g006880.3"
"interacts with","0.566191","Solyc06g069430.3 (interacts with) Solyc06g076820.1","1.0E-15","false","interacts with","Solyc06g069430.3 (interacts with) Solyc06g076820.1"
"interacts with","0.521358","Solyc03g097120.3 (interacts with) Solyc08g065420.3","1.0E-15","false","interacts with","Solyc03g097120.3 (interacts with) Solyc08g065420.3"
"interacts with","0.436362","Solyc06g069430.3 (interacts with) Solyc10g081320.1","1.0E-15","false","interacts with","Solyc06g069430.3 (interacts with) Solyc10g081320.1"
"interacts with","0.602776","Solyc03g097120.3 (interacts with) Solyc03g118770.3","1.0E-20","false","interacts with","Solyc03g097120.3 (interacts with) Solyc03g118770.3"
"interacts with","0.411317","Solyc06g069430.3 (interacts with) Solyc12g044410.2","1.0E-10","false","interacts with","Solyc06g069430.3 (interacts with) Solyc12g044410.2"
"interacts with","0.804421","Solyc03g097120.3 (interacts with) Solyc04g078640.2","1.0E-25","false","interacts with","Solyc03g097120.3 (interacts with) Solyc04g078640.2"
"interacts with","0.406844","Solyc06g069430.3 (interacts with) Solyc08g079120.2","1.0E-10","false","interacts with","Solyc06g069430.3 (interacts with) Solyc08g079120.2"
"interacts with","0.541844","Solyc10g078430.2 (interacts with) Solyc11g044320.2","1.0E-15","false","interacts with","Solyc10g078430.2 (interacts with) Solyc11g044320.2"
"interacts with","0.177702","Solyc06g069430.3 (interacts with) Solyc08g006240.2","1.0E-5","false","interacts with","Solyc06g069430.3 (interacts with) Solyc08g006240.2"
"interacts with","0.502633","Solyc10g078430.2 (interacts with) Solyc12g014610.2","1.0E-15","false","interacts with","Solyc10g078430.2 (interacts with) Solyc12g014610.2"
"interacts with","0.593584","Solyc06g069430.3 (interacts with) Solyc08g014030.1","1.0E-20","false","interacts with","Solyc06g069430.3 (interacts with) Solyc08g014030.1"
"interacts with","0.542094","Solyc10g078430.2 (interacts with) Solyc12g099760.2","1.0E-15","false","interacts with","Solyc10g078430.2 (interacts with) Solyc12g099760.2"
"interacts with","0.49081","Solyc06g069430.3 (interacts with) Solyc08g076590.3","1.0E-15","false","interacts with","Solyc06g069430.3 (interacts with) Solyc08g076590.3"
"interacts with","0.54435","Solyc10g078430.2 (interacts with) Solyc10g079050.2","1.0E-15","false","interacts with","Solyc10g078430.2 (interacts with) Solyc10g079050.2"
"interacts with","0.698024","Solyc06g069430.3 (interacts with) Solyc12g098370.2","1.0E-20","false","interacts with","Solyc06g069430.3 (interacts with) Solyc12g098370.2"
"interacts with","0.625104","Solyc06g069430.3 (interacts with) Solyc08g061140.3","1.0E-20","false","interacts with","Solyc06g069430.3 (interacts with) Solyc08g061140.3"
"interacts with","0.440388","Solyc06g069430.3 (interacts with) Solyc07g063830.3","1.0E-15","false","interacts with","Solyc06g069430.3 (interacts with) Solyc07g063830.3"
"interacts with","0.549918","Solyc10g078430.2 (interacts with) Solyc10g079070.2","1.0E-15","false","interacts with","Solyc10g078430.2 (interacts with) Solyc10g079070.2"
"interacts with","0.469512","Solyc10g078430.2 (interacts with) Solyc12g087830.2","1.0E-15","false","interacts with","Solyc10g078430.2 (interacts with) Solyc12g087830.2"
"interacts with","0.504391","Solyc06g069430.3 (interacts with) Solyc12g014290.2","1.0E-15","false","interacts with","Solyc06g069430.3 (interacts with) Solyc12g014290.2"
"interacts with","0.22527","Solyc06g069430.3 (interacts with) Solyc06g069460.2","1.0E-5","false","interacts with","Solyc06g069430.3 (interacts with) Solyc06g069460.2"
"interacts with","0.695365","Solyc06g069430.3 (interacts with) Solyc10g078700.2","1.0E-20","false","interacts with","Solyc06g069430.3 (interacts with) Solyc10g078700.2"
"interacts with","0.575982","Solyc01g008490.3 (interacts with) Solyc06g049040.3","1.0E-20","false","interacts with","Solyc01g008490.3 (interacts with) Solyc06g049040.3"
"interacts with","0.365751","Solyc06g069430.3 (interacts with) Solyc09g090790.3","1.0E-10","false","interacts with","Solyc06g069430.3 (interacts with) Solyc09g090790.3"
"interacts with","0.40778","Solyc06g069430.3 (interacts with) Solyc10g080480.2","1.0E-10","false","interacts with","Solyc06g069430.3 (interacts with) Solyc10g080480.2"
"interacts with","0.567723","Solyc01g008490.3 (interacts with) Solyc08g068320.3","1.0E-15","false","interacts with","Solyc01g008490.3 (interacts with) Solyc08g068320.3"
"interacts with","0.558959","Solyc06g069430.3 (interacts with) Solyc12g014140.2","1.0E-15","false","interacts with","Solyc06g069430.3 (interacts with) Solyc12g014140.2"
"interacts with","0.77233","Solyc06g069430.3 (interacts with) Solyc10g079070.2","1.0E-25","false","interacts with","Solyc06g069430.3 (interacts with) Solyc10g079070.2"
"interacts with","0.553149","Solyc01g008490.3 (interacts with) Solyc10g005330.3","1.0E-15","false","interacts with","Solyc01g008490.3 (interacts with) Solyc10g005330.3"
"interacts with","0.582649","Solyc01g008490.3 (interacts with) Solyc01g090730.3","1.0E-20","false","interacts with","Solyc01g008490.3 (interacts with) Solyc01g090730.3"
"interacts with","0.604183","Solyc06g069430.3 (interacts with) Solyc08g076860.3","1.0E-20","false","interacts with","Solyc06g069430.3 (interacts with) Solyc08g076860.3"
"interacts with","0.599194","Solyc01g008490.3 (interacts with) Solyc08g079100.3","1.0E-20","false","interacts with","Solyc01g008490.3 (interacts with) Solyc08g079100.3"
"interacts with","0.755939","Solyc06g069430.3 (interacts with) Solyc08g006530.3","1.0E-25","false","interacts with","Solyc06g069430.3 (interacts with) Solyc08g006530.3"
"interacts with","0.587825","Solyc01g008490.3 (interacts with) Solyc10g018780.2","1.0E-20","false","interacts with","Solyc01g008490.3 (interacts with) Solyc10g018780.2"
"interacts with","0.668791","Solyc06g069430.3 (interacts with) Solyc11g069190.2","1.0E-20","false","interacts with","Solyc06g069430.3 (interacts with) Solyc11g069190.2"
"interacts with","0.474126","Solyc06g069430.3 (interacts with) Solyc12g056860.2","1.0E-15","false","interacts with","Solyc06g069430.3 (interacts with) Solyc12g056860.2"
"interacts with","0.529296","Solyc06g069430.3 (interacts with) Solyc07g043330.2","1.0E-15","false","interacts with","Solyc06g069430.3 (interacts with) Solyc07g043330.2"
"interacts with","0.601367","Solyc01g008490.3 (interacts with) Solyc06g073980.3","1.0E-20","false","interacts with","Solyc01g008490.3 (interacts with) Solyc06g073980.3"
"interacts with","0.659065","Solyc06g069430.3 (interacts with) Solyc12g099760.2","1.0E-20","false","interacts with","Solyc06g069430.3 (interacts with) Solyc12g099760.2"
"interacts with","0.51717","Solyc01g008490.3 (interacts with) Solyc01g100460.3","1.0E-15","false","interacts with","Solyc01g008490.3 (interacts with) Solyc01g100460.3"
"interacts with","0.283979","Solyc06g069430.3 (interacts with) Solyc10g007970.2","1.0E-5","false","interacts with","Solyc06g069430.3 (interacts with) Solyc10g007970.2"
"interacts with","0.581928","Solyc01g008490.3 (interacts with) Solyc01g079870.3","1.0E-20","false","interacts with","Solyc01g008490.3 (interacts with) Solyc01g079870.3"
"interacts with","0.687289","Solyc06g069430.3 (interacts with) Solyc07g041640.3","1.0E-20","false","interacts with","Solyc06g069430.3 (interacts with) Solyc07g041640.3"
"interacts with","0.562193","Solyc01g008490.3 (interacts with) Solyc02g067340.3","1.0E-15","false","interacts with","Solyc01g008490.3 (interacts with) Solyc02g067340.3"
"interacts with","0.792468","Solyc06g069430.3 (interacts with) Solyc11g005380.2","1.0E-25","false","interacts with","Solyc06g069430.3 (interacts with) Solyc11g005380.2"
"interacts with","0.793488","Solyc06g069430.3 (interacts with) Solyc09g007260.3","1.0E-25","false","interacts with","Solyc06g069430.3 (interacts with) Solyc09g007260.3"
"interacts with","0.56089","Solyc01g008490.3 (interacts with) Solyc10g006880.3","1.0E-15","false","interacts with","Solyc01g008490.3 (interacts with) Solyc10g006880.3"
"interacts with","0.452278","Solyc06g069430.3 (interacts with) Solyc12g098620.2","1.0E-15","false","interacts with","Solyc06g069430.3 (interacts with) Solyc12g098620.2"
"interacts with","0.645465","Solyc06g069430.3 (interacts with) Solyc08g068320.3","1.0E-20","false","interacts with","Solyc06g069430.3 (interacts with) Solyc08g068320.3"
"interacts with","0.56453","Solyc01g008490.3 (interacts with) Solyc09g010840.1","1.0E-15","false","interacts with","Solyc01g008490.3 (interacts with) Solyc09g010840.1"
"interacts with","0.666881","Solyc06g069430.3 (interacts with) Solyc08g006260.2","1.0E-20","false","interacts with","Solyc06g069430.3 (interacts with) Solyc08g006260.2"
"interacts with","0.544185","Solyc01g008490.3 (interacts with) Solyc05g051460.3","1.0E-15","false","interacts with","Solyc01g008490.3 (interacts with) Solyc05g051460.3"
"interacts with","0.479178","Solyc10g079050.2 (interacts with) Solyc12g087830.2","1.0E-15","false","interacts with","Solyc10g079050.2 (interacts with) Solyc12g087830.2"
"interacts with","0.705042","Solyc06g069430.3 (interacts with) Solyc06g076270.3","1.0E-20","false","interacts with","Solyc06g069430.3 (interacts with) Solyc06g076270.3"
"interacts with","0.557193","Solyc10g079050.2 (interacts with) Solyc12g007070.2","1.0E-15","false","interacts with","Solyc10g079050.2 (interacts with) Solyc12g007070.2"
"interacts with","0.639775","Solyc06g069430.3 (interacts with) Solyc07g008180.3","1.0E-20","false","interacts with","Solyc06g069430.3 (interacts with) Solyc07g008180.3"
"interacts with","0.60018","Solyc05g051460.3 (interacts with) Solyc06g065040.3","1.0E-20","false","interacts with","Solyc05g051460.3 (interacts with) Solyc06g065040.3"
"interacts with","0.645893","Solyc06g069430.3 (interacts with) Solyc08g060840.1","1.0E-20","false","interacts with","Solyc06g069430.3 (interacts with) Solyc08g060840.1"
"interacts with","0.525688","Solyc05g051460.3 (interacts with) Solyc07g043330.2","1.0E-15","false","interacts with","Solyc05g051460.3 (interacts with) Solyc07g043330.2"
"interacts with","0.60509","Solyc10g079050.2 (interacts with) Solyc11g044320.2","1.0E-20","false","interacts with","Solyc10g079050.2 (interacts with) Solyc11g044320.2"
"interacts with","0.709186","Solyc06g069430.3 (interacts with) Solyc07g063970.3","1.0E-20","false","interacts with","Solyc06g069430.3 (interacts with) Solyc07g063970.3"
"interacts with","0.622453","Solyc05g051460.3 (interacts with) Solyc06g082300.3","1.0E-20","false","interacts with","Solyc05g051460.3 (interacts with) Solyc06g082300.3"
"interacts with","0.486958","Solyc10g079050.2 (interacts with) Solyc11g072150.2","1.0E-15","false","interacts with","Solyc10g079050.2 (interacts with) Solyc11g072150.2"
"interacts with","0.400898","Solyc06g069430.3 (interacts with) Solyc09g009100.3","1.0E-10","false","interacts with","Solyc06g069430.3 (interacts with) Solyc09g009100.3"
"interacts with","0.642636","Solyc05g051460.3 (interacts with) Solyc11g069190.2","1.0E-20","false","interacts with","Solyc05g051460.3 (interacts with) Solyc11g069190.2"
"interacts with","0.447882","Solyc10g079050.2 (interacts with) Solyc12g098620.2","1.0E-15","false","interacts with","Solyc10g079050.2 (interacts with) Solyc12g098620.2"
"interacts with","0.561837","Solyc06g069430.3 (interacts with) Solyc07g066220.3","1.0E-15","false","interacts with","Solyc06g069430.3 (interacts with) Solyc07g066220.3"
"interacts with","0.668242","Solyc05g051460.3 (interacts with) Solyc08g068320.3","1.0E-20","false","interacts with","Solyc05g051460.3 (interacts with) Solyc08g068320.3"
"interacts with","0.11517","Solyc03g098260.2 (interacts with) Solyc12g038440.1","0.1","false","interacts with","Solyc03g098260.2 (interacts with) Solyc12g038440.1"
"interacts with","0.587004","Solyc06g069430.3 (interacts with) Solyc06g075140.3","1.0E-20","false","interacts with","Solyc06g069430.3 (interacts with) Solyc06g075140.3"
"interacts with","0.197059","Solyc03g098260.2 (interacts with) Solyc06g053610.3","1.0E-5","false","interacts with","Solyc03g098260.2 (interacts with) Solyc06g053610.3"
"interacts with","0.704445","Solyc05g051460.3 (interacts with) Solyc10g006880.3","1.0E-20","false","interacts with","Solyc05g051460.3 (interacts with) Solyc10g006880.3"
"interacts with","0.2045","Solyc03g098260.2 (interacts with) Solyc06g075140.3","1.0E-5","false","interacts with","Solyc03g098260.2 (interacts with) Solyc06g075140.3"
"interacts with","0.200167","Solyc03g098260.2 (interacts with) Solyc08g065420.3","1.0E-5","false","interacts with","Solyc03g098260.2 (interacts with) Solyc08g065420.3"
"interacts with","0.419818","Solyc05g051460.3 (interacts with) Solyc10g081320.1","1.0E-10","false","interacts with","Solyc05g051460.3 (interacts with) Solyc10g081320.1"
"interacts with","0.659505","Solyc05g051460.3 (interacts with) Solyc06g036170.1","1.0E-20","false","interacts with","Solyc05g051460.3 (interacts with) Solyc06g036170.1"
"interacts with","0.496658","Solyc07g052700.3 (interacts with) Solyc12g096500.2","1.0E-15","false","interacts with","Solyc07g052700.3 (interacts with) Solyc12g096500.2"
"interacts with","0.196655","Solyc03g098260.2 (interacts with) Solyc11g044320.2","1.0E-5","false","interacts with","Solyc03g098260.2 (interacts with) Solyc11g044320.2"
"interacts with","0.584695","Solyc05g051460.3 (interacts with) Solyc06g076820.1","1.0E-20","false","interacts with","Solyc05g051460.3 (interacts with) Solyc06g076820.1"
"interacts with","0.302859","Solyc02g077920.3 (interacts with) Solyc10g008160.3","1.0E-10","false","interacts with","Solyc02g077920.3 (interacts with) Solyc10g008160.3"
"interacts with","0.198167","Solyc03g098260.2 (interacts with) Solyc03g115120.1","1.0E-5","false","interacts with","Solyc03g098260.2 (interacts with) Solyc03g115120.1"
"interacts with","0.6419","Solyc05g051460.3 (interacts with) Solyc12g098370.2","1.0E-20","false","interacts with","Solyc05g051460.3 (interacts with) Solyc12g098370.2"
"interacts with","0.46065","Solyc07g052700.3 (interacts with) Solyc12g087830.2","1.0E-15","false","interacts with","Solyc07g052700.3 (interacts with) Solyc12g087830.2"
"interacts with","0.685405","Solyc02g077920.3 (interacts with) Solyc06g036170.1","1.0E-20","false","interacts with","Solyc02g077920.3 (interacts with) Solyc06g036170.1"
"interacts with","0.215225","Solyc03g098260.2 (interacts with) Solyc08g066500.3","1.0E-5","false","interacts with","Solyc03g098260.2 (interacts with) Solyc08g066500.3"
"interacts with","0.528971","Solyc02g077920.3 (interacts with) Solyc08g065420.3","1.0E-15","false","interacts with","Solyc02g077920.3 (interacts with) Solyc08g065420.3"
"interacts with","0.204144","Solyc03g098260.2 (interacts with) Solyc04g074810.3","1.0E-5","false","interacts with","Solyc03g098260.2 (interacts with) Solyc04g074810.3"
"interacts with","0.527511","Solyc01g088820.2 (interacts with) Solyc05g009350.3","1.0E-15","false","interacts with","Solyc01g088820.2 (interacts with) Solyc05g009350.3"
"interacts with","0.674614","Solyc05g051460.3 (interacts with) Solyc06g049040.3","1.0E-20","false","interacts with","Solyc05g051460.3 (interacts with) Solyc06g049040.3"
"interacts with","0.507696","Solyc05g051460.3 (interacts with) Solyc11g011890.2","1.0E-15","false","interacts with","Solyc05g051460.3 (interacts with) Solyc11g011890.2"
"interacts with","0.406311","Solyc01g088820.2 (interacts with) Solyc08g077230.3","1.0E-10","false","interacts with","Solyc01g088820.2 (interacts with) Solyc08g077230.3"
"interacts with","0.542999","Solyc05g051460.3 (interacts with) Solyc05g056120.3","1.0E-15","false","interacts with","Solyc05g051460.3 (interacts with) Solyc05g056120.3"
"interacts with","0.37438","Solyc06g082010.3 (interacts with) Solyc12g010890.2","1.0E-10","false","interacts with","Solyc06g082010.3 (interacts with) Solyc12g010890.2"
"interacts with","0.75463","Solyc02g077920.3 (interacts with) Solyc03g097120.3","1.0E-25","false","interacts with","Solyc02g077920.3 (interacts with) Solyc03g097120.3"
"interacts with","0.196416","Solyc03g098260.2 (interacts with) Solyc03g112390.3","1.0E-5","false","interacts with","Solyc03g098260.2 (interacts with) Solyc03g112390.3"
"interacts with","0.709791","Solyc02g077920.3 (interacts with) Solyc06g076270.3","1.0E-20","false","interacts with","Solyc02g077920.3 (interacts with) Solyc06g076270.3"
"interacts with","0.206382","Solyc03g098260.2 (interacts with) Solyc04g054685.1","1.0E-5","false","interacts with","Solyc03g098260.2 (interacts with) Solyc04g054685.1"
"interacts with","0.646088","Solyc05g051460.3 (interacts with) Solyc06g083170.3","1.0E-20","false","interacts with","Solyc05g051460.3 (interacts with) Solyc06g083170.3"
"interacts with","0.48265","Solyc06g082010.3 (interacts with) Solyc07g055710.3","1.0E-15","false","interacts with","Solyc06g082010.3 (interacts with) Solyc07g055710.3"
"interacts with","0.571504","Solyc02g077920.3 (interacts with) Solyc10g078430.2","1.0E-15","false","interacts with","Solyc02g077920.3 (interacts with) Solyc10g078430.2"
"interacts with","0.709762","Solyc05g051460.3 (interacts with) Solyc10g005330.3","1.0E-20","false","interacts with","Solyc05g051460.3 (interacts with) Solyc10g005330.3"
"interacts with","0.221243","Solyc01g088820.2 (interacts with) Solyc12g049320.2","1.0E-5","false","interacts with","Solyc01g088820.2 (interacts with) Solyc12g049320.2"
"interacts with","0.686842","Solyc05g051460.3 (interacts with) Solyc10g078700.2","1.0E-20","false","interacts with","Solyc05g051460.3 (interacts with) Solyc10g078700.2"
"interacts with","0.598958","Solyc06g082010.3 (interacts with) Solyc07g066220.3","1.0E-20","false","interacts with","Solyc06g082010.3 (interacts with) Solyc07g066220.3"
"interacts with","0.674798","Solyc02g077920.3 (interacts with) Solyc09g007260.3","1.0E-20","false","interacts with","Solyc02g077920.3 (interacts with) Solyc09g007260.3"
"interacts with","0.705392","Solyc05g051460.3 (interacts with) Solyc10g018780.2","1.0E-20","false","interacts with","Solyc05g051460.3 (interacts with) Solyc10g018780.2"
"interacts with","0.533798","Solyc07g047960.3 (interacts with) Solyc07g066220.3","1.0E-15","false","interacts with","Solyc07g047960.3 (interacts with) Solyc07g066220.3"
"interacts with","0.492414","Solyc01g088820.2 (interacts with) Solyc08g029090.3","1.0E-15","false","interacts with","Solyc01g088820.2 (interacts with) Solyc08g029090.3"
"interacts with","0.672847","Solyc05g051460.3 (interacts with) Solyc06g073980.3","1.0E-20","false","interacts with","Solyc05g051460.3 (interacts with) Solyc06g073980.3"
"interacts with","0.455913","Solyc01g088820.2 (interacts with) Solyc03g097120.3","1.0E-15","false","interacts with","Solyc01g088820.2 (interacts with) Solyc03g097120.3"
"interacts with","0.543752","Solyc05g051460.3 (interacts with) Solyc06g005130.3","1.0E-15","false","interacts with","Solyc05g051460.3 (interacts with) Solyc06g005130.3"
"interacts with","0.622369","Solyc05g051460.3 (interacts with) Solyc11g013480.2","1.0E-20","false","interacts with","Solyc05g051460.3 (interacts with) Solyc11g013480.2"
"interacts with","0.716488","Solyc02g077920.3 (interacts with) Solyc11g005380.2","1.0E-25","false","interacts with","Solyc02g077920.3 (interacts with) Solyc11g005380.2"
"interacts with","0.273509","Solyc02g024070.3 (interacts with) Solyc08g005870.2","1.0E-5","false","interacts with","Solyc02g024070.3 (interacts with) Solyc08g005870.2"
"interacts with","0.457877","Solyc01g088820.2 (interacts with) Solyc10g006880.3","1.0E-15","false","interacts with","Solyc01g088820.2 (interacts with) Solyc10g006880.3"
"interacts with","0.693214","Solyc05g051460.3 (interacts with) Solyc06g069430.3","1.0E-20","false","interacts with","Solyc05g051460.3 (interacts with) Solyc06g069430.3"
"interacts with","0.514829","Solyc02g077920.3 (interacts with) Solyc11g010710.2","1.0E-15","false","interacts with","Solyc02g077920.3 (interacts with) Solyc11g010710.2"
"interacts with","0.405902","Solyc02g024070.3 (interacts with) Solyc08g079120.2","1.0E-10","false","interacts with","Solyc02g024070.3 (interacts with) Solyc08g079120.2"
"interacts with","0.53147","Solyc02g024070.3 (interacts with) Solyc08g076590.3","1.0E-15","false","interacts with","Solyc02g024070.3 (interacts with) Solyc08g076590.3"
"interacts with","0.695139","Solyc02g077920.3 (interacts with) Solyc07g052960.2","1.0E-20","false","interacts with","Solyc02g077920.3 (interacts with) Solyc07g052960.2"
"interacts with","0.468268","Solyc01g088820.2 (interacts with) Solyc04g045430.3","1.0E-15","false","interacts with","Solyc01g088820.2 (interacts with) Solyc04g045430.3"
"interacts with","0.680827","Solyc05g051460.3 (interacts with) Solyc10g079070.2","1.0E-20","false","interacts with","Solyc05g051460.3 (interacts with) Solyc10g079070.2"
"interacts with","0.57233","Solyc02g024070.3 (interacts with) Solyc08g014030.1","1.0E-20","false","interacts with","Solyc02g024070.3 (interacts with) Solyc08g014030.1"
"interacts with","0.480089","Solyc01g088820.2 (interacts with) Solyc03g026020.3","1.0E-15","false","interacts with","Solyc01g088820.2 (interacts with) Solyc03g026020.3"
"interacts with","0.718013","Solyc02g024070.3 (interacts with) Solyc04g077510.3","1.0E-25","false","interacts with","Solyc02g024070.3 (interacts with) Solyc04g077510.3"
"interacts with","0.644618","Solyc05g051460.3 (interacts with) Solyc06g053610.3","1.0E-20","false","interacts with","Solyc05g051460.3 (interacts with) Solyc06g053610.3"
"interacts with","0.686598","Solyc02g077920.3 (interacts with) Solyc05g012020.3","1.0E-20","false","interacts with","Solyc02g077920.3 (interacts with) Solyc05g012020.3"
"interacts with","0.660898","Solyc02g024070.3 (interacts with) Solyc02g037530.3","1.0E-20","false","interacts with","Solyc02g024070.3 (interacts with) Solyc02g037530.3"
"interacts with","0.672928","Solyc02g077920.3 (interacts with) Solyc10g079070.2","1.0E-20","false","interacts with","Solyc02g077920.3 (interacts with) Solyc10g079070.2"
"interacts with","0.665434","Solyc01g079870.3 (interacts with) Solyc11g069190.2","1.0E-20","false","interacts with","Solyc01g079870.3 (interacts with) Solyc11g069190.2"
"interacts with","0.305471","Solyc02g077920.3 (interacts with) Solyc10g078610.1","1.0E-10","false","interacts with","Solyc02g077920.3 (interacts with) Solyc10g078610.1"
"interacts with","0.682588","Solyc01g079870.3 (interacts with) Solyc05g007180.3","1.0E-20","false","interacts with","Solyc01g079870.3 (interacts with) Solyc05g007180.3"
"interacts with","0.637788","Solyc02g077920.3 (interacts with) Solyc08g080150.1","1.0E-20","false","interacts with","Solyc02g077920.3 (interacts with) Solyc08g080150.1"
"interacts with","0.806812","Solyc02g024070.3 (interacts with) Solyc06g069430.3","1.0E-25","false","interacts with","Solyc02g024070.3 (interacts with) Solyc06g069430.3"
"interacts with","0.471085","Solyc01g079870.3 (interacts with) Solyc12g056860.2","1.0E-15","false","interacts with","Solyc01g079870.3 (interacts with) Solyc12g056860.2"
"interacts with","0.456382","Solyc02g077920.3 (interacts with) Solyc06g083590.3","1.0E-15","false","interacts with","Solyc02g077920.3 (interacts with) Solyc06g083590.3"
"interacts with","0.421945","Solyc02g024070.3 (interacts with) Solyc02g062960.3","1.0E-10","false","interacts with","Solyc02g024070.3 (interacts with) Solyc02g062960.3"
"interacts with","0.540296","Solyc01g088820.2 (interacts with) Solyc01g102300.3","1.0E-15","false","interacts with","Solyc01g088820.2 (interacts with) Solyc01g102300.3"
"interacts with","0.508954","Solyc01g079870.3 (interacts with) Solyc07g043330.2","1.0E-15","false","interacts with","Solyc01g079870.3 (interacts with) Solyc07g043330.2"
"interacts with","0.548464","Solyc01g079870.3 (interacts with) Solyc02g062760.3","1.0E-15","false","interacts with","Solyc01g079870.3 (interacts with) Solyc02g062760.3"
"interacts with","0.640824","Solyc02g077920.3 (interacts with) Solyc08g006530.3","1.0E-20","false","interacts with","Solyc02g077920.3 (interacts with) Solyc08g006530.3"
"interacts with","0.53566","Solyc02g024070.3 (interacts with) Solyc11g072500.2","1.0E-15","false","interacts with","Solyc02g024070.3 (interacts with) Solyc11g072500.2"
"interacts with","0.40645","Solyc03g120910.3 (interacts with) Solyc04g078640.2","1.0E-10","false","interacts with","Solyc03g120910.3 (interacts with) Solyc04g078640.2"
"interacts with","0.600381","Solyc01g079870.3 (interacts with) Solyc06g065040.3","1.0E-20","false","interacts with","Solyc01g079870.3 (interacts with) Solyc06g065040.3"
"interacts with","0.71418","Solyc02g024070.3 (interacts with) Solyc10g078700.2","1.0E-25","false","interacts with","Solyc02g024070.3 (interacts with) Solyc10g078700.2"
"interacts with","0.358324","Solyc03g120910.3 (interacts with) Solyc12g044410.2","1.0E-10","false","interacts with","Solyc03g120910.3 (interacts with) Solyc12g044410.2"
"interacts with","0.537647","Solyc01g079870.3 (interacts with) Solyc05g006650.3","1.0E-15","false","interacts with","Solyc01g079870.3 (interacts with) Solyc05g006650.3"
"interacts with","0.476259","Solyc01g079870.3 (interacts with) Solyc11g065700.2","1.0E-15","false","interacts with","Solyc01g079870.3 (interacts with) Solyc11g065700.2"
"interacts with","0.587287","Solyc02g024070.3 (interacts with) Solyc06g068390.1","1.0E-20","false","interacts with","Solyc02g024070.3 (interacts with) Solyc06g068390.1"
"interacts with","0.402602","Solyc03g120910.3 (interacts with) Solyc06g063070.3","1.0E-10","false","interacts with","Solyc03g120910.3 (interacts with) Solyc06g063070.3"
"interacts with","0.736063","Solyc01g079870.3 (interacts with) Solyc09g007260.3","1.0E-25","false","interacts with","Solyc01g079870.3 (interacts with) Solyc09g007260.3"
"interacts with","0.661435","Solyc02g077920.3 (interacts with) Solyc08g066500.3","1.0E-20","false","interacts with","Solyc02g077920.3 (interacts with) Solyc08g066500.3"
"interacts with","0.631791","Solyc02g024070.3 (interacts with) Solyc11g013480.2","1.0E-20","false","interacts with","Solyc02g024070.3 (interacts with) Solyc11g013480.2"
"interacts with","0.564198","Solyc01g079870.3 (interacts with) Solyc04g005130.3","1.0E-15","false","interacts with","Solyc01g079870.3 (interacts with) Solyc04g005130.3"
"interacts with","0.267334","Solyc02g092070.3 (interacts with) Solyc10g083567.1","1.0E-5","false","interacts with","Solyc02g092070.3 (interacts with) Solyc10g083567.1"
"interacts with","0.615952","Solyc02g077920.3 (interacts with) Solyc08g005430.3","1.0E-20","false","interacts with","Solyc02g077920.3 (interacts with) Solyc08g005430.3"
"interacts with","0.589204","Solyc02g024070.3 (interacts with) Solyc06g005130.3","1.0E-20","false","interacts with","Solyc02g024070.3 (interacts with) Solyc06g005130.3"
"interacts with","0.404694","Solyc03g120910.3 (interacts with) Solyc10g006880.3","1.0E-10","false","interacts with","Solyc03g120910.3 (interacts with) Solyc10g006880.3"
"interacts with","0.68989","Solyc01g079870.3 (interacts with) Solyc08g068320.3","1.0E-20","false","interacts with","Solyc01g079870.3 (interacts with) Solyc08g068320.3"
"interacts with","0.685994","Solyc02g077920.3 (interacts with) Solyc02g092050.3","1.0E-20","false","interacts with","Solyc02g077920.3 (interacts with) Solyc02g092050.3"
"interacts with","0.782702","Solyc02g024070.3 (interacts with) Solyc10g079070.2","1.0E-25","false","interacts with","Solyc02g024070.3 (interacts with) Solyc10g079070.2"
"interacts with","0.74963","Solyc01g079870.3 (interacts with) Solyc03g097120.3","1.0E-25","false","interacts with","Solyc01g079870.3 (interacts with) Solyc03g097120.3"
"interacts with","0.5214","Solyc02g092070.3 (interacts with) Solyc05g051460.3","1.0E-15","false","interacts with","Solyc02g092070.3 (interacts with) Solyc05g051460.3"
"interacts with","0.327325","Solyc02g077920.3 (interacts with) Solyc05g005240.2","1.0E-10","false","interacts with","Solyc02g077920.3 (interacts with) Solyc05g005240.2"
"interacts with","0.759599","Solyc02g024070.3 (interacts with) Solyc08g006530.3","1.0E-25","false","interacts with","Solyc02g024070.3 (interacts with) Solyc08g006530.3"
"interacts with","0.541821","Solyc01g079870.3 (interacts with) Solyc02g091690.3","1.0E-15","false","interacts with","Solyc01g079870.3 (interacts with) Solyc02g091690.3"
"interacts with","0.518592","Solyc02g092070.3 (interacts with) Solyc06g069430.3","1.0E-15","false","interacts with","Solyc02g092070.3 (interacts with) Solyc06g069430.3"
"interacts with","0.427971","Solyc02g024070.3 (interacts with) Solyc02g081120.3","1.0E-10","false","interacts with","Solyc02g024070.3 (interacts with) Solyc02g081120.3"
"interacts with","0.653367","Solyc01g079870.3 (interacts with) Solyc11g044320.2","1.0E-20","false","interacts with","Solyc01g079870.3 (interacts with) Solyc11g044320.2"
"interacts with","0.488274","Solyc02g092070.3 (interacts with) Solyc11g013480.2","1.0E-15","false","interacts with","Solyc02g092070.3 (interacts with) Solyc11g013480.2"
"interacts with","0.504641","Solyc02g077920.3 (interacts with) Solyc03g033660.3","1.0E-15","false","interacts with","Solyc02g077920.3 (interacts with) Solyc03g033660.3"
"interacts with","0.497626","Solyc02g024070.3 (interacts with) Solyc03g093610.1","1.0E-15","false","interacts with","Solyc02g024070.3 (interacts with) Solyc03g093610.1"
"interacts with","0.520655","Solyc03g120910.3 (interacts with) Solyc04g009510.3","1.0E-15","false","interacts with","Solyc03g120910.3 (interacts with) Solyc04g009510.3"
"interacts with","0.687184","Solyc01g079870.3 (interacts with) Solyc08g006260.2","1.0E-20","false","interacts with","Solyc01g079870.3 (interacts with) Solyc08g006260.2"
"interacts with","0.522049","Solyc02g092070.3 (interacts with) Solyc05g052410.2","1.0E-15","false","interacts with","Solyc02g092070.3 (interacts with) Solyc05g052410.2"
"interacts with","0.607607","Solyc02g077920.3 (interacts with) Solyc03g121840.3","1.0E-20","false","interacts with","Solyc02g077920.3 (interacts with) Solyc03g121840.3"
"interacts with","0.589554","Solyc01g079870.3 (interacts with) Solyc07g008180.3","1.0E-20","false","interacts with","Solyc01g079870.3 (interacts with) Solyc07g008180.3"
"interacts with","0.505411","Solyc02g092070.3 (interacts with) Solyc06g065440.1","1.0E-15","false","interacts with","Solyc02g092070.3 (interacts with) Solyc06g065440.1"
"interacts with","0.638711","Solyc01g079870.3 (interacts with) Solyc02g067340.3","1.0E-20","false","interacts with","Solyc01g079870.3 (interacts with) Solyc02g067340.3"
"interacts with","0.21192","Solyc02g092070.3 (interacts with) Solyc08g078590.1","1.0E-5","false","interacts with","Solyc02g092070.3 (interacts with) Solyc08g078590.1"
"interacts with","0.662261","Solyc02g077920.3 (interacts with) Solyc11g013480.2","1.0E-20","false","interacts with","Solyc02g077920.3 (interacts with) Solyc11g013480.2"
"interacts with","0.489852","Solyc03g120910.3 (interacts with) Solyc05g020020.3","1.0E-15","false","interacts with","Solyc03g120910.3 (interacts with) Solyc05g020020.3"
"interacts with","0.606968","Solyc01g079870.3 (interacts with) Solyc04g005800.3","1.0E-20","false","interacts with","Solyc01g079870.3 (interacts with) Solyc04g005800.3"
"interacts with","0.491733","Solyc02g092070.3 (interacts with) Solyc03g112390.3","1.0E-15","false","interacts with","Solyc02g092070.3 (interacts with) Solyc03g112390.3"
"interacts with","0.597689","Solyc02g077920.3 (interacts with) Solyc09g074640.3","1.0E-20","false","interacts with","Solyc02g077920.3 (interacts with) Solyc09g074640.3"
"interacts with","0.730823","Solyc02g024070.3 (interacts with) Solyc11g005380.2","1.0E-25","false","interacts with","Solyc02g024070.3 (interacts with) Solyc11g005380.2"
"interacts with","0.4321","Solyc03g120910.3 (interacts with) Solyc04g008050.3","1.0E-15","false","interacts with","Solyc03g120910.3 (interacts with) Solyc04g008050.3"
"interacts with","0.756802","Solyc01g079870.3 (interacts with) Solyc10g006880.3","1.0E-25","false","interacts with","Solyc01g079870.3 (interacts with) Solyc10g006880.3"
"interacts with","0.520461","Solyc02g092070.3 (interacts with) Solyc06g082300.3","1.0E-15","false","interacts with","Solyc02g092070.3 (interacts with) Solyc06g082300.3"
"interacts with","0.549455","Solyc02g077920.3 (interacts with) Solyc02g080260.3","1.0E-15","false","interacts with","Solyc02g077920.3 (interacts with) Solyc02g080260.3"
"interacts with","0.51324","Solyc02g024070.3 (interacts with) Solyc11g010710.2","1.0E-15","false","interacts with","Solyc02g024070.3 (interacts with) Solyc11g010710.2"
"interacts with","0.4609","Solyc01g079870.3 (interacts with) Solyc03g019710.3","1.0E-15","false","interacts with","Solyc01g079870.3 (interacts with) Solyc03g019710.3"
"interacts with","0.650247","Solyc02g077920.3 (interacts with) Solyc06g083170.3","1.0E-20","false","interacts with","Solyc02g077920.3 (interacts with) Solyc06g083170.3"
"interacts with","0.656806","Solyc02g024070.3 (interacts with) Solyc08g068320.3","1.0E-20","false","interacts with","Solyc02g024070.3 (interacts with) Solyc08g068320.3"
"interacts with","0.446108","Solyc02g092070.3 (interacts with) Solyc03g093610.1","1.0E-15","false","interacts with","Solyc02g092070.3 (interacts with) Solyc03g093610.1"
"interacts with","0.451095","Solyc01g079870.3 (interacts with) Solyc03g082550.3","1.0E-15","false","interacts with","Solyc01g079870.3 (interacts with) Solyc03g082550.3"
"interacts with","0.490743","Solyc02g092070.3 (interacts with) Solyc08g014030.1","1.0E-15","false","interacts with","Solyc02g092070.3 (interacts with) Solyc08g014030.1"
"interacts with","0.579327","Solyc02g077920.3 (interacts with) Solyc08g061140.3","1.0E-20","false","interacts with","Solyc02g077920.3 (interacts with) Solyc08g061140.3"
"interacts with","0.533792","Solyc02g024070.3 (interacts with) Solyc04g014360.3","1.0E-15","false","interacts with","Solyc02g024070.3 (interacts with) Solyc04g014360.3"
"interacts with","0.576212","Solyc01g079870.3 (interacts with) Solyc03g118770.3","1.0E-20","false","interacts with","Solyc01g079870.3 (interacts with) Solyc03g118770.3"
"interacts with","0.613669","Solyc02g078620.1 (interacts with) Solyc05g007180.3","1.0E-20","false","interacts with","Solyc02g078620.1 (interacts with) Solyc05g007180.3"
"interacts with","0.69197","Solyc02g024070.3 (interacts with) Solyc03g097120.3","1.0E-20","false","interacts with","Solyc02g024070.3 (interacts with) Solyc03g097120.3"
"interacts with","0.765547","Solyc01g079870.3 (interacts with) Solyc06g036170.1","1.0E-25","false","interacts with","Solyc01g079870.3 (interacts with) Solyc06g036170.1"
"interacts with","0.610199","Solyc02g078620.1 (interacts with) Solyc11g069190.2","1.0E-20","false","interacts with","Solyc02g078620.1 (interacts with) Solyc11g069190.2"
"interacts with","0.491512","Solyc02g077920.3 (interacts with) Solyc10g009080.3","1.0E-15","false","interacts with","Solyc02g077920.3 (interacts with) Solyc10g009080.3"
"interacts with","0.636651","Solyc02g024070.3 (interacts with) Solyc08g006260.2","1.0E-20","false","interacts with","Solyc02g024070.3 (interacts with) Solyc08g006260.2"
"interacts with","0.78527","Solyc01g079870.3 (interacts with) Solyc04g078640.2","1.0E-25","false","interacts with","Solyc01g079870.3 (interacts with) Solyc04g078640.2"
"interacts with","0.59063","Solyc02g078620.1 (interacts with) Solyc05g012020.3","1.0E-20","false","interacts with","Solyc02g078620.1 (interacts with) Solyc05g012020.3"
"interacts with","0.280175","Solyc02g077920.3 (interacts with) Solyc08g005870.2","1.0E-5","false","interacts with","Solyc02g077920.3 (interacts with) Solyc08g005870.2"
"interacts with","0.492292","Solyc02g024070.3 (interacts with) Solyc02g092070.3","1.0E-15","false","interacts with","Solyc02g024070.3 (interacts with) Solyc02g092070.3"
"interacts with","0.58646","Solyc02g078620.1 (interacts with) Solyc06g053960.3","1.0E-20","false","interacts with","Solyc02g078620.1 (interacts with) Solyc06g053960.3"
"interacts with","0.281483","Solyc02g077920.3 (interacts with) Solyc03g114440.1","1.0E-5","false","interacts with","Solyc02g077920.3 (interacts with) Solyc03g114440.1"
"interacts with","0.668184","Solyc01g079870.3 (interacts with) Solyc05g007770.3","1.0E-20","false","interacts with","Solyc01g079870.3 (interacts with) Solyc05g007770.3"
"interacts with","0.48813","Solyc02g078620.1 (interacts with) Solyc03g093610.1","1.0E-15","false","interacts with","Solyc02g078620.1 (interacts with) Solyc03g093610.1"
"interacts with","0.465069","Solyc02g077920.3 (interacts with) Solyc06g083980.2","1.0E-15","false","interacts with","Solyc02g077920.3 (interacts with) Solyc06g083980.2"
"interacts with","0.72338","Solyc01g079870.3 (interacts with) Solyc01g087030.3","1.0E-25","false","interacts with","Solyc01g079870.3 (interacts with) Solyc01g087030.3"
"interacts with","0.513476","Solyc02g077920.3 (interacts with) Solyc08g076590.3","1.0E-15","false","interacts with","Solyc02g077920.3 (interacts with) Solyc08g076590.3"
"interacts with","0.703668","Solyc01g079870.3 (interacts with) Solyc06g049040.3","1.0E-20","false","interacts with","Solyc01g079870.3 (interacts with) Solyc06g049040.3"
"interacts with","0.594375","Solyc02g078620.1 (interacts with) Solyc09g007260.3","1.0E-20","false","interacts with","Solyc02g078620.1 (interacts with) Solyc09g007260.3"
"interacts with","0.310584","Solyc02g077920.3 (interacts with) Solyc05g009660.3","1.0E-10","false","interacts with","Solyc02g077920.3 (interacts with) Solyc05g009660.3"
"interacts with","0.485063","Solyc01g079870.3 (interacts with) Solyc03g123400.1","1.0E-15","false","interacts with","Solyc01g079870.3 (interacts with) Solyc03g123400.1"
"interacts with","0.659076","Solyc02g077920.3 (interacts with) Solyc06g053960.3","1.0E-20","false","interacts with","Solyc02g077920.3 (interacts with) Solyc06g053960.3"
"interacts with","0.562513","Solyc02g024070.3 (interacts with) Solyc06g075140.3","1.0E-15","false","interacts with","Solyc02g024070.3 (interacts with) Solyc06g075140.3"
"interacts with","0.600941","Solyc02g078620.1 (interacts with) Solyc10g005330.3","1.0E-20","false","interacts with","Solyc02g078620.1 (interacts with) Solyc10g005330.3"
"interacts with","0.678921","Solyc02g024070.3 (interacts with) Solyc06g061030.3","1.0E-20","false","interacts with","Solyc02g024070.3 (interacts with) Solyc06g061030.3"
"interacts with","0.296035","Solyc01g079870.3 (interacts with) Solyc05g009660.3","1.0E-10","false","interacts with","Solyc01g079870.3 (interacts with) Solyc05g009660.3"
"interacts with","0.599666","Solyc02g078620.1 (interacts with) Solyc07g052960.2","1.0E-20","false","interacts with","Solyc02g078620.1 (interacts with) Solyc07g052960.2"
"interacts with","0.578631","Solyc02g024070.3 (interacts with) Solyc12g100140.2","1.0E-20","false","interacts with","Solyc02g024070.3 (interacts with) Solyc12g100140.2"
"interacts with","0.585717","Solyc02g078620.1 (interacts with) Solyc12g013620.2","1.0E-20","false","interacts with","Solyc02g078620.1 (interacts with) Solyc12g013620.2"
"interacts with","0.650212","Solyc02g077920.3 (interacts with) Solyc04g077510.3","1.0E-20","false","interacts with","Solyc02g077920.3 (interacts with) Solyc04g077510.3"
"interacts with","0.643729","Solyc02g078620.1 (interacts with) Solyc10g006880.3","1.0E-20","false","interacts with","Solyc02g078620.1 (interacts with) Solyc10g006880.3"
"interacts with","0.672361","Solyc02g024070.3 (interacts with) Solyc05g009880.3","1.0E-20","false","interacts with","Solyc02g024070.3 (interacts with) Solyc05g009880.3"
"interacts with","0.693092","Solyc01g079870.3 (interacts with) Solyc10g005330.3","1.0E-20","false","interacts with","Solyc01g079870.3 (interacts with) Solyc10g005330.3"
"interacts with","0.582498","Solyc02g078620.1 (interacts with) Solyc08g006260.2","1.0E-20","false","interacts with","Solyc02g078620.1 (interacts with) Solyc08g006260.2"
"interacts with","0.557393","Solyc02g024070.3 (interacts with) Solyc03g123430.3","1.0E-15","false","interacts with","Solyc02g024070.3 (interacts with) Solyc03g123430.3"
"interacts with","0.474646","Solyc02g024070.3 (interacts with) Solyc03g123400.1","1.0E-15","false","interacts with","Solyc02g024070.3 (interacts with) Solyc03g123400.1"
"interacts with","0.670892","Solyc01g079870.3 (interacts with) Solyc06g083170.3","1.0E-20","false","interacts with","Solyc01g079870.3 (interacts with) Solyc06g083170.3"
"interacts with","0.619458","Solyc02g078620.1 (interacts with) Solyc10g018780.2","1.0E-20","false","interacts with","Solyc02g078620.1 (interacts with) Solyc10g018780.2"
"interacts with","0.506005","Solyc02g024070.3 (interacts with) Solyc11g011890.2","1.0E-15","false","interacts with","Solyc02g024070.3 (interacts with) Solyc11g011890.2"
"interacts with","0.547674","Solyc01g079870.3 (interacts with) Solyc05g056120.3","1.0E-15","false","interacts with","Solyc01g079870.3 (interacts with) Solyc05g056120.3"
"interacts with","0.597649","Solyc02g078620.1 (interacts with) Solyc10g078700.2","1.0E-20","false","interacts with","Solyc02g078620.1 (interacts with) Solyc10g078700.2"
"interacts with","0.723812","Solyc06g008200.3 (interacts with) Solyc09g089550.3","1.0E-25","false","interacts with","Solyc06g008200.3 (interacts with) Solyc09g089550.3"
"interacts with","0.623863","Solyc02g024070.3 (interacts with) Solyc07g018290.3","1.0E-20","false","interacts with","Solyc02g024070.3 (interacts with) Solyc07g018290.3"
"interacts with","0.625752","Solyc02g078620.1 (interacts with) Solyc10g079070.2","1.0E-20","false","interacts with","Solyc02g078620.1 (interacts with) Solyc10g079070.2"
"interacts with","0.71651","Solyc01g079870.3 (interacts with) Solyc06g069430.3","1.0E-25","false","interacts with","Solyc01g079870.3 (interacts with) Solyc06g069430.3"
"interacts with","0.593856","Solyc02g078620.1 (interacts with) Solyc04g078640.2","1.0E-20","false","interacts with","Solyc02g078620.1 (interacts with) Solyc04g078640.2"
"interacts with","0.539909","Solyc02g024070.3 (interacts with) Solyc02g080260.3","1.0E-15","false","interacts with","Solyc02g024070.3 (interacts with) Solyc02g080260.3"
"interacts with","0.7825","Solyc01g079870.3 (interacts with) Solyc04g071160.3","1.0E-25","false","interacts with","Solyc01g079870.3 (interacts with) Solyc04g071160.3"
"interacts with","0.46519","Solyc02g024070.3 (interacts with) Solyc10g008880.3","1.0E-15","false","interacts with","Solyc02g024070.3 (interacts with) Solyc10g008880.3"
"interacts with","0.545941","Solyc01g079870.3 (interacts with) Solyc10g086640.2","1.0E-15","false","interacts with","Solyc01g079870.3 (interacts with) Solyc10g086640.2"
"interacts with","0.599425","Solyc02g078620.1 (interacts with) Solyc05g007770.3","1.0E-20","false","interacts with","Solyc02g078620.1 (interacts with) Solyc05g007770.3"
"interacts with","0.454096","Solyc06g008200.3 (interacts with) Solyc07g005650.3","1.0E-15","false","interacts with","Solyc06g008200.3 (interacts with) Solyc07g005650.3"
"interacts with","0.750106","Solyc02g024070.3 (interacts with) Solyc04g077490.3","1.0E-25","false","interacts with","Solyc02g024070.3 (interacts with) Solyc04g077490.3"
"interacts with","0.719664","Solyc01g079870.3 (interacts with) Solyc10g018780.2","1.0E-25","false","interacts with","Solyc01g079870.3 (interacts with) Solyc10g018780.2"
"interacts with","0.584284","Solyc02g078620.1 (interacts with) Solyc05g051460.3","1.0E-20","false","interacts with","Solyc02g078620.1 (interacts with) Solyc05g051460.3"
"interacts with","0.661824","Solyc01g079870.3 (interacts with) Solyc01g090730.3","1.0E-20","false","interacts with","Solyc01g079870.3 (interacts with) Solyc01g090730.3"
"interacts with","0.628644","Solyc02g078620.1 (interacts with) Solyc11g072470.2","1.0E-20","false","interacts with","Solyc02g078620.1 (interacts with) Solyc11g072470.2"
"interacts with","0.568197","Solyc06g008200.3 (interacts with) Solyc08g022080.3","1.0E-15","false","interacts with","Solyc06g008200.3 (interacts with) Solyc08g022080.3"
"interacts with","0.687115","Solyc01g079870.3 (interacts with) Solyc10g078700.2","1.0E-20","false","interacts with","Solyc01g079870.3 (interacts with) Solyc10g078700.2"
"interacts with","0.589449","Solyc02g078620.1 (interacts with) Solyc11g017470.2","1.0E-20","false","interacts with","Solyc02g078620.1 (interacts with) Solyc11g017470.2"
"interacts with","0.528885","Solyc02g024070.3 (interacts with) Solyc11g069890.2","1.0E-15","false","interacts with","Solyc02g024070.3 (interacts with) Solyc11g069890.2"
"interacts with","0.648124","Solyc01g079870.3 (interacts with) Solyc10g079050.2","1.0E-20","false","interacts with","Solyc01g079870.3 (interacts with) Solyc10g079050.2"
"interacts with","0.551033","Solyc02g024070.3 (interacts with) Solyc03g114720.3","1.0E-15","false","interacts with","Solyc02g024070.3 (interacts with) Solyc03g114720.3"
"interacts with","0.728773","Solyc01g079870.3 (interacts with) Solyc06g073980.3","1.0E-25","false","interacts with","Solyc01g079870.3 (interacts with) Solyc06g073980.3"
"interacts with","0.280227","Solyc07g016180.3 (interacts with) Solyc08g078340.3","1.0E-5","false","interacts with","Solyc07g016180.3 (interacts with) Solyc08g078340.3"
"interacts with","0.615134","Solyc01g079870.3 (interacts with) Solyc06g075510.3","1.0E-20","false","interacts with","Solyc01g079870.3 (interacts with) Solyc06g075510.3"
"interacts with","0.614397","Solyc02g024070.3 (interacts with) Solyc02g067380.3","1.0E-20","false","interacts with","Solyc02g024070.3 (interacts with) Solyc02g067380.3"
"interacts with","0.57343","Solyc01g079870.3 (interacts with) Solyc01g100460.3","1.0E-20","false","interacts with","Solyc01g079870.3 (interacts with) Solyc01g100460.3"
"interacts with","0.460203","Solyc02g024070.3 (interacts with) Solyc11g008830.2","1.0E-15","false","interacts with","Solyc02g024070.3 (interacts with) Solyc11g008830.2"
"interacts with","0.324599","Solyc07g016180.3 (interacts with) Solyc07g047960.3","1.0E-10","false","interacts with","Solyc07g016180.3 (interacts with) Solyc07g047960.3"
"interacts with","0.590175","Solyc01g079870.3 (interacts with) Solyc02g065350.3","1.0E-20","false","interacts with","Solyc01g079870.3 (interacts with) Solyc02g065350.3"
"interacts with","0.715858","Solyc02g024070.3 (interacts with) Solyc08g082630.3","1.0E-25","false","interacts with","Solyc02g024070.3 (interacts with) Solyc08g082630.3"
"interacts with","0.344728","Solyc07g016180.3 (interacts with) Solyc07g066220.3","1.0E-10","false","interacts with","Solyc07g016180.3 (interacts with) Solyc07g066220.3"
"interacts with","0.683391","Solyc01g079870.3 (interacts with) Solyc10g079070.2","1.0E-20","false","interacts with","Solyc01g079870.3 (interacts with) Solyc10g079070.2"
"interacts with","0.648106","Solyc02g024070.3 (interacts with) Solyc08g005430.3","1.0E-20","false","interacts with","Solyc02g024070.3 (interacts with) Solyc08g005430.3"
"interacts with","0.535721","Solyc08g078300.3 (interacts with) Solyc12g098370.2","1.0E-15","false","interacts with","Solyc08g078300.3 (interacts with) Solyc12g098370.2"
"interacts with","0.509929","Solyc01g079870.3 (interacts with) Solyc04g076530.3","1.0E-15","false","interacts with","Solyc01g079870.3 (interacts with) Solyc04g076530.3"
"interacts with","0.722718","Solyc02g024070.3 (interacts with) Solyc02g092050.3","1.0E-25","false","interacts with","Solyc02g024070.3 (interacts with) Solyc02g092050.3"
"interacts with","0.588962","Solyc08g078300.3 (interacts with) Solyc12g100140.2","1.0E-20","false","interacts with","Solyc08g078300.3 (interacts with) Solyc12g100140.2"
"interacts with","0.664704","Solyc02g024070.3 (interacts with) Solyc10g018780.2","1.0E-20","false","interacts with","Solyc02g024070.3 (interacts with) Solyc10g018780.2"
"interacts with","0.50544","Solyc08g078300.3 (interacts with) Solyc09g066060.2","1.0E-15","false","interacts with","Solyc08g078300.3 (interacts with) Solyc09g066060.2"
"interacts with","0.714622","Solyc01g079870.3 (interacts with) Solyc05g051460.3","1.0E-25","false","interacts with","Solyc01g079870.3 (interacts with) Solyc05g051460.3"
"interacts with","0.500062","Solyc08g078300.3 (interacts with) Solyc11g069190.2","1.0E-15","false","interacts with","Solyc08g078300.3 (interacts with) Solyc11g069190.2"
"interacts with","0.654876","Solyc02g067340.3 (interacts with) Solyc08g079100.3","1.0E-20","false","interacts with","Solyc02g067340.3 (interacts with) Solyc08g079100.3"
"interacts with","0.644904","Solyc02g024070.3 (interacts with) Solyc06g075510.3","1.0E-20","false","interacts with","Solyc02g024070.3 (interacts with) Solyc06g075510.3"
"interacts with","0.473943","Solyc02g067340.3 (interacts with) Solyc02g092070.3","1.0E-15","false","interacts with","Solyc02g067340.3 (interacts with) Solyc02g092070.3"
"interacts with","0.589252","Solyc02g024070.3 (interacts with) Solyc07g018010.3","1.0E-20","false","interacts with","Solyc02g024070.3 (interacts with) Solyc07g018010.3"
"interacts with","0.544554","Solyc08g078300.3 (interacts with) Solyc10g084180.2","1.0E-15","false","interacts with","Solyc08g078300.3 (interacts with) Solyc10g084180.2"
"interacts with","0.633395","Solyc02g067340.3 (interacts with) Solyc05g052410.2","1.0E-20","false","interacts with","Solyc02g067340.3 (interacts with) Solyc05g052410.2"
"interacts with","0.240598","Solyc08g078300.3 (interacts with) Solyc09g015110.2","1.0E-5","false","interacts with","Solyc08g078300.3 (interacts with) Solyc09g015110.2"
"interacts with","0.442673","Solyc02g024070.3 (interacts with) Solyc06g083590.3","1.0E-15","false","interacts with","Solyc02g024070.3 (interacts with) Solyc06g083590.3"
"interacts with","0.464504","Solyc01g102300.3 (interacts with) Solyc07g047960.3","1.0E-15","false","interacts with","Solyc01g102300.3 (interacts with) Solyc07g047960.3"
"interacts with","0.546119","Solyc08g078300.3 (interacts with) Solyc10g079070.2","1.0E-15","false","interacts with","Solyc08g078300.3 (interacts with) Solyc10g079070.2"
"interacts with","0.59252","Solyc02g067340.3 (interacts with) Solyc11g044320.2","1.0E-20","false","interacts with","Solyc02g067340.3 (interacts with) Solyc11g044320.2"
"interacts with","0.536103","Solyc08g078300.3 (interacts with) Solyc12g089240.2","1.0E-15","false","interacts with","Solyc08g078300.3 (interacts with) Solyc12g089240.2"
"interacts with","0.648499","Solyc02g067340.3 (interacts with) Solyc10g006880.3","1.0E-20","false","interacts with","Solyc02g067340.3 (interacts with) Solyc10g006880.3"
"interacts with","0.500629","Solyc08g078300.3 (interacts with) Solyc11g069890.2","1.0E-15","false","interacts with","Solyc08g078300.3 (interacts with) Solyc11g069890.2"
"interacts with","0.624624","Solyc02g067340.3 (interacts with) Solyc05g007770.3","1.0E-20","false","interacts with","Solyc02g067340.3 (interacts with) Solyc05g007770.3"
"interacts with","0.45203","Solyc02g024070.3 (interacts with) Solyc12g099370.2","1.0E-15","false","interacts with","Solyc02g024070.3 (interacts with) Solyc12g099370.2"
"interacts with","0.530755","Solyc02g067340.3 (interacts with) Solyc10g084180.2","1.0E-15","false","interacts with","Solyc02g067340.3 (interacts with) Solyc10g084180.2"
"interacts with","0.599901","Solyc02g024070.3 (interacts with) Solyc06g082300.3","1.0E-20","false","interacts with","Solyc02g024070.3 (interacts with) Solyc06g082300.3"
"interacts with","0.478587","Solyc02g067340.3 (interacts with) Solyc05g050220.3","1.0E-15","false","interacts with","Solyc02g067340.3 (interacts with) Solyc05g050220.3"
"interacts with","0.576242","Solyc04g005610.3 (interacts with) Solyc10g084380.1","1.0E-20","false","interacts with","Solyc04g005610.3 (interacts with) Solyc10g084380.1"
"interacts with","0.725707","Solyc02g024070.3 (interacts with) Solyc05g007180.3","1.0E-25","false","interacts with","Solyc02g024070.3 (interacts with) Solyc05g007180.3"
"interacts with","0.596592","Solyc02g067340.3 (interacts with) Solyc06g076820.1","1.0E-20","false","interacts with","Solyc02g067340.3 (interacts with) Solyc06g076820.1"
"interacts with","0.612201","Solyc04g005610.3 (interacts with) Solyc05g007770.3","1.0E-20","false","interacts with","Solyc04g005610.3 (interacts with) Solyc05g007770.3"
"interacts with","0.671836","Solyc02g024070.3 (interacts with) Solyc12g089240.2","1.0E-20","false","interacts with","Solyc02g024070.3 (interacts with) Solyc12g089240.2"
"interacts with","0.587745","Solyc04g005610.3 (interacts with) Solyc10g079070.2","1.0E-20","false","interacts with","Solyc04g005610.3 (interacts with) Solyc10g079070.2"
"interacts with","0.592778","Solyc02g024070.3 (interacts with) Solyc02g067320.2","1.0E-20","false","interacts with","Solyc02g024070.3 (interacts with) Solyc02g067320.2"
"interacts with","0.218353","Solyc02g067340.3 (interacts with) Solyc03g033730.1","1.0E-5","false","interacts with","Solyc02g067340.3 (interacts with) Solyc03g033730.1"
"interacts with","0.62761","Solyc04g005610.3 (interacts with) Solyc04g078640.2","1.0E-20","false","interacts with","Solyc04g005610.3 (interacts with) Solyc04g078640.2"
"interacts with","0.688067","Solyc02g024070.3 (interacts with) Solyc07g052960.2","1.0E-20","false","interacts with","Solyc02g024070.3 (interacts with) Solyc07g052960.2"
"interacts with","0.646869","Solyc04g005610.3 (interacts with) Solyc05g012020.3","1.0E-20","false","interacts with","Solyc04g005610.3 (interacts with) Solyc05g012020.3"
"interacts with","0.418677","Solyc01g102300.3 (interacts with) Solyc08g077230.3","1.0E-10","false","interacts with","Solyc01g102300.3 (interacts with) Solyc08g077230.3"
"interacts with","0.568752","Solyc02g067340.3 (interacts with) Solyc05g053240.3","1.0E-15","false","interacts with","Solyc02g067340.3 (interacts with) Solyc05g053240.3"
"interacts with","0.582839","Solyc04g005610.3 (interacts with) Solyc06g073980.3","1.0E-20","false","interacts with","Solyc04g005610.3 (interacts with) Solyc06g073980.3"
"interacts with","0.413592","Solyc02g024070.3 (interacts with) Solyc02g092550.3","1.0E-10","false","interacts with","Solyc02g024070.3 (interacts with) Solyc02g092550.3"
"interacts with","0.66897","Solyc02g067340.3 (interacts with) Solyc08g068320.3","1.0E-20","false","interacts with","Solyc02g067340.3 (interacts with) Solyc08g068320.3"
"interacts with","0.174529","Solyc04g005610.3 (interacts with) Solyc06g050950.3","1.0E-5","false","interacts with","Solyc04g005610.3 (interacts with) Solyc06g050950.3"
"interacts with","0.333516","Solyc02g024070.3 (interacts with) Solyc10g079150.2","1.0E-10","false","interacts with","Solyc02g024070.3 (interacts with) Solyc10g079150.2"
"interacts with","0.59488","Solyc04g005610.3 (interacts with) Solyc12g013620.2","1.0E-20","false","interacts with","Solyc04g005610.3 (interacts with) Solyc12g013620.2"
"interacts with","0.469967","Solyc02g024070.3 (interacts with) Solyc07g053590.3","1.0E-15","false","interacts with","Solyc02g024070.3 (interacts with) Solyc07g053590.3"
"interacts with","0.644276","Solyc04g005610.3 (interacts with) Solyc10g006880.3","1.0E-20","false","interacts with","Solyc04g005610.3 (interacts with) Solyc10g006880.3"
"interacts with","0.314132","Solyc02g024070.3 (interacts with) Solyc05g051380.3","1.0E-10","false","interacts with","Solyc02g024070.3 (interacts with) Solyc05g051380.3"
"interacts with","0.380001","Solyc01g102300.3 (interacts with) Solyc03g120910.3","1.0E-10","false","interacts with","Solyc01g102300.3 (interacts with) Solyc03g120910.3"
"interacts with","0.611774","Solyc02g067340.3 (interacts with) Solyc03g006800.1","1.0E-20","false","interacts with","Solyc02g067340.3 (interacts with) Solyc03g006800.1"
"interacts with","0.526184","Solyc02g024070.3 (interacts with) Solyc02g090220.3","1.0E-15","false","interacts with","Solyc02g024070.3 (interacts with) Solyc02g090220.3"
"interacts with","0.585305","Solyc04g005610.3 (interacts with) Solyc05g007180.3","1.0E-20","false","interacts with","Solyc04g005610.3 (interacts with) Solyc05g007180.3"
"interacts with","0.68003","Solyc02g067340.3 (interacts with) Solyc10g018780.2","1.0E-20","false","interacts with","Solyc02g067340.3 (interacts with) Solyc10g018780.2"
"interacts with","0.635616","Solyc05g012020.3 (interacts with) Solyc08g061140.3","1.0E-20","false","interacts with","Solyc05g012020.3 (interacts with) Solyc08g061140.3"
"interacts with","0.701832","Solyc02g024070.3 (interacts with) Solyc02g063430.3","1.0E-20","false","interacts with","Solyc02g024070.3 (interacts with) Solyc02g063430.3"
"interacts with","0.657769","Solyc02g067340.3 (interacts with) Solyc10g078700.2","1.0E-20","false","interacts with","Solyc02g067340.3 (interacts with) Solyc10g078700.2"
"interacts with","0.332806","Solyc05g012020.3 (interacts with) Solyc05g052850.3","1.0E-10","false","interacts with","Solyc05g012020.3 (interacts with) Solyc05g052850.3"
"interacts with","0.555634","Solyc02g024070.3 (interacts with) Solyc06g076820.1","1.0E-15","false","interacts with","Solyc02g024070.3 (interacts with) Solyc06g076820.1"
"interacts with","0.63168","Solyc02g067340.3 (interacts with) Solyc06g073980.3","1.0E-20","false","interacts with","Solyc02g067340.3 (interacts with) Solyc06g073980.3"
"interacts with","0.440879","Solyc05g012020.3 (interacts with) Solyc07g063830.3","1.0E-15","false","interacts with","Solyc05g012020.3 (interacts with) Solyc07g063830.3"
"interacts with","0.591639","Solyc02g024070.3 (interacts with) Solyc03g118770.3","1.0E-20","false","interacts with","Solyc02g024070.3 (interacts with) Solyc03g118770.3"
"interacts with","0.562969","Solyc02g067340.3 (interacts with) Solyc06g065440.1","1.0E-15","false","interacts with","Solyc02g067340.3 (interacts with) Solyc06g065440.1"
"interacts with","0.533189","Solyc05g012020.3 (interacts with) Solyc06g069385.1","1.0E-15","false","interacts with","Solyc05g012020.3 (interacts with) Solyc06g069385.1"
"interacts with","0.586732","Solyc02g024070.3 (interacts with) Solyc04g005320.3","1.0E-20","false","interacts with","Solyc02g024070.3 (interacts with) Solyc04g005320.3"
"interacts with","0.685895","Solyc05g012020.3 (interacts with) Solyc06g049040.3","1.0E-20","false","interacts with","Solyc05g012020.3 (interacts with) Solyc06g049040.3"
"interacts with","0.533141","Solyc02g024070.3 (interacts with) Solyc08g065420.3","1.0E-15","false","interacts with","Solyc02g024070.3 (interacts with) Solyc08g065420.3"
"interacts with","0.637907","Solyc02g067340.3 (interacts with) Solyc09g010840.1","1.0E-20","false","interacts with","Solyc02g067340.3 (interacts with) Solyc09g010840.1"
"interacts with","0.714512","Solyc05g012020.3 (interacts with) Solyc12g098370.2","1.0E-25","false","interacts with","Solyc05g012020.3 (interacts with) Solyc12g098370.2"
"interacts with","0.233733","Solyc02g024070.3 (interacts with) Solyc04g016000.3","1.0E-5","false","interacts with","Solyc02g024070.3 (interacts with) Solyc04g016000.3"
"interacts with","0.493868","Solyc05g012020.3 (interacts with) Solyc08g076590.3","1.0E-15","false","interacts with","Solyc05g012020.3 (interacts with) Solyc08g076590.3"
"interacts with","0.35362","Solyc02g024070.3 (interacts with) Solyc06g068360.3","1.0E-10","false","interacts with","Solyc02g024070.3 (interacts with) Solyc06g068360.3"
"interacts with","0.70294","Solyc05g012020.3 (interacts with) Solyc08g080150.1","1.0E-20","false","interacts with","Solyc05g012020.3 (interacts with) Solyc08g080150.1"
"interacts with","0.532708","Solyc05g012020.3 (interacts with) Solyc07g052760.2","1.0E-15","false","interacts with","Solyc05g012020.3 (interacts with) Solyc07g052760.2"
"interacts with","0.708931","Solyc02g024070.3 (interacts with) Solyc06g049040.3","1.0E-20","false","interacts with","Solyc02g024070.3 (interacts with) Solyc06g049040.3"
"interacts with","0.664304","Solyc02g067340.3 (interacts with) Solyc05g051460.3","1.0E-20","false","interacts with","Solyc02g067340.3 (interacts with) Solyc05g051460.3"
"interacts with","0.778043","Solyc05g012020.3 (interacts with) Solyc10g079070.2","1.0E-25","false","interacts with","Solyc05g012020.3 (interacts with) Solyc10g079070.2"
"interacts with","0.638252","Solyc02g067340.3 (interacts with) Solyc03g026070.3","1.0E-20","false","interacts with","Solyc02g067340.3 (interacts with) Solyc03g026070.3"
"interacts with","0.688532","Solyc05g012020.3 (interacts with) Solyc08g006530.3","1.0E-20","false","interacts with","Solyc05g012020.3 (interacts with) Solyc08g006530.3"
"interacts with","0.710539","Solyc02g024070.3 (interacts with) Solyc12g098370.2","1.0E-20","false","interacts with","Solyc02g024070.3 (interacts with) Solyc12g098370.2"
"interacts with","0.66722","Solyc05g012020.3 (interacts with) Solyc07g055100.3","1.0E-20","false","interacts with","Solyc05g012020.3 (interacts with) Solyc07g055100.3"
"interacts with","0.683056","Solyc02g024070.3 (interacts with) Solyc06g053960.3","1.0E-20","false","interacts with","Solyc02g024070.3 (interacts with) Solyc06g053960.3"
"interacts with","0.542593","Solyc02g067340.3 (interacts with) Solyc02g084630.3","1.0E-15","false","interacts with","Solyc02g067340.3 (interacts with) Solyc02g084630.3"
"interacts with","0.806088","Solyc05g012020.3 (interacts with) Solyc06g069430.3","1.0E-25","false","interacts with","Solyc05g012020.3 (interacts with) Solyc06g069430.3"
"interacts with","0.604374","Solyc02g024070.3 (interacts with) Solyc11g071300.2","1.0E-20","false","interacts with","Solyc02g024070.3 (interacts with) Solyc11g071300.2"
"interacts with","0.59235","Solyc02g067340.3 (interacts with) Solyc03g117720.3","1.0E-20","false","interacts with","Solyc02g067340.3 (interacts with) Solyc03g117720.3"
"interacts with","0.722068","Solyc05g012020.3 (interacts with) Solyc10g078700.2","1.0E-25","false","interacts with","Solyc05g012020.3 (interacts with) Solyc10g078700.2"
"interacts with","0.590419","Solyc02g067340.3 (interacts with) Solyc03g113270.3","1.0E-20","false","interacts with","Solyc02g067340.3 (interacts with) Solyc03g113270.3"
"interacts with","0.685863","Solyc05g012020.3 (interacts with) Solyc11g013480.2","1.0E-20","false","interacts with","Solyc05g012020.3 (interacts with) Solyc11g013480.2"
"interacts with","0.65022","Solyc02g067340.3 (interacts with) Solyc12g098370.2","1.0E-20","false","interacts with","Solyc02g067340.3 (interacts with) Solyc12g098370.2"
"interacts with","0.184506","Solyc05g012020.3 (interacts with) Solyc09g009490.3","1.0E-5","false","interacts with","Solyc05g012020.3 (interacts with) Solyc09g009490.3"
"interacts with","0.432286","Solyc02g024070.3 (interacts with) Solyc07g063830.3","1.0E-15","false","interacts with","Solyc02g024070.3 (interacts with) Solyc07g063830.3"
"interacts with","0.652137","Solyc02g067340.3 (interacts with) Solyc06g049040.3","1.0E-20","false","interacts with","Solyc02g067340.3 (interacts with) Solyc06g049040.3"
"interacts with","0.629189","Solyc05g012020.3 (interacts with) Solyc07g041640.3","1.0E-20","false","interacts with","Solyc05g012020.3 (interacts with) Solyc07g041640.3"
"interacts with","0.542663","Solyc02g067340.3 (interacts with) Solyc12g100140.2","1.0E-15","false","interacts with","Solyc02g067340.3 (interacts with) Solyc12g100140.2"
"interacts with","0.439665","Solyc05g012020.3 (interacts with) Solyc12g098620.2","1.0E-15","false","interacts with","Solyc05g012020.3 (interacts with) Solyc12g098620.2"
"interacts with","0.781752","Solyc02g024070.3 (interacts with) Solyc08g066500.3","1.0E-25","false","interacts with","Solyc02g024070.3 (interacts with) Solyc08g066500.3"
"interacts with","0.571045","Solyc02g067340.3 (interacts with) Solyc03g114850.3","1.0E-15","false","interacts with","Solyc02g067340.3 (interacts with) Solyc03g114850.3"
"interacts with","0.647342","Solyc05g012020.3 (interacts with) Solyc07g062680.2","1.0E-20","false","interacts with","Solyc05g012020.3 (interacts with) Solyc07g062680.2"
"interacts with","0.568618","Solyc02g067340.3 (interacts with) Solyc05g056120.3","1.0E-15","false","interacts with","Solyc02g067340.3 (interacts with) Solyc05g056120.3"
"interacts with","0.443261","Solyc05g012020.3 (interacts with) Solyc08g080120.3","1.0E-15","false","interacts with","Solyc05g012020.3 (interacts with) Solyc08g080120.3"
"interacts with","0.354002","Solyc02g067340.3 (interacts with) Solyc05g054400.3","1.0E-10","false","interacts with","Solyc02g067340.3 (interacts with) Solyc05g054400.3"
"interacts with","0.62987","Solyc05g012020.3 (interacts with) Solyc08g068320.3","1.0E-20","false","interacts with","Solyc05g012020.3 (interacts with) Solyc08g068320.3"
"interacts with","0.21472","Solyc02g024070.3 (interacts with) Solyc06g069460.2","1.0E-5","false","interacts with","Solyc02g024070.3 (interacts with) Solyc06g069460.2"
"interacts with","0.578144","Solyc02g067340.3 (interacts with) Solyc12g007070.2","1.0E-20","false","interacts with","Solyc02g067340.3 (interacts with) Solyc12g007070.2"
"interacts with","0.321965","Solyc05g012020.3 (interacts with) Solyc06g072520.2","1.0E-10","false","interacts with","Solyc05g012020.3 (interacts with) Solyc06g072520.2"
"interacts with","0.402626","Solyc02g024070.3 (interacts with) Solyc08g082890.3","1.0E-10","false","interacts with","Solyc02g024070.3 (interacts with) Solyc08g082890.3"
"interacts with","0.466079","Solyc05g012020.3 (interacts with) Solyc12g056860.2","1.0E-15","false","interacts with","Solyc05g012020.3 (interacts with) Solyc12g056860.2"
"interacts with","0.62827","Solyc02g024070.3 (interacts with) Solyc04g074810.3","1.0E-20","false","interacts with","Solyc02g024070.3 (interacts with) Solyc04g074810.3"
"interacts with","0.713915","Solyc02g067340.3 (interacts with) Solyc10g005330.3","1.0E-25","false","interacts with","Solyc02g067340.3 (interacts with) Solyc10g005330.3"
"interacts with","0.714554","Solyc05g012020.3 (interacts with) Solyc11g069190.2","1.0E-25","false","interacts with","Solyc05g012020.3 (interacts with) Solyc11g069190.2"
"interacts with","0.225357","Solyc07g053590.3 (interacts with) Solyc10g081490.2","1.0E-5","false","interacts with","Solyc07g053590.3 (interacts with) Solyc10g081490.2"
"interacts with","0.579711","Solyc05g012020.3 (interacts with) Solyc06g065040.3","1.0E-20","false","interacts with","Solyc05g012020.3 (interacts with) Solyc06g065040.3"
"interacts with","0.702407","Solyc02g024070.3 (interacts with) Solyc02g090820.3","1.0E-20","false","interacts with","Solyc02g024070.3 (interacts with) Solyc02g090820.3"
"interacts with","0.517142","Solyc05g012020.3 (interacts with) Solyc05g053240.3","1.0E-15","false","interacts with","Solyc05g012020.3 (interacts with) Solyc05g053240.3"
"interacts with","0.728791","Solyc02g024070.3 (interacts with) Solyc06g053610.3","1.0E-25","false","interacts with","Solyc02g024070.3 (interacts with) Solyc06g053610.3"
"interacts with","0.656053","Solyc05g012020.3 (interacts with) Solyc12g099760.2","1.0E-20","false","interacts with","Solyc05g012020.3 (interacts with) Solyc12g099760.2"
"interacts with","0.138862","Solyc07g053590.3 (interacts with) Solyc07g053680.2","0.1","false","interacts with","Solyc07g053590.3 (interacts with) Solyc07g053680.2"
"interacts with","0.476752","Solyc05g012020.3 (interacts with) Solyc05g050220.3","1.0E-15","false","interacts with","Solyc05g012020.3 (interacts with) Solyc05g050220.3"
"interacts with","0.474059","Solyc07g053590.3 (interacts with) Solyc09g010840.1","1.0E-15","false","interacts with","Solyc07g053590.3 (interacts with) Solyc09g010840.1"
"interacts with","0.263349","Solyc05g012020.3 (interacts with) Solyc05g053330.3","1.0E-5","false","interacts with","Solyc05g012020.3 (interacts with) Solyc05g053330.3"
"interacts with","0.598155","Solyc02g024070.3 (interacts with) Solyc02g062760.3","1.0E-20","false","interacts with","Solyc02g024070.3 (interacts with) Solyc02g062760.3"
"interacts with","0.327586","Solyc07g053590.3 (interacts with) Solyc11g065840.2","1.0E-10","false","interacts with","Solyc07g053590.3 (interacts with) Solyc11g065840.2"
"interacts with","0.288894","Solyc05g012020.3 (interacts with) Solyc10g008160.3","1.0E-5","false","interacts with","Solyc05g012020.3 (interacts with) Solyc10g008160.3"
"interacts with","0.242783","Solyc02g024070.3 (interacts with) Solyc09g009250.3","1.0E-5","false","interacts with","Solyc02g024070.3 (interacts with) Solyc09g009250.3"
"interacts with","0.423616","Solyc05g012020.3 (interacts with) Solyc12g010410.2","1.0E-10","false","interacts with","Solyc05g012020.3 (interacts with) Solyc12g010410.2"
"interacts with","0.631944","Solyc02g024070.3 (interacts with) Solyc12g099760.2","1.0E-20","false","interacts with","Solyc02g024070.3 (interacts with) Solyc12g099760.2"
"interacts with","0.404631","Solyc05g012020.3 (interacts with) Solyc12g005830.2","1.0E-10","false","interacts with","Solyc05g012020.3 (interacts with) Solyc12g005830.2"
"interacts with","0.530345","Solyc02g024070.3 (interacts with) Solyc02g093150.3","1.0E-15","false","interacts with","Solyc02g024070.3 (interacts with) Solyc02g093150.3"
"interacts with","0.495286","Solyc07g053590.3 (interacts with) Solyc10g006880.3","1.0E-15","false","interacts with","Solyc07g053590.3 (interacts with) Solyc10g006880.3"
"interacts with","0.753162","Solyc05g012020.3 (interacts with) Solyc06g036170.1","1.0E-25","false","interacts with","Solyc05g012020.3 (interacts with) Solyc06g036170.1"
"interacts with","0.61372","Solyc02g024070.3 (interacts with) Solyc02g087840.3","1.0E-20","false","interacts with","Solyc02g024070.3 (interacts with) Solyc02g087840.3"
"interacts with","0.470386","Solyc07g053590.3 (interacts with) Solyc08g079100.3","1.0E-15","false","interacts with","Solyc07g053590.3 (interacts with) Solyc08g079100.3"
"interacts with","0.62393","Solyc05g012020.3 (interacts with) Solyc06g061030.3","1.0E-20","false","interacts with","Solyc05g012020.3 (interacts with) Solyc06g061030.3"
"interacts with","0.566816","Solyc02g024070.3 (interacts with) Solyc07g005400.3","1.0E-15","false","interacts with","Solyc02g024070.3 (interacts with) Solyc07g005400.3"
"interacts with","0.46466","Solyc07g053590.3 (interacts with) Solyc10g018780.2","1.0E-15","false","interacts with","Solyc07g053590.3 (interacts with) Solyc10g018780.2"
"interacts with","0.628172","Solyc05g012020.3 (interacts with) Solyc08g006260.2","1.0E-20","false","interacts with","Solyc05g012020.3 (interacts with) Solyc08g006260.2"
"interacts with","0.643687","Solyc05g012020.3 (interacts with) Solyc08g060840.1","1.0E-20","false","interacts with","Solyc05g012020.3 (interacts with) Solyc08g060840.1"
"interacts with","0.656138","Solyc02g024070.3 (interacts with) Solyc10g084340.2","1.0E-20","false","interacts with","Solyc02g024070.3 (interacts with) Solyc10g084340.2"
"interacts with","0.521961","Solyc05g012020.3 (interacts with) Solyc07g065500.2","1.0E-15","false","interacts with","Solyc05g012020.3 (interacts with) Solyc07g065500.2"
"interacts with","0.271576","Solyc02g024070.3 (interacts with) Solyc10g007970.2","1.0E-5","false","interacts with","Solyc02g024070.3 (interacts with) Solyc10g007970.2"
"interacts with","0.174883","Solyc05g012020.3 (interacts with) Solyc07g052830.3","1.0E-5","false","interacts with","Solyc05g012020.3 (interacts with) Solyc07g052830.3"
"interacts with","0.735538","Solyc02g024070.3 (interacts with) Solyc09g007260.3","1.0E-25","false","interacts with","Solyc02g024070.3 (interacts with) Solyc09g007260.3"
"interacts with","0.520654","Solyc05g012020.3 (interacts with) Solyc11g069890.2","1.0E-15","false","interacts with","Solyc05g012020.3 (interacts with) Solyc11g069890.2"
"interacts with","0.701173","Solyc02g024070.3 (interacts with) Solyc07g062680.2","1.0E-20","false","interacts with","Solyc02g024070.3 (interacts with) Solyc07g062680.2"
"interacts with","0.642029","Solyc05g012020.3 (interacts with) Solyc08g063040.3","1.0E-20","false","interacts with","Solyc05g012020.3 (interacts with) Solyc08g063040.3"
"interacts with","0.70737","Solyc02g024070.3 (interacts with) Solyc02g077920.3","1.0E-20","false","interacts with","Solyc02g024070.3 (interacts with) Solyc02g077920.3"
"interacts with","0.442395","Solyc05g012020.3 (interacts with) Solyc12g099140.2","1.0E-15","false","interacts with","Solyc05g012020.3 (interacts with) Solyc12g099140.2"
"interacts with","0.460576","Solyc05g012020.3 (interacts with) Solyc12g087830.2","1.0E-15","false","interacts with","Solyc05g012020.3 (interacts with) Solyc12g087830.2"
"interacts with","0.559948","Solyc05g012020.3 (interacts with) Solyc12g100140.2","1.0E-15","false","interacts with","Solyc05g012020.3 (interacts with) Solyc12g100140.2"
"interacts with","0.707475","Solyc02g024070.3 (interacts with) Solyc03g112390.3","1.0E-20","false","interacts with","Solyc02g024070.3 (interacts with) Solyc03g112390.3"
"interacts with","0.572727","Solyc05g012020.3 (interacts with) Solyc12g007180.2","1.0E-20","false","interacts with","Solyc05g012020.3 (interacts with) Solyc12g007180.2"
"interacts with","0.467075","Solyc02g024070.3 (interacts with) Solyc04g078690.3","1.0E-15","false","interacts with","Solyc02g024070.3 (interacts with) Solyc04g078690.3"
"interacts with","0.194099","Solyc05g012020.3 (interacts with) Solyc06g082770.3","1.0E-5","false","interacts with","Solyc05g012020.3 (interacts with) Solyc06g082770.3"
"interacts with","0.830788","Solyc01g090730.3 (interacts with) Solyc10g018780.2","1.0E-25","false","interacts with","Solyc01g090730.3 (interacts with) Solyc10g018780.2"
"interacts with","0.494907","Solyc05g012020.3 (interacts with) Solyc11g072150.2","1.0E-15","false","interacts with","Solyc05g012020.3 (interacts with) Solyc11g072150.2"
"interacts with","0.585323","Solyc02g024070.3 (interacts with) Solyc02g085340.1","1.0E-20","false","interacts with","Solyc02g024070.3 (interacts with) Solyc02g085340.1"
"interacts with","0.388129","Solyc01g090730.3 (interacts with) Solyc02g065490.3","1.0E-10","false","interacts with","Solyc01g090730.3 (interacts with) Solyc02g065490.3"
"interacts with","0.444699","Solyc05g012020.3 (interacts with) Solyc06g083590.3","1.0E-15","false","interacts with","Solyc05g012020.3 (interacts with) Solyc06g083590.3"
"interacts with","0.710954","Solyc02g024070.3 (interacts with) Solyc07g063970.3","1.0E-20","false","interacts with","Solyc02g024070.3 (interacts with) Solyc07g063970.3"
"interacts with","0.593326","Solyc01g090730.3 (interacts with) Solyc10g086640.2","1.0E-20","false","interacts with","Solyc01g090730.3 (interacts with) Solyc10g086640.2"
"interacts with","0.257182","Solyc05g012020.3 (interacts with) Solyc09g015110.2","1.0E-5","false","interacts with","Solyc05g012020.3 (interacts with) Solyc09g015110.2"
"interacts with","0.643077","Solyc01g090730.3 (interacts with) Solyc05g051460.3","1.0E-20","false","interacts with","Solyc01g090730.3 (interacts with) Solyc05g051460.3"
"interacts with","0.428109","Solyc05g012020.3 (interacts with) Solyc08g006490.2","1.0E-10","false","interacts with","Solyc05g012020.3 (interacts with) Solyc08g006490.2"
"interacts with","0.196426","Solyc02g024070.3 (interacts with) Solyc03g098260.2","1.0E-5","false","interacts with","Solyc02g024070.3 (interacts with) Solyc03g098260.2"
"interacts with","0.76279","Solyc01g090730.3 (interacts with) Solyc09g010840.1","1.0E-25","false","interacts with","Solyc01g090730.3 (interacts with) Solyc09g010840.1"
"interacts with","0.58061","Solyc05g012020.3 (interacts with) Solyc07g018010.3","1.0E-20","false","interacts with","Solyc05g012020.3 (interacts with) Solyc07g018010.3"
"interacts with","0.650091","Solyc02g024070.3 (interacts with) Solyc11g017470.2","1.0E-20","false","interacts with","Solyc02g024070.3 (interacts with) Solyc11g017470.2"
"interacts with","0.318503","Solyc05g012020.3 (interacts with) Solyc10g078610.1","1.0E-10","false","interacts with","Solyc05g012020.3 (interacts with) Solyc10g078610.1"
"interacts with","0.491104","Solyc05g056040.3 (interacts with) Solyc10g081320.1","1.0E-15","false","interacts with","Solyc05g056040.3 (interacts with) Solyc10g081320.1"
"interacts with","0.599998","Solyc05g012020.3 (interacts with) Solyc09g018460.1","1.0E-20","false","interacts with","Solyc05g012020.3 (interacts with) Solyc09g018460.1"
"interacts with","0.346934","Solyc02g024070.3 (interacts with) Solyc02g078130.3","1.0E-10","false","interacts with","Solyc02g024070.3 (interacts with) Solyc02g078130.3"
"interacts with","0.135392","Solyc05g056040.3 (interacts with) Solyc09g066045.1","0.1","false","interacts with","Solyc05g056040.3 (interacts with) Solyc09g066045.1"
"interacts with","0.496757","Solyc05g012020.3 (interacts with) Solyc05g015330.1","1.0E-15","false","interacts with","Solyc05g012020.3 (interacts with) Solyc05g015330.1"
"interacts with","0.53124","Solyc05g056040.3 (interacts with) Solyc11g012510.2","1.0E-15","false","interacts with","Solyc05g056040.3 (interacts with) Solyc11g012510.2"
"interacts with","0.583464","Solyc01g090730.3 (interacts with) Solyc07g018010.3","1.0E-20","false","interacts with","Solyc01g090730.3 (interacts with) Solyc07g018010.3"
"interacts with","0.601715","Solyc05g012020.3 (interacts with) Solyc10g084380.1","1.0E-20","false","interacts with","Solyc05g012020.3 (interacts with) Solyc10g084380.1"
"interacts with","0.444364","Solyc05g056040.3 (interacts with) Solyc10g078290.2","1.0E-15","false","interacts with","Solyc05g056040.3 (interacts with) Solyc10g078290.2"
"interacts with","0.658247","Solyc01g090730.3 (interacts with) Solyc03g113270.3","1.0E-20","false","interacts with","Solyc01g090730.3 (interacts with) Solyc03g113270.3"
"interacts with","0.571987","Solyc05g012020.3 (interacts with) Solyc07g042260.3","1.0E-20","false","interacts with","Solyc05g012020.3 (interacts with) Solyc07g042260.3"
"interacts with","0.31478","Solyc02g024070.3 (interacts with) Solyc05g009660.3","1.0E-10","false","interacts with","Solyc02g024070.3 (interacts with) Solyc05g009660.3"
"interacts with","0.444364","Solyc05g056040.3 (interacts with) Solyc10g078285.1","1.0E-15","false","interacts with","Solyc05g056040.3 (interacts with) Solyc10g078285.1"
"interacts with","0.297572","Solyc01g090730.3 (interacts with) Solyc05g009660.3","1.0E-10","false","interacts with","Solyc01g090730.3 (interacts with) Solyc05g009660.3"
"interacts with","0.594038","Solyc05g012020.3 (interacts with) Solyc08g029090.3","1.0E-20","false","interacts with","Solyc05g012020.3 (interacts with) Solyc08g029090.3"
"interacts with","0.738757","Solyc02g024070.3 (interacts with) Solyc06g083170.3","1.0E-25","false","interacts with","Solyc02g024070.3 (interacts with) Solyc06g083170.3"
"interacts with","0.672685","Solyc05g012020.3 (interacts with) Solyc09g066060.2","1.0E-20","false","interacts with","Solyc05g012020.3 (interacts with) Solyc09g066060.2"
"interacts with","0.698259","Solyc02g024070.3 (interacts with) Solyc08g076370.3","1.0E-20","false","interacts with","Solyc02g024070.3 (interacts with) Solyc08g076370.3"
"interacts with","0.53223","Solyc01g090730.3 (interacts with) Solyc03g031970.3","1.0E-15","false","interacts with","Solyc01g090730.3 (interacts with) Solyc03g031970.3"
"interacts with","0.61862","Solyc05g012020.3 (interacts with) Solyc08g005430.3","1.0E-20","false","interacts with","Solyc05g012020.3 (interacts with) Solyc08g005430.3"
"interacts with","0.736975","Solyc02g024070.3 (interacts with) Solyc10g005330.3","1.0E-25","false","interacts with","Solyc02g024070.3 (interacts with) Solyc10g005330.3"
"interacts with","0.444115","Solyc05g056040.3 (interacts with) Solyc10g080770.2","1.0E-15","false","interacts with","Solyc05g056040.3 (interacts with) Solyc10g080770.2"
"interacts with","0.701823","Solyc01g090730.3 (interacts with) Solyc06g083170.3","1.0E-20","false","interacts with","Solyc01g090730.3 (interacts with) Solyc06g083170.3"
"interacts with","0.675322","Solyc05g012020.3 (interacts with) Solyc10g018780.2","1.0E-20","false","interacts with","Solyc05g012020.3 (interacts with) Solyc10g018780.2"
"interacts with","0.569823","Solyc02g024070.3 (interacts with) Solyc10g086640.2","1.0E-15","false","interacts with","Solyc02g024070.3 (interacts with) Solyc10g086640.2"
"interacts with","0.349897","Solyc01g090730.3 (interacts with) Solyc02g077840.1","1.0E-10","false","interacts with","Solyc01g090730.3 (interacts with) Solyc02g077840.1"
"interacts with","0.11591","Solyc00g024680.2 (interacts with) Solyc04g051360.3","0.1","false","interacts with","Solyc00g024680.2 (interacts with) Solyc04g051360.3"
"interacts with","0.711612","Solyc05g012020.3 (interacts with) Solyc10g079050.2","1.0E-20","false","interacts with","Solyc05g012020.3 (interacts with) Solyc10g079050.2"
"interacts with","0.739368","Solyc01g090730.3 (interacts with) Solyc08g079100.3","1.0E-25","false","interacts with","Solyc01g090730.3 (interacts with) Solyc08g079100.3"
"interacts with","0.624613","Solyc05g012020.3 (interacts with) Solyc09g074640.3","1.0E-20","false","interacts with","Solyc05g012020.3 (interacts with) Solyc09g074640.3"
"interacts with","0.396932","Solyc02g024070.3 (interacts with) Solyc02g065490.3","1.0E-10","false","interacts with","Solyc02g024070.3 (interacts with) Solyc02g065490.3"
"interacts with","0.702785","Solyc01g090730.3 (interacts with) Solyc10g006880.3","1.0E-20","false","interacts with","Solyc01g090730.3 (interacts with) Solyc10g006880.3"
"interacts with","0.125466","Solyc00g024680.2 (interacts with) Solyc05g015840.3","0.1","false","interacts with","Solyc00g024680.2 (interacts with) Solyc05g015840.3"
"interacts with","0.559304","Solyc05g012020.3 (interacts with) Solyc06g065440.1","1.0E-15","false","interacts with","Solyc05g012020.3 (interacts with) Solyc06g065440.1"
"interacts with","0.521029","Solyc02g024070.3 (interacts with) Solyc03g033660.3","1.0E-15","false","interacts with","Solyc02g024070.3 (interacts with) Solyc03g033660.3"
"interacts with","0.506066","Solyc01g090730.3 (interacts with) Solyc07g053590.3","1.0E-15","false","interacts with","Solyc01g090730.3 (interacts with) Solyc07g053590.3"
"interacts with","0.110366","Solyc00g024680.2 (interacts with) Solyc07g053680.2","0.1","false","interacts with","Solyc00g024680.2 (interacts with) Solyc07g053680.2"
"interacts with","0.594964","Solyc05g012020.3 (interacts with) Solyc09g072830.3","1.0E-20","false","interacts with","Solyc05g012020.3 (interacts with) Solyc09g072830.3"
"interacts with","0.218749","Solyc02g024070.3 (interacts with) Solyc08g076710.3","1.0E-5","false","interacts with","Solyc02g024070.3 (interacts with) Solyc08g076710.3"
"interacts with","0.673645","Solyc01g090730.3 (interacts with) Solyc12g013620.2","1.0E-20","false","interacts with","Solyc01g090730.3 (interacts with) Solyc12g013620.2"
"interacts with","0.42667","Solyc05g012020.3 (interacts with) Solyc07g065570.2","1.0E-10","false","interacts with","Solyc05g012020.3 (interacts with) Solyc07g065570.2"
"interacts with","0.617349","Solyc02g024070.3 (interacts with) Solyc09g074640.3","1.0E-20","false","interacts with","Solyc02g024070.3 (interacts with) Solyc09g074640.3"
"interacts with","0.324732","Solyc01g090730.3 (interacts with) Solyc05g051380.3","1.0E-10","false","interacts with","Solyc01g090730.3 (interacts with) Solyc05g051380.3"
"interacts with","0.299301","Solyc05g012020.3 (interacts with) Solyc12g006120.2","1.0E-10","false","interacts with","Solyc05g012020.3 (interacts with) Solyc12g006120.2"
"interacts with","0.499032","Solyc02g024070.3 (interacts with) Solyc11g011260.1","1.0E-15","false","interacts with","Solyc02g024070.3 (interacts with) Solyc11g011260.1"
"interacts with","0.656719","Solyc01g090730.3 (interacts with) Solyc04g078640.2","1.0E-20","false","interacts with","Solyc01g090730.3 (interacts with) Solyc04g078640.2"
"interacts with","0.489141","Solyc05g012020.3 (interacts with) Solyc12g014610.2","1.0E-15","false","interacts with","Solyc05g012020.3 (interacts with) Solyc12g014610.2"
"interacts with","0.419885","Solyc02g024070.3 (interacts with) Solyc08g006490.2","1.0E-10","false","interacts with","Solyc02g024070.3 (interacts with) Solyc08g006490.2"
"interacts with","0.457831","Solyc01g090730.3 (interacts with) Solyc03g006320.1","1.0E-15","false","interacts with","Solyc01g090730.3 (interacts with) Solyc03g006320.1"
"interacts with","0.569087","Solyc05g012020.3 (interacts with) Solyc06g076820.1","1.0E-15","false","interacts with","Solyc05g012020.3 (interacts with) Solyc06g076820.1"
"interacts with","0.595064","Solyc01g090730.3 (interacts with) Solyc06g076820.1","1.0E-20","false","interacts with","Solyc01g090730.3 (interacts with) Solyc06g076820.1"
"interacts with","0.650357","Solyc05g012020.3 (interacts with) Solyc11g044320.2","1.0E-20","false","interacts with","Solyc05g012020.3 (interacts with) Solyc11g044320.2"
"interacts with","0.75281","Solyc01g090730.3 (interacts with) Solyc07g052960.2","1.0E-25","false","interacts with","Solyc01g090730.3 (interacts with) Solyc07g052960.2"
"interacts with","0.812068","Solyc05g012020.3 (interacts with) Solyc10g006880.3","1.0E-25","false","interacts with","Solyc05g012020.3 (interacts with) Solyc10g006880.3"
"interacts with","0.585668","Solyc01g090730.3 (interacts with) Solyc02g067320.2","1.0E-20","false","interacts with","Solyc01g090730.3 (interacts with) Solyc02g067320.2"
"interacts with","0.600655","Solyc05g012020.3 (interacts with) Solyc10g078430.2","1.0E-20","false","interacts with","Solyc05g012020.3 (interacts with) Solyc10g078430.2"
"interacts with","0.634888","Solyc02g024070.3 (interacts with) Solyc07g042260.3","1.0E-20","false","interacts with","Solyc02g024070.3 (interacts with) Solyc07g042260.3"
"interacts with","0.549626","Solyc02g024070.3 (interacts with) Solyc04g078770.3","1.0E-15","false","interacts with","Solyc02g024070.3 (interacts with) Solyc04g078770.3"
"interacts with","0.632305","Solyc02g024070.3 (interacts with) Solyc12g096500.2","1.0E-20","false","interacts with","Solyc02g024070.3 (interacts with) Solyc12g096500.2"
"interacts with","0.582182","Solyc01g090730.3 (interacts with) Solyc03g006800.1","1.0E-20","false","interacts with","Solyc01g090730.3 (interacts with) Solyc03g006800.1"
"interacts with","0.665747","Solyc01g090730.3 (interacts with) Solyc07g043580.3","1.0E-20","false","interacts with","Solyc01g090730.3 (interacts with) Solyc07g043580.3"
"interacts with","0.57715","Solyc02g024070.3 (interacts with) Solyc06g062460.3","1.0E-20","false","interacts with","Solyc02g024070.3 (interacts with) Solyc06g062460.3"
"interacts with","0.677393","Solyc01g090730.3 (interacts with) Solyc06g068390.1","1.0E-20","false","interacts with","Solyc01g090730.3 (interacts with) Solyc06g068390.1"
"interacts with","0.426806","Solyc02g024070.3 (interacts with) Solyc06g053720.2","1.0E-10","false","interacts with","Solyc02g024070.3 (interacts with) Solyc06g053720.2"
"interacts with","0.737729","Solyc01g090730.3 (interacts with) Solyc03g121840.3","1.0E-25","false","interacts with","Solyc01g090730.3 (interacts with) Solyc03g121840.3"
"interacts with","0.570889","Solyc01g090730.3 (interacts with) Solyc06g005130.3","1.0E-15","false","interacts with","Solyc01g090730.3 (interacts with) Solyc06g005130.3"
"interacts with","0.535794","Solyc01g090730.3 (interacts with) Solyc11g072500.2","1.0E-15","false","interacts with","Solyc01g090730.3 (interacts with) Solyc11g072500.2"
"interacts with","0.114604","Solyc00g024680.2 (interacts with) Solyc06g069310.3","0.1","false","interacts with","Solyc00g024680.2 (interacts with) Solyc06g069310.3"
"interacts with","0.666234","Solyc01g090730.3 (interacts with) Solyc10g078700.2","1.0E-20","false","interacts with","Solyc01g090730.3 (interacts with) Solyc10g078700.2"
"interacts with","0.484481","Solyc02g024070.3 (interacts with) Solyc04g080790.3","1.0E-15","false","interacts with","Solyc02g024070.3 (interacts with) Solyc04g080790.3"
"interacts with","0.204189","Solyc02g024070.3 (interacts with) Solyc08g078590.1","1.0E-5","false","interacts with","Solyc02g024070.3 (interacts with) Solyc08g078590.1"
"interacts with","0.648596","Solyc01g090730.3 (interacts with) Solyc07g055100.3","1.0E-20","false","interacts with","Solyc01g090730.3 (interacts with) Solyc07g055100.3"
"interacts with","0.629375","Solyc01g090730.3 (interacts with) Solyc08g006530.3","1.0E-20","false","interacts with","Solyc01g090730.3 (interacts with) Solyc08g006530.3"
"interacts with","0.522354","Solyc01g090730.3 (interacts with) Solyc01g108140.3","1.0E-15","false","interacts with","Solyc01g090730.3 (interacts with) Solyc01g108140.3"
"interacts with","0.672953","Solyc01g090730.3 (interacts with) Solyc06g048630.3","1.0E-20","false","interacts with","Solyc01g090730.3 (interacts with) Solyc06g048630.3"
"interacts with","0.460667","Solyc02g024070.3 (interacts with) Solyc03g019710.3","1.0E-15","false","interacts with","Solyc02g024070.3 (interacts with) Solyc03g019710.3"
"interacts with","0.526214","Solyc01g090730.3 (interacts with) Solyc07g052760.2","1.0E-15","false","interacts with","Solyc01g090730.3 (interacts with) Solyc07g052760.2"
"interacts with","0.610726","Solyc01g090730.3 (interacts with) Solyc08g080150.1","1.0E-20","false","interacts with","Solyc01g090730.3 (interacts with) Solyc08g080150.1"
"interacts with","0.406401","Solyc10g078285.1 (interacts with) Solyc10g081320.1","1.0E-10","false","interacts with","Solyc10g078285.1 (interacts with) Solyc10g081320.1"
"interacts with","0.757381","Solyc01g090730.3 (interacts with) Solyc06g049040.3","1.0E-25","false","interacts with","Solyc01g090730.3 (interacts with) Solyc06g049040.3"
"interacts with","1.14149","Solyc10g078285.1 (interacts with) Solyc10g078290.2","1.0E-40","false","interacts with","Solyc10g078285.1 (interacts with) Solyc10g078290.2"
"interacts with","0.433493","Solyc01g090730.3 (interacts with) Solyc07g063830.3","1.0E-15","false","interacts with","Solyc01g090730.3 (interacts with) Solyc07g063830.3"
"interacts with","0.525308","Solyc01g090730.3 (interacts with) Solyc06g051840.1","1.0E-15","false","interacts with","Solyc01g090730.3 (interacts with) Solyc06g051840.1"
"interacts with","0.406401","Solyc10g078290.2 (interacts with) Solyc10g081320.1","1.0E-10","false","interacts with","Solyc10g078290.2 (interacts with) Solyc10g081320.1"
"interacts with","0.540597","Solyc01g090730.3 (interacts with) Solyc05g056120.3","1.0E-15","false","interacts with","Solyc01g090730.3 (interacts with) Solyc05g056120.3"
"interacts with","0.493622","Solyc01g090730.3 (interacts with) Solyc11g013150.1","1.0E-15","false","interacts with","Solyc01g090730.3 (interacts with) Solyc11g013150.1"
"interacts with","0.59106","Solyc01g090730.3 (interacts with) Solyc11g071300.2","1.0E-20","false","interacts with","Solyc01g090730.3 (interacts with) Solyc11g071300.2"
"interacts with","0.125554","Solyc00g024680.2 (interacts with) Solyc09g008390.2","0.1","false","interacts with","Solyc00g024680.2 (interacts with) Solyc09g008390.2"
"interacts with","0.547456","Solyc11g017470.2 (interacts with) Solyc12g008350.2","1.0E-15","false","interacts with","Solyc11g017470.2 (interacts with) Solyc12g008350.2"
"interacts with","0.582543","Solyc01g090730.3 (interacts with) Solyc02g021680.3","1.0E-20","false","interacts with","Solyc01g090730.3 (interacts with) Solyc02g021680.3"
"interacts with","0.288808","Solyc11g017470.2 (interacts with) Solyc11g062060.2","1.0E-5","false","interacts with","Solyc11g017470.2 (interacts with) Solyc11g062060.2"
"interacts with","0.61613","Solyc01g090730.3 (interacts with) Solyc01g102340.3","1.0E-20","false","interacts with","Solyc01g090730.3 (interacts with) Solyc01g102340.3"
"interacts with","0.673146","Solyc11g017470.2 (interacts with) Solyc12g098370.2","1.0E-20","false","interacts with","Solyc11g017470.2 (interacts with) Solyc12g098370.2"
"interacts with","0.545884","Solyc01g090730.3 (interacts with) Solyc06g083900.3","1.0E-15","false","interacts with","Solyc01g090730.3 (interacts with) Solyc06g083900.3"
"interacts with","0.122224","Solyc00g024680.2 (interacts with) Solyc11g017100.1","0.1","false","interacts with","Solyc00g024680.2 (interacts with) Solyc11g017100.1"
"interacts with","0.50741","Solyc11g017470.2 (interacts with) Solyc12g056790.2","1.0E-15","false","interacts with","Solyc11g017470.2 (interacts with) Solyc12g056790.2"
"interacts with","0.644595","Solyc01g090730.3 (interacts with) Solyc02g067340.3","1.0E-20","false","interacts with","Solyc01g090730.3 (interacts with) Solyc02g067340.3"
"interacts with","0.441369","Solyc11g017470.2 (interacts with) Solyc12g044610.2","1.0E-15","false","interacts with","Solyc11g017470.2 (interacts with) Solyc12g044610.2"
"interacts with","0.649628","Solyc01g090730.3 (interacts with) Solyc01g104650.3","1.0E-20","false","interacts with","Solyc01g090730.3 (interacts with) Solyc01g104650.3"
"interacts with","0.139326","Solyc00g024680.2 (interacts with) Solyc11g065840.2","0.1","false","interacts with","Solyc00g024680.2 (interacts with) Solyc11g065840.2"
"interacts with","0.803398","Solyc11g017470.2 (interacts with) Solyc12g013620.2","1.0E-25","false","interacts with","Solyc11g017470.2 (interacts with) Solyc12g013620.2"
"interacts with","0.621768","Solyc01g090730.3 (interacts with) Solyc05g007770.3","1.0E-20","false","interacts with","Solyc01g090730.3 (interacts with) Solyc05g007770.3"
"interacts with","0.472899","Solyc11g017470.2 (interacts with) Solyc12g099370.2","1.0E-15","false","interacts with","Solyc11g017470.2 (interacts with) Solyc12g099370.2"
"interacts with","0.736405","Solyc11g017470.2 (interacts with) Solyc11g072470.2","1.0E-25","false","interacts with","Solyc11g017470.2 (interacts with) Solyc11g072470.2"
"interacts with","0.391031","Solyc11g017470.2 (interacts with) Solyc12g005420.2","1.0E-10","false","interacts with","Solyc11g017470.2 (interacts with) Solyc12g005420.2"
"interacts with","0.553085","Solyc11g017470.2 (interacts with) Solyc12g007070.2","1.0E-15","false","interacts with","Solyc11g017470.2 (interacts with) Solyc12g007070.2"
"interacts with","0.595113","Solyc01g090730.3 (interacts with) Solyc07g005400.3","1.0E-20","false","interacts with","Solyc01g090730.3 (interacts with) Solyc07g005400.3"
"interacts with","0.383159","Solyc11g017470.2 (interacts with) Solyc12g005830.2","1.0E-10","false","interacts with","Solyc11g017470.2 (interacts with) Solyc12g005830.2"
"interacts with","0.629127","Solyc01g090730.3 (interacts with) Solyc11g069190.2","1.0E-20","false","interacts with","Solyc01g090730.3 (interacts with) Solyc11g069190.2"
"interacts with","0.653969","Solyc01g090730.3 (interacts with) Solyc08g068320.3","1.0E-20","false","interacts with","Solyc01g090730.3 (interacts with) Solyc08g068320.3"
"interacts with","0.725982","Solyc01g090730.3 (interacts with) Solyc09g007260.3","1.0E-25","false","interacts with","Solyc01g090730.3 (interacts with) Solyc09g007260.3"
"interacts with","0.523818","Solyc01g090730.3 (interacts with) Solyc11g010710.2","1.0E-15","false","interacts with","Solyc01g090730.3 (interacts with) Solyc11g010710.2"
"interacts with","0.488667","Solyc10g018780.2 (interacts with) Solyc12g044610.2","1.0E-15","false","interacts with","Solyc10g018780.2 (interacts with) Solyc12g044610.2"
"interacts with","0.628126","Solyc10g018780.2 (interacts with) Solyc11g044320.2","1.0E-20","false","interacts with","Solyc10g018780.2 (interacts with) Solyc11g044320.2"
"interacts with","0.66417","Solyc10g018780.2 (interacts with) Solyc11g069190.2","1.0E-20","false","interacts with","Solyc10g018780.2 (interacts with) Solyc11g069190.2"
"interacts with","0.552446","Solyc10g018780.2 (interacts with) Solyc10g086640.2","1.0E-15","false","interacts with","Solyc10g018780.2 (interacts with) Solyc10g086640.2"
"interacts with","0.704457","Solyc10g018780.2 (interacts with) Solyc12g013620.2","1.0E-20","false","interacts with","Solyc10g018780.2 (interacts with) Solyc12g013620.2"
"interacts with","0.562829","Solyc10g018780.2 (interacts with) Solyc12g100140.2","1.0E-15","false","interacts with","Solyc10g018780.2 (interacts with) Solyc12g100140.2"
"interacts with","0.478015","Solyc10g018780.2 (interacts with) Solyc12g014610.2","1.0E-15","false","interacts with","Solyc10g018780.2 (interacts with) Solyc12g014610.2"
"interacts with","0.698813","Solyc10g018780.2 (interacts with) Solyc10g078700.2","1.0E-20","false","interacts with","Solyc10g018780.2 (interacts with) Solyc10g078700.2"
"interacts with","0.682411","Solyc10g018780.2 (interacts with) Solyc12g098370.2","1.0E-20","false","interacts with","Solyc10g018780.2 (interacts with) Solyc12g098370.2"
"interacts with","0.495437","Solyc10g018780.2 (interacts with) Solyc11g010710.2","1.0E-15","false","interacts with","Solyc10g018780.2 (interacts with) Solyc11g010710.2"
"interacts with","0.721874","Solyc10g018780.2 (interacts with) Solyc10g079070.2","1.0E-25","false","interacts with","Solyc10g018780.2 (interacts with) Solyc10g079070.2"
"interacts with","0.482109","Solyc10g018780.2 (interacts with) Solyc11g013150.1","1.0E-15","false","interacts with","Solyc10g018780.2 (interacts with) Solyc11g013150.1"
"interacts with","0.338349","Solyc01g104650.3 (interacts with) Solyc05g051380.3","1.0E-10","false","interacts with","Solyc01g104650.3 (interacts with) Solyc05g051380.3"
"interacts with","0.770492","Solyc01g104650.3 (interacts with) Solyc12g013620.2","1.0E-25","false","interacts with","Solyc01g104650.3 (interacts with) Solyc12g013620.2"
"interacts with","0.458799","Solyc01g104650.3 (interacts with) Solyc07g006630.3","1.0E-15","false","interacts with","Solyc01g104650.3 (interacts with) Solyc07g006630.3"
"interacts with","0.499131","Solyc01g104650.3 (interacts with) Solyc07g053590.3","1.0E-15","false","interacts with","Solyc01g104650.3 (interacts with) Solyc07g053590.3"
"interacts with","0.816553","Solyc01g104650.3 (interacts with) Solyc10g006880.3","1.0E-25","false","interacts with","Solyc01g104650.3 (interacts with) Solyc10g006880.3"
"interacts with","0.710533","Solyc01g104650.3 (interacts with) Solyc02g024070.3","1.0E-20","false","interacts with","Solyc01g104650.3 (interacts with) Solyc02g024070.3"
"interacts with","0.509707","Solyc01g104650.3 (interacts with) Solyc03g019710.3","1.0E-15","false","interacts with","Solyc01g104650.3 (interacts with) Solyc03g019710.3"
"interacts with","0.568614","Solyc01g104650.3 (interacts with) Solyc03g043900.1","1.0E-15","false","interacts with","Solyc01g104650.3 (interacts with) Solyc03g043900.1"
"interacts with","0.562391","Solyc01g104650.3 (interacts with) Solyc06g076820.1","1.0E-15","false","interacts with","Solyc01g104650.3 (interacts with) Solyc06g076820.1"
"interacts with","0.649157","Solyc01g104650.3 (interacts with) Solyc02g078620.1","1.0E-20","false","interacts with","Solyc01g104650.3 (interacts with) Solyc02g078620.1"
"interacts with","0.540108","Solyc01g104650.3 (interacts with) Solyc04g005320.3","1.0E-15","false","interacts with","Solyc01g104650.3 (interacts with) Solyc04g005320.3"
"interacts with","0.628326","Solyc01g104650.3 (interacts with) Solyc03g118770.3","1.0E-20","false","interacts with","Solyc01g104650.3 (interacts with) Solyc03g118770.3"
"interacts with","0.444524","Solyc01g104650.3 (interacts with) Solyc03g006320.1","1.0E-15","false","interacts with","Solyc01g104650.3 (interacts with) Solyc03g006320.1"
"interacts with","0.308372","Solyc01g104650.3 (interacts with) Solyc08g076230.1","1.0E-10","false","interacts with","Solyc01g104650.3 (interacts with) Solyc08g076230.1"
"interacts with","0.617022","Solyc01g104650.3 (interacts with) Solyc04g014830.2","1.0E-20","false","interacts with","Solyc01g104650.3 (interacts with) Solyc04g014830.2"
"interacts with","0.789402","Solyc01g104650.3 (interacts with) Solyc04g078640.2","1.0E-25","false","interacts with","Solyc01g104650.3 (interacts with) Solyc04g078640.2"
"interacts with","0.550345","Solyc04g005130.3 (interacts with) Solyc06g073980.3","1.0E-15","false","interacts with","Solyc04g005130.3 (interacts with) Solyc06g073980.3"
"interacts with","0.533179","Solyc04g005130.3 (interacts with) Solyc06g075510.3","1.0E-15","false","interacts with","Solyc04g005130.3 (interacts with) Solyc06g075510.3"
"interacts with","0.556043","Solyc04g005130.3 (interacts with) Solyc10g018780.2","1.0E-15","false","interacts with","Solyc04g005130.3 (interacts with) Solyc10g018780.2"
"interacts with","0.551151","Solyc04g005130.3 (interacts with) Solyc09g065670.3","1.0E-15","false","interacts with","Solyc04g005130.3 (interacts with) Solyc09g065670.3"
"interacts with","0.538109","Solyc04g005130.3 (interacts with) Solyc06g069430.3","1.0E-15","false","interacts with","Solyc04g005130.3 (interacts with) Solyc06g069430.3"
"interacts with","0.571405","Solyc01g104650.3 (interacts with) Solyc10g084180.2","1.0E-15","false","interacts with","Solyc01g104650.3 (interacts with) Solyc10g084180.2"
"interacts with","0.51419","Solyc04g005130.3 (interacts with) Solyc08g006260.2","1.0E-15","false","interacts with","Solyc04g005130.3 (interacts with) Solyc08g006260.2"
"interacts with","0.719593","Solyc01g104650.3 (interacts with) Solyc05g007180.3","1.0E-25","false","interacts with","Solyc01g104650.3 (interacts with) Solyc05g007180.3"
"interacts with","0.603587","Solyc01g104650.3 (interacts with) Solyc06g082300.3","1.0E-20","false","interacts with","Solyc01g104650.3 (interacts with) Solyc06g082300.3"
"interacts with","0.544825","Solyc04g005130.3 (interacts with) Solyc10g006880.3","1.0E-15","false","interacts with","Solyc04g005130.3 (interacts with) Solyc10g006880.3"
"interacts with","0.425238","Solyc01g104650.3 (interacts with) Solyc06g053720.2","1.0E-10","false","interacts with","Solyc01g104650.3 (interacts with) Solyc06g053720.2"
"interacts with","0.606669","Solyc01g104650.3 (interacts with) Solyc03g113760.3","1.0E-20","false","interacts with","Solyc01g104650.3 (interacts with) Solyc03g113760.3"
"interacts with","0.440543","Solyc04g005130.3 (interacts with) Solyc07g006630.3","1.0E-15","false","interacts with","Solyc04g005130.3 (interacts with) Solyc07g006630.3"
"interacts with","0.465399","Solyc01g104650.3 (interacts with) Solyc12g099370.2","1.0E-15","false","interacts with","Solyc01g104650.3 (interacts with) Solyc12g099370.2"
"interacts with","0.504635","Solyc04g005130.3 (interacts with) Solyc06g075140.3","1.0E-15","false","interacts with","Solyc04g005130.3 (interacts with) Solyc06g075140.3"
"interacts with","0.548066","Solyc04g005130.3 (interacts with) Solyc07g063970.3","1.0E-15","false","interacts with","Solyc04g005130.3 (interacts with) Solyc07g063970.3"
"interacts with","0.594747","Solyc01g104650.3 (interacts with) Solyc03g006800.1","1.0E-20","false","interacts with","Solyc01g104650.3 (interacts with) Solyc03g006800.1"
"interacts with","0.431399","Solyc01g104650.3 (interacts with) Solyc07g065570.2","1.0E-15","false","interacts with","Solyc01g104650.3 (interacts with) Solyc07g065570.2"
"interacts with","0.298264","Solyc04g005130.3 (interacts with) Solyc08g076230.1","1.0E-10","false","interacts with","Solyc04g005130.3 (interacts with) Solyc08g076230.1"
"interacts with","0.54786","Solyc04g005130.3 (interacts with) Solyc06g053960.3","1.0E-15","false","interacts with","Solyc04g005130.3 (interacts with) Solyc06g053960.3"
"interacts with","0.56848","Solyc04g005130.3 (interacts with) Solyc09g082505.1","1.0E-15","false","interacts with","Solyc04g005130.3 (interacts with) Solyc09g082505.1"
"interacts with","0.555728","Solyc01g104650.3 (interacts with) Solyc08g029090.3","1.0E-15","false","interacts with","Solyc01g104650.3 (interacts with) Solyc08g029090.3"
"interacts with","0.566044","Solyc04g005130.3 (interacts with) Solyc06g049040.3","1.0E-15","false","interacts with","Solyc04g005130.3 (interacts with) Solyc06g049040.3"
"interacts with","0.598206","Solyc03g113620.3 (interacts with) Solyc10g078700.2","1.0E-20","false","interacts with","Solyc03g113620.3 (interacts with) Solyc10g078700.2"
"interacts with","0.681497","Solyc01g104650.3 (interacts with) Solyc02g092050.3","1.0E-20","false","interacts with","Solyc01g104650.3 (interacts with) Solyc02g092050.3"
"interacts with","0.570657","Solyc04g005130.3 (interacts with) Solyc05g007180.3","1.0E-15","false","interacts with","Solyc04g005130.3 (interacts with) Solyc05g007180.3"
"interacts with","0.675178","Solyc01g104650.3 (interacts with) Solyc08g082630.3","1.0E-20","false","interacts with","Solyc01g104650.3 (interacts with) Solyc08g082630.3"
"interacts with","0.548147","Solyc04g005130.3 (interacts with) Solyc05g009880.3","1.0E-15","false","interacts with","Solyc04g005130.3 (interacts with) Solyc05g009880.3"
"interacts with","0.597206","Solyc03g113620.3 (interacts with) Solyc08g029090.3","1.0E-20","false","interacts with","Solyc03g113620.3 (interacts with) Solyc08g029090.3"
"interacts with","0.487227","Solyc01g104650.3 (interacts with) Solyc03g033660.3","1.0E-15","false","interacts with","Solyc01g104650.3 (interacts with) Solyc03g033660.3"
"interacts with","0.706997","Solyc01g104650.3 (interacts with) Solyc10g018780.2","1.0E-20","false","interacts with","Solyc01g104650.3 (interacts with) Solyc10g018780.2"
"interacts with","0.53869","Solyc04g005130.3 (interacts with) Solyc10g005330.3","1.0E-15","false","interacts with","Solyc04g005130.3 (interacts with) Solyc10g005330.3"
"interacts with","0.514246","Solyc04g005130.3 (interacts with) Solyc06g083170.3","1.0E-15","false","interacts with","Solyc04g005130.3 (interacts with) Solyc06g083170.3"
"interacts with","0.449324","Solyc01g104650.3 (interacts with) Solyc06g083590.3","1.0E-15","false","interacts with","Solyc01g104650.3 (interacts with) Solyc06g083590.3"
"interacts with","0.570263","Solyc04g005130.3 (interacts with) Solyc09g007260.3","1.0E-15","false","interacts with","Solyc04g005130.3 (interacts with) Solyc09g007260.3"
"interacts with","0.584017","Solyc03g113620.3 (interacts with) Solyc06g063070.3","1.0E-20","false","interacts with","Solyc03g113620.3 (interacts with) Solyc06g063070.3"
"interacts with","0.441093","Solyc01g104650.3 (interacts with) Solyc08g006490.2","1.0E-15","false","interacts with","Solyc01g104650.3 (interacts with) Solyc08g006490.2"
"interacts with","0.367505","Solyc03g113620.3 (interacts with) Solyc05g055480.3","1.0E-10","false","interacts with","Solyc03g113620.3 (interacts with) Solyc05g055480.3"
"interacts with","0.497666","Solyc01g104650.3 (interacts with) Solyc11g011260.1","1.0E-15","false","interacts with","Solyc01g104650.3 (interacts with) Solyc11g011260.1"
"interacts with","0.483026","Solyc01g104650.3 (interacts with) Solyc02g068200.1","1.0E-15","false","interacts with","Solyc01g104650.3 (interacts with) Solyc02g068200.1"
"interacts with","0.534529","Solyc01g104650.3 (interacts with) Solyc05g015330.1","1.0E-15","false","interacts with","Solyc01g104650.3 (interacts with) Solyc05g015330.1"
"interacts with","0.638677","Solyc01g104650.3 (interacts with) Solyc10g084380.1","1.0E-20","false","interacts with","Solyc01g104650.3 (interacts with) Solyc10g084380.1"
"interacts with","0.62853","Solyc08g068320.3 (interacts with) Solyc11g017470.2","1.0E-20","false","interacts with","Solyc08g068320.3 (interacts with) Solyc11g017470.2"
"interacts with","0.668769","Solyc01g104650.3 (interacts with) Solyc05g051460.3","1.0E-20","false","interacts with","Solyc01g104650.3 (interacts with) Solyc05g051460.3"
"interacts with","0.340741","Solyc08g068320.3 (interacts with) Solyc10g054010.1","1.0E-10","false","interacts with","Solyc08g068320.3 (interacts with) Solyc10g054010.1"
"interacts with","0.632944","Solyc03g113620.3 (interacts with) Solyc11g017470.2","1.0E-20","false","interacts with","Solyc03g113620.3 (interacts with) Solyc11g017470.2"
"interacts with","0.677149","Solyc08g068320.3 (interacts with) Solyc09g010840.1","1.0E-20","false","interacts with","Solyc08g068320.3 (interacts with) Solyc09g010840.1"
"interacts with","0.520165","Solyc01g104650.3 (interacts with) Solyc11g011890.2","1.0E-15","false","interacts with","Solyc01g104650.3 (interacts with) Solyc11g011890.2"
"interacts with","0.578839","Solyc03g113620.3 (interacts with) Solyc03g119540.3","1.0E-20","false","interacts with","Solyc03g113620.3 (interacts with) Solyc03g119540.3"
"interacts with","0.558621","Solyc01g104650.3 (interacts with) Solyc12g100140.2","1.0E-15","false","interacts with","Solyc01g104650.3 (interacts with) Solyc12g100140.2"
"interacts with","0.574498","Solyc08g068320.3 (interacts with) Solyc10g084180.2","1.0E-20","false","interacts with","Solyc08g068320.3 (interacts with) Solyc10g084180.2"
"interacts with","0.711243","Solyc03g113620.3 (interacts with) Solyc04g014830.2","1.0E-20","false","interacts with","Solyc03g113620.3 (interacts with) Solyc04g014830.2"
"interacts with","0.580811","Solyc01g104650.3 (interacts with) Solyc03g113620.3","1.0E-20","false","interacts with","Solyc01g104650.3 (interacts with) Solyc03g113620.3"
"interacts with","0.628911","Solyc02g067380.3 (interacts with) Solyc10g005330.3","1.0E-20","false","interacts with","Solyc02g067380.3 (interacts with) Solyc10g005330.3"
"interacts with","0.539003","Solyc08g068320.3 (interacts with) Solyc12g014140.2","1.0E-15","false","interacts with","Solyc08g068320.3 (interacts with) Solyc12g014140.2"
"interacts with","0.639742","Solyc03g113620.3 (interacts with) Solyc04g078640.2","1.0E-20","false","interacts with","Solyc03g113620.3 (interacts with) Solyc04g078640.2"
"interacts with","0.549719","Solyc01g104650.3 (interacts with) Solyc03g118310.3","1.0E-15","false","interacts with","Solyc01g104650.3 (interacts with) Solyc03g118310.3"
"interacts with","0.624647","Solyc02g067380.3 (interacts with) Solyc12g098370.2","1.0E-20","false","interacts with","Solyc02g067380.3 (interacts with) Solyc12g098370.2"
"interacts with","0.515896","Solyc08g068320.3 (interacts with) Solyc11g011260.1","1.0E-15","false","interacts with","Solyc08g068320.3 (interacts with) Solyc11g011260.1"
"interacts with","0.593671","Solyc03g113620.3 (interacts with) Solyc06g036170.1","1.0E-20","false","interacts with","Solyc03g113620.3 (interacts with) Solyc06g036170.1"
"interacts with","0.510884","Solyc01g104650.3 (interacts with) Solyc07g005650.3","1.0E-15","false","interacts with","Solyc01g104650.3 (interacts with) Solyc07g005650.3"
"interacts with","0.628807","Solyc02g067380.3 (interacts with) Solyc05g012020.3","1.0E-20","false","interacts with","Solyc02g067380.3 (interacts with) Solyc05g012020.3"
"interacts with","0.254488","Solyc08g068320.3 (interacts with) Solyc09g015110.2","1.0E-5","false","interacts with","Solyc08g068320.3 (interacts with) Solyc09g015110.2"
"interacts with","0.647325","Solyc01g104650.3 (interacts with) Solyc09g082505.1","1.0E-20","false","interacts with","Solyc01g104650.3 (interacts with) Solyc09g082505.1"
"interacts with","0.641875","Solyc08g068320.3 (interacts with) Solyc10g079070.2","1.0E-20","false","interacts with","Solyc08g068320.3 (interacts with) Solyc10g079070.2"
"interacts with","0.495852","Solyc03g113620.3 (interacts with) Solyc05g020020.3","1.0E-15","false","interacts with","Solyc03g113620.3 (interacts with) Solyc05g020020.3"
"interacts with","0.494033","Solyc02g067380.3 (interacts with) Solyc03g093610.1","1.0E-15","false","interacts with","Solyc02g067380.3 (interacts with) Solyc03g093610.1"
"interacts with","0.610649","Solyc08g068320.3 (interacts with) Solyc09g074640.3","1.0E-20","false","interacts with","Solyc08g068320.3 (interacts with) Solyc09g074640.3"
"interacts with","0.311985","Solyc03g113620.3 (interacts with) Solyc11g062060.2","1.0E-10","false","interacts with","Solyc03g113620.3 (interacts with) Solyc11g062060.2"
"interacts with","0.562638","Solyc01g104650.3 (interacts with) Solyc12g007070.2","1.0E-15","false","interacts with","Solyc01g104650.3 (interacts with) Solyc12g007070.2"
"interacts with","0.615495","Solyc02g067380.3 (interacts with) Solyc06g053960.3","1.0E-20","false","interacts with","Solyc02g067380.3 (interacts with) Solyc06g053960.3"
"interacts with","0.677361","Solyc08g068320.3 (interacts with) Solyc10g078700.2","1.0E-20","false","interacts with","Solyc08g068320.3 (interacts with) Solyc10g078700.2"
"interacts with","0.576281","Solyc03g113620.3 (interacts with) Solyc04g014530.1","1.0E-20","false","interacts with","Solyc03g113620.3 (interacts with) Solyc04g014530.1"
"interacts with","0.76482","Solyc01g104650.3 (interacts with) Solyc10g005330.3","1.0E-25","false","interacts with","Solyc01g104650.3 (interacts with) Solyc10g005330.3"
"interacts with","0.416949","Solyc02g067380.3 (interacts with) Solyc08g006490.2","1.0E-10","false","interacts with","Solyc02g067380.3 (interacts with) Solyc08g006490.2"
"interacts with","0.669844","Solyc08g068320.3 (interacts with) Solyc10g018780.2","1.0E-20","false","interacts with","Solyc08g068320.3 (interacts with) Solyc10g018780.2"
"interacts with","0.418319","Solyc03g113620.3 (interacts with) Solyc04g007420.3","1.0E-10","false","interacts with","Solyc03g113620.3 (interacts with) Solyc04g007420.3"
"interacts with","0.679621","Solyc01g104650.3 (interacts with) Solyc06g083170.3","1.0E-20","false","interacts with","Solyc01g104650.3 (interacts with) Solyc06g083170.3"
"interacts with","0.677953","Solyc02g067380.3 (interacts with) Solyc10g079070.2","1.0E-20","false","interacts with","Solyc02g067380.3 (interacts with) Solyc10g079070.2"
"interacts with","0.603806","Solyc08g068320.3 (interacts with) Solyc10g086640.2","1.0E-20","false","interacts with","Solyc08g068320.3 (interacts with) Solyc10g086640.2"
"interacts with","0.481343","Solyc03g113620.3 (interacts with) Solyc04g009510.3","1.0E-15","false","interacts with","Solyc03g113620.3 (interacts with) Solyc04g009510.3"
"interacts with","0.635203","Solyc02g067380.3 (interacts with) Solyc04g078640.2","1.0E-20","false","interacts with","Solyc02g067380.3 (interacts with) Solyc04g078640.2"
"interacts with","0.674927","Solyc08g068320.3 (interacts with) Solyc10g006880.3","1.0E-20","false","interacts with","Solyc08g068320.3 (interacts with) Solyc10g006880.3"
"interacts with","0.38405","Solyc01g104650.3 (interacts with) Solyc12g005420.2","1.0E-10","false","interacts with","Solyc01g104650.3 (interacts with) Solyc12g005420.2"
"interacts with","0.621018","Solyc02g067380.3 (interacts with) Solyc06g036170.1","1.0E-20","false","interacts with","Solyc02g067380.3 (interacts with) Solyc06g036170.1"
"interacts with","0.641106","Solyc08g068320.3 (interacts with) Solyc08g082630.3","1.0E-20","false","interacts with","Solyc08g068320.3 (interacts with) Solyc08g082630.3"
"interacts with","0.459349","Solyc03g113620.3 (interacts with) Solyc12g044610.2","1.0E-15","false","interacts with","Solyc03g113620.3 (interacts with) Solyc12g044610.2"
"interacts with","0.658949","Solyc01g104650.3 (interacts with) Solyc02g067380.3","1.0E-20","false","interacts with","Solyc01g104650.3 (interacts with) Solyc02g067380.3"
"interacts with","0.619106","Solyc02g067380.3 (interacts with) Solyc02g078620.1","1.0E-20","false","interacts with","Solyc02g067380.3 (interacts with) Solyc02g078620.1"
"interacts with","0.766119","Solyc01g104650.3 (interacts with) Solyc06g063070.3","1.0E-25","false","interacts with","Solyc01g104650.3 (interacts with) Solyc06g063070.3"
"interacts with","0.595363","Solyc02g067380.3 (interacts with) Solyc05g007770.3","1.0E-20","false","interacts with","Solyc02g067380.3 (interacts with) Solyc05g007770.3"
"interacts with","0.639065","Solyc08g068320.3 (interacts with) Solyc10g005330.3","1.0E-20","false","interacts with","Solyc08g068320.3 (interacts with) Solyc10g005330.3"
"interacts with","0.734992","Solyc01g104650.3 (interacts with) Solyc03g097120.3","1.0E-25","false","interacts with","Solyc01g104650.3 (interacts with) Solyc03g097120.3"
"interacts with","0.592557","Solyc02g067380.3 (interacts with) Solyc02g082670.3","1.0E-20","false","interacts with","Solyc02g067380.3 (interacts with) Solyc02g082670.3"
"interacts with","0.4975","Solyc08g068320.3 (interacts with) Solyc11g010710.2","1.0E-15","false","interacts with","Solyc08g068320.3 (interacts with) Solyc11g010710.2"
"interacts with","0.61506","Solyc01g104650.3 (interacts with) Solyc04g071770.3","1.0E-20","false","interacts with","Solyc01g104650.3 (interacts with) Solyc04g071770.3"
"interacts with","0.633198","Solyc02g067380.3 (interacts with) Solyc05g051460.3","1.0E-20","false","interacts with","Solyc02g067380.3 (interacts with) Solyc05g051460.3"
"interacts with","0.661249","Solyc08g068320.3 (interacts with) Solyc11g071300.2","1.0E-20","false","interacts with","Solyc08g068320.3 (interacts with) Solyc11g071300.2"
"interacts with","0.517391","Solyc07g005650.3 (interacts with) Solyc11g072470.2","1.0E-15","false","interacts with","Solyc07g005650.3 (interacts with) Solyc11g072470.2"
"interacts with","0.454747","Solyc01g104650.3 (interacts with) Solyc03g082550.3","1.0E-15","false","interacts with","Solyc01g104650.3 (interacts with) Solyc03g082550.3"
"interacts with","0.473512","Solyc07g005650.3 (interacts with) Solyc11g017470.2","1.0E-15","false","interacts with","Solyc07g005650.3 (interacts with) Solyc11g017470.2"
"interacts with","0.699568","Solyc01g104650.3 (interacts with) Solyc05g052410.2","1.0E-20","false","interacts with","Solyc01g104650.3 (interacts with) Solyc05g052410.2"
"interacts with","0.672622","Solyc08g068320.3 (interacts with) Solyc09g007260.3","1.0E-20","false","interacts with","Solyc08g068320.3 (interacts with) Solyc09g007260.3"
"interacts with","0.474036","Solyc07g005650.3 (interacts with) Solyc08g022080.3","1.0E-15","false","interacts with","Solyc07g005650.3 (interacts with) Solyc08g022080.3"
"interacts with","0.620797","Solyc02g067380.3 (interacts with) Solyc11g017470.2","1.0E-20","false","interacts with","Solyc02g067380.3 (interacts with) Solyc11g017470.2"
"interacts with","0.640277","Solyc08g068320.3 (interacts with) Solyc09g082505.1","1.0E-20","false","interacts with","Solyc08g068320.3 (interacts with) Solyc09g082505.1"
"interacts with","0.44754","Solyc07g005650.3 (interacts with) Solyc11g072150.2","1.0E-15","false","interacts with","Solyc07g005650.3 (interacts with) Solyc11g072150.2"
"interacts with","0.758374","Solyc01g104650.3 (interacts with) Solyc07g063970.3","1.0E-25","false","interacts with","Solyc01g104650.3 (interacts with) Solyc07g063970.3"
"interacts with","0.611004","Solyc02g067380.3 (interacts with) Solyc08g082630.3","1.0E-20","false","interacts with","Solyc02g067380.3 (interacts with) Solyc08g082630.3"
"interacts with","0.633352","Solyc08g068320.3 (interacts with) Solyc12g098370.2","1.0E-20","false","interacts with","Solyc08g068320.3 (interacts with) Solyc12g098370.2"
"interacts with","0.792617","Solyc01g104650.3 (interacts with) Solyc06g036170.1","1.0E-25","false","interacts with","Solyc01g104650.3 (interacts with) Solyc06g036170.1"
"interacts with","0.63742","Solyc08g068320.3 (interacts with) Solyc11g069190.2","1.0E-20","false","interacts with","Solyc08g068320.3 (interacts with) Solyc11g069190.2"
"interacts with","0.823453","Solyc01g104650.3 (interacts with) Solyc11g017470.2","1.0E-25","false","interacts with","Solyc01g104650.3 (interacts with) Solyc11g017470.2"
"interacts with","0.655297","Solyc02g067380.3 (interacts with) Solyc10g006880.3","1.0E-20","false","interacts with","Solyc02g067380.3 (interacts with) Solyc10g006880.3"
"interacts with","0.659141","Solyc01g104650.3 (interacts with) Solyc05g007770.3","1.0E-20","false","interacts with","Solyc01g104650.3 (interacts with) Solyc05g007770.3"
"interacts with","0.619876","Solyc02g067380.3 (interacts with) Solyc06g069430.3","1.0E-20","false","interacts with","Solyc02g067380.3 (interacts with) Solyc06g069430.3"
"interacts with","0.57796","Solyc01g104650.3 (interacts with) Solyc06g075140.3","1.0E-20","false","interacts with","Solyc01g104650.3 (interacts with) Solyc06g075140.3"
"interacts with","0.632442","Solyc02g067380.3 (interacts with) Solyc02g092050.3","1.0E-20","false","interacts with","Solyc02g067380.3 (interacts with) Solyc02g092050.3"
"interacts with","0.512044","Solyc01g104650.3 (interacts with) Solyc07g043330.2","1.0E-15","false","interacts with","Solyc01g104650.3 (interacts with) Solyc07g043330.2"
"interacts with","0.471951","Solyc02g067380.3 (interacts with) Solyc02g092070.3","1.0E-15","false","interacts with","Solyc02g067380.3 (interacts with) Solyc02g092070.3"
"interacts with","0.551287","Solyc01g104650.3 (interacts with) Solyc05g053240.3","1.0E-15","false","interacts with","Solyc01g104650.3 (interacts with) Solyc05g053240.3"
"interacts with","0.613116","Solyc02g067380.3 (interacts with) Solyc10g018780.2","1.0E-20","false","interacts with","Solyc02g067380.3 (interacts with) Solyc10g018780.2"
"interacts with","0.663524","Solyc01g104650.3 (interacts with) Solyc12g099760.2","1.0E-20","false","interacts with","Solyc01g104650.3 (interacts with) Solyc12g099760.2"
"interacts with","0.668903","Solyc02g067380.3 (interacts with) Solyc10g078700.2","1.0E-20","false","interacts with","Solyc02g067380.3 (interacts with) Solyc10g078700.2"
"interacts with","0.648686","Solyc01g104650.3 (interacts with) Solyc10g084340.2","1.0E-20","false","interacts with","Solyc01g104650.3 (interacts with) Solyc10g084340.2"
"interacts with","0.739541","Solyc01g104650.3 (interacts with) Solyc05g012020.3","1.0E-25","false","interacts with","Solyc01g104650.3 (interacts with) Solyc05g012020.3"
"interacts with","0.706065","Solyc01g104650.3 (interacts with) Solyc09g007260.3","1.0E-20","false","interacts with","Solyc01g104650.3 (interacts with) Solyc09g007260.3"
"interacts with","0.59495","Solyc03g113760.3 (interacts with) Solyc08g068320.3","1.0E-20","false","interacts with","Solyc03g113760.3 (interacts with) Solyc08g068320.3"
"interacts with","0.325153","Solyc03g113760.3 (interacts with) Solyc05g054400.3","1.0E-10","false","interacts with","Solyc03g113760.3 (interacts with) Solyc05g054400.3"
"interacts with","0.703962","Solyc01g104650.3 (interacts with) Solyc03g112390.3","1.0E-20","false","interacts with","Solyc01g104650.3 (interacts with) Solyc03g112390.3"
"interacts with","0.629408","Solyc01g104650.3 (interacts with) Solyc08g068320.3","1.0E-20","false","interacts with","Solyc01g104650.3 (interacts with) Solyc08g068320.3"
"interacts with","0.51556","Solyc03g113760.3 (interacts with) Solyc04g005130.3","1.0E-15","false","interacts with","Solyc03g113760.3 (interacts with) Solyc04g005130.3"
"interacts with","0.765508","Solyc01g104650.3 (interacts with) Solyc06g069430.3","1.0E-25","false","interacts with","Solyc01g104650.3 (interacts with) Solyc06g069430.3"
"interacts with","0.410612","Solyc03g113760.3 (interacts with) Solyc11g068950.2","1.0E-10","false","interacts with","Solyc03g113760.3 (interacts with) Solyc11g068950.2"
"interacts with","0.643177","Solyc01g104650.3 (interacts with) Solyc08g066500.3","1.0E-20","false","interacts with","Solyc01g104650.3 (interacts with) Solyc08g066500.3"
"interacts with","0.741918","Solyc01g104650.3 (interacts with) Solyc10g078700.2","1.0E-25","false","interacts with","Solyc01g104650.3 (interacts with) Solyc10g078700.2"
"interacts with","0.581854","Solyc03g113760.3 (interacts with) Solyc03g118310.3","1.0E-20","false","interacts with","Solyc03g113760.3 (interacts with) Solyc03g118310.3"
"interacts with","0.466977","Solyc03g113760.3 (interacts with) Solyc12g099370.2","1.0E-15","false","interacts with","Solyc03g113760.3 (interacts with) Solyc12g099370.2"
"interacts with","0.679385","Solyc03g113760.3 (interacts with) Solyc09g082505.1","1.0E-20","false","interacts with","Solyc03g113760.3 (interacts with) Solyc09g082505.1"
"interacts with","0.284831","Solyc03g113760.3 (interacts with) Solyc05g009660.3","1.0E-5","false","interacts with","Solyc03g113760.3 (interacts with) Solyc05g009660.3"
"interacts with","0.601193","Solyc01g104650.3 (interacts with) Solyc12g006240.2","1.0E-20","false","interacts with","Solyc01g104650.3 (interacts with) Solyc12g006240.2"
"interacts with","0.420976","Solyc03g113760.3 (interacts with) Solyc08g006490.2","1.0E-10","false","interacts with","Solyc03g113760.3 (interacts with) Solyc08g006490.2"
"interacts with","0.757242","Solyc01g104650.3 (interacts with) Solyc10g079070.2","1.0E-25","false","interacts with","Solyc01g104650.3 (interacts with) Solyc10g079070.2"
"interacts with","0.562315","Solyc03g113760.3 (interacts with) Solyc06g053610.3","1.0E-15","false","interacts with","Solyc03g113760.3 (interacts with) Solyc06g053610.3"
"interacts with","0.505826","Solyc01g104650.3 (interacts with) Solyc04g076530.3","1.0E-15","false","interacts with","Solyc01g104650.3 (interacts with) Solyc04g076530.3"
"interacts with","0.665294","Solyc01g104650.3 (interacts with) Solyc06g053610.3","1.0E-20","false","interacts with","Solyc01g104650.3 (interacts with) Solyc06g053610.3"
"interacts with","0.644135","Solyc03g113760.3 (interacts with) Solyc07g063970.3","1.0E-20","false","interacts with","Solyc03g113760.3 (interacts with) Solyc07g063970.3"
"interacts with","0.601829","Solyc01g104650.3 (interacts with) Solyc08g076860.3","1.0E-20","false","interacts with","Solyc01g104650.3 (interacts with) Solyc08g076860.3"
"interacts with","0.611506","Solyc03g113760.3 (interacts with) Solyc11g017470.2","1.0E-20","false","interacts with","Solyc03g113760.3 (interacts with) Solyc11g017470.2"
"interacts with","0.184238","Solyc03g043577.1 (interacts with) Solyc09g018150.1","1.0E-5","false","interacts with","Solyc03g043577.1 (interacts with) Solyc09g018150.1"
"interacts with","0.756098","Solyc01g104650.3 (interacts with) Solyc06g053960.3","1.0E-25","false","interacts with","Solyc01g104650.3 (interacts with) Solyc06g053960.3"
"interacts with","0.450291","Solyc03g113760.3 (interacts with) Solyc04g078690.3","1.0E-15","false","interacts with","Solyc03g113760.3 (interacts with) Solyc04g078690.3"
"interacts with","0.685226","Solyc01g104650.3 (interacts with) Solyc12g098370.2","1.0E-20","false","interacts with","Solyc01g104650.3 (interacts with) Solyc12g098370.2"
"interacts with","0.620745","Solyc03g113760.3 (interacts with) Solyc10g006880.3","1.0E-20","false","interacts with","Solyc03g113760.3 (interacts with) Solyc10g006880.3"
"interacts with","0.211012","Solyc03g043577.1 (interacts with) Solyc05g012020.3","1.0E-5","false","interacts with","Solyc03g043577.1 (interacts with) Solyc05g012020.3"
"interacts with","0.60482","Solyc01g104650.3 (interacts with) Solyc04g005610.3","1.0E-20","false","interacts with","Solyc01g104650.3 (interacts with) Solyc04g005610.3"
"interacts with","0.406539","Solyc03g113760.3 (interacts with) Solyc08g082890.3","1.0E-10","false","interacts with","Solyc03g113760.3 (interacts with) Solyc08g082890.3"
"interacts with","0.576093","Solyc01g104650.3 (interacts with) Solyc05g056120.3","1.0E-20","false","interacts with","Solyc01g104650.3 (interacts with) Solyc05g056120.3"
"interacts with","0.598199","Solyc03g113760.3 (interacts with) Solyc10g078700.2","1.0E-20","false","interacts with","Solyc03g113760.3 (interacts with) Solyc10g078700.2"
"interacts with","0.683039","Solyc09g082505.1 (interacts with) Solyc10g079070.2","1.0E-20","false","interacts with","Solyc09g082505.1 (interacts with) Solyc10g079070.2"
"interacts with","0.224088","Solyc03g043577.1 (interacts with) Solyc07g062680.2","1.0E-5","false","interacts with","Solyc03g043577.1 (interacts with) Solyc07g062680.2"
"interacts with","0.209677","Solyc03g043577.1 (interacts with) Solyc09g065670.3","1.0E-5","false","interacts with","Solyc03g043577.1 (interacts with) Solyc09g065670.3"
"interacts with","0.67237","Solyc09g082505.1 (interacts with) Solyc11g071300.2","1.0E-20","false","interacts with","Solyc09g082505.1 (interacts with) Solyc11g071300.2"
"interacts with","0.340484","Solyc09g082505.1 (interacts with) Solyc11g068480.2","1.0E-10","false","interacts with","Solyc09g082505.1 (interacts with) Solyc11g068480.2"
"interacts with","0.623066","Solyc09g082505.1 (interacts with) Solyc10g018780.2","1.0E-20","false","interacts with","Solyc09g082505.1 (interacts with) Solyc10g018780.2"
"interacts with","0.655588","Solyc09g082505.1 (interacts with) Solyc10g078700.2","1.0E-20","false","interacts with","Solyc09g082505.1 (interacts with) Solyc10g078700.2"
"interacts with","0.49394","Solyc09g082505.1 (interacts with) Solyc11g010340.2","1.0E-15","false","interacts with","Solyc09g082505.1 (interacts with) Solyc11g010340.2"
"interacts with","0.213409","Solyc03g043577.1 (interacts with) Solyc06g062460.3","1.0E-5","false","interacts with","Solyc03g043577.1 (interacts with) Solyc06g062460.3"
"interacts with","0.615303","Solyc09g082505.1 (interacts with) Solyc12g013620.2","1.0E-20","false","interacts with","Solyc09g082505.1 (interacts with) Solyc12g013620.2"
"interacts with","0.212409","Solyc03g043577.1 (interacts with) Solyc08g065420.3","1.0E-5","false","interacts with","Solyc03g043577.1 (interacts with) Solyc08g065420.3"
"interacts with","0.673456","Solyc09g082505.1 (interacts with) Solyc10g006880.3","1.0E-20","false","interacts with","Solyc09g082505.1 (interacts with) Solyc10g006880.3"
"interacts with","0.463478","Solyc09g082505.1 (interacts with) Solyc12g056860.2","1.0E-15","false","interacts with","Solyc09g082505.1 (interacts with) Solyc12g056860.2"
"interacts with","0.699365","Solyc07g066220.3 (interacts with) Solyc09g089550.3","1.0E-20","false","interacts with","Solyc07g066220.3 (interacts with) Solyc09g089550.3"
"interacts with","0.2298","Solyc03g043577.1 (interacts with) Solyc12g005830.2","1.0E-5","false","interacts with","Solyc03g043577.1 (interacts with) Solyc12g005830.2"
"interacts with","0.537212","Solyc07g066220.3 (interacts with) Solyc11g068950.2","1.0E-15","false","interacts with","Solyc07g066220.3 (interacts with) Solyc11g068950.2"
"interacts with","0.383364","Solyc07g066220.3 (interacts with) Solyc08g082890.3","1.0E-10","false","interacts with","Solyc07g066220.3 (interacts with) Solyc08g082890.3"
"interacts with","0.658346","Solyc07g066220.3 (interacts with) Solyc10g078285.1","1.0E-20","false","interacts with","Solyc07g066220.3 (interacts with) Solyc10g078285.1"
"interacts with","0.658346","Solyc07g066220.3 (interacts with) Solyc10g078290.2","1.0E-20","false","interacts with","Solyc07g066220.3 (interacts with) Solyc10g078290.2"
"interacts with","0.631132","Solyc07g066220.3 (interacts with) Solyc12g098520.2","1.0E-20","false","interacts with","Solyc07g066220.3 (interacts with) Solyc12g098520.2"
"interacts with","0.431531","Solyc07g066220.3 (interacts with) Solyc12g044410.2","1.0E-15","false","interacts with","Solyc07g066220.3 (interacts with) Solyc12g044410.2"
"interacts with","0.610673","Solyc01g103050.3 (interacts with) Solyc05g053240.3","1.0E-20","false","interacts with","Solyc01g103050.3 (interacts with) Solyc05g053240.3"
"interacts with","0.454013","Solyc01g103050.3 (interacts with) Solyc12g099370.2","1.0E-15","false","interacts with","Solyc01g103050.3 (interacts with) Solyc12g099370.2"
"interacts with","0.350702","Solyc01g103050.3 (interacts with) Solyc06g082530.2","1.0E-10","false","interacts with","Solyc01g103050.3 (interacts with) Solyc06g082530.2"
"interacts with","0.378173","Solyc07g066220.3 (interacts with) Solyc12g005830.2","1.0E-10","false","interacts with","Solyc07g066220.3 (interacts with) Solyc12g005830.2"
"interacts with","0.311789","Solyc07g066220.3 (interacts with) Solyc10g078610.1","1.0E-10","false","interacts with","Solyc07g066220.3 (interacts with) Solyc10g078610.1"
"interacts with","0.571393","Solyc01g103050.3 (interacts with) Solyc07g043580.3","1.0E-15","false","interacts with","Solyc01g103050.3 (interacts with) Solyc07g043580.3"
"interacts with","0.443368","Solyc07g066220.3 (interacts with) Solyc10g080480.2","1.0E-15","false","interacts with","Solyc07g066220.3 (interacts with) Solyc10g080480.2"
"interacts with","0.543561","Solyc01g103050.3 (interacts with) Solyc05g052410.2","1.0E-15","false","interacts with","Solyc01g103050.3 (interacts with) Solyc05g052410.2"
"interacts with","0.569927","Solyc01g103050.3 (interacts with) Solyc10g006880.3","1.0E-15","false","interacts with","Solyc01g103050.3 (interacts with) Solyc10g006880.3"
"interacts with","0.626802","Solyc01g103050.3 (interacts with) Solyc10g084180.2","1.0E-20","false","interacts with","Solyc01g103050.3 (interacts with) Solyc10g084180.2"
"interacts with","0.355036","Solyc05g011810.3 (interacts with) Solyc06g065440.1","1.0E-10","false","interacts with","Solyc05g011810.3 (interacts with) Solyc06g065440.1"
"interacts with","0.567699","Solyc01g103050.3 (interacts with) Solyc11g017470.2","1.0E-15","false","interacts with","Solyc01g103050.3 (interacts with) Solyc11g017470.2"
"interacts with","0.553885","Solyc01g103050.3 (interacts with) Solyc04g014830.2","1.0E-15","false","interacts with","Solyc01g103050.3 (interacts with) Solyc04g014830.2"
"interacts with","0.523079","Solyc01g103050.3 (interacts with) Solyc02g078620.1","1.0E-15","false","interacts with","Solyc01g103050.3 (interacts with) Solyc02g078620.1"
"interacts with","0.570948","Solyc01g103050.3 (interacts with) Solyc02g085340.1","1.0E-15","false","interacts with","Solyc01g103050.3 (interacts with) Solyc02g085340.1"
"interacts with","0.373606","Solyc05g011810.3 (interacts with) Solyc07g043620.3","1.0E-10","false","interacts with","Solyc05g011810.3 (interacts with) Solyc07g043620.3"
"interacts with","0.569509","Solyc01g103050.3 (interacts with) Solyc06g065190.1","1.0E-15","false","interacts with","Solyc01g103050.3 (interacts with) Solyc06g065190.1"
"interacts with","0.386146","Solyc05g011810.3 (interacts with) Solyc12g044410.2","1.0E-10","false","interacts with","Solyc05g011810.3 (interacts with) Solyc12g044410.2"
"interacts with","0.473287","Solyc05g050220.3 (interacts with) Solyc10g005330.3","1.0E-15","false","interacts with","Solyc05g050220.3 (interacts with) Solyc10g005330.3"
"interacts with","0.625576","Solyc01g103050.3 (interacts with) Solyc02g037530.3","1.0E-20","false","interacts with","Solyc01g103050.3 (interacts with) Solyc02g037530.3"
"interacts with","0.567965","Solyc01g103050.3 (interacts with) Solyc08g078300.3","1.0E-15","false","interacts with","Solyc01g103050.3 (interacts with) Solyc08g078300.3"
"interacts with","0.391291","Solyc05g011810.3 (interacts with) Solyc09g009100.3","1.0E-10","false","interacts with","Solyc05g011810.3 (interacts with) Solyc09g009100.3"
"interacts with","0.485969","Solyc05g050220.3 (interacts with) Solyc12g089240.2","1.0E-15","false","interacts with","Solyc05g050220.3 (interacts with) Solyc12g089240.2"
"interacts with","0.521396","Solyc01g096810.3 (interacts with) Solyc02g068200.1","1.0E-15","false","interacts with","Solyc01g096810.3 (interacts with) Solyc02g068200.1"
"interacts with","0.186795","Solyc01g103050.3 (interacts with) Solyc08g006240.2","1.0E-5","false","interacts with","Solyc01g103050.3 (interacts with) Solyc08g006240.2"
"interacts with","0.317796","Solyc01g096810.3 (interacts with) Solyc02g069720.3","1.0E-10","false","interacts with","Solyc01g096810.3 (interacts with) Solyc02g069720.3"
"interacts with","0.569959","Solyc01g103050.3 (interacts with) Solyc03g114850.3","1.0E-15","false","interacts with","Solyc01g103050.3 (interacts with) Solyc03g114850.3"
"interacts with","0.4836","Solyc05g050220.3 (interacts with) Solyc07g052960.2","1.0E-15","false","interacts with","Solyc05g050220.3 (interacts with) Solyc07g052960.2"
"interacts with","0.664643","Solyc01g096810.3 (interacts with) Solyc04g072220.3","1.0E-20","false","interacts with","Solyc01g096810.3 (interacts with) Solyc04g072220.3"
"interacts with","0.398172","Solyc01g103050.3 (interacts with) Solyc05g055480.3","1.0E-10","false","interacts with","Solyc01g103050.3 (interacts with) Solyc05g055480.3"
"interacts with","0.496661","Solyc05g050220.3 (interacts with) Solyc06g082300.3","1.0E-15","false","interacts with","Solyc05g050220.3 (interacts with) Solyc06g082300.3"
"interacts with","0.5903","Solyc01g096810.3 (interacts with) Solyc05g009350.3","1.0E-20","false","interacts with","Solyc01g096810.3 (interacts with) Solyc05g009350.3"
"interacts with","0.520216","Solyc01g103050.3 (interacts with) Solyc06g065440.1","1.0E-15","false","interacts with","Solyc01g103050.3 (interacts with) Solyc06g065440.1"
"interacts with","0.498773","Solyc05g050220.3 (interacts with) Solyc06g049040.3","1.0E-15","false","interacts with","Solyc05g050220.3 (interacts with) Solyc06g049040.3"
"interacts with","0.51839","Solyc01g103050.3 (interacts with) Solyc03g120890.3","1.0E-15","false","interacts with","Solyc01g103050.3 (interacts with) Solyc03g120890.3"
"interacts with","0.518488","Solyc05g050220.3 (interacts with) Solyc12g099760.2","1.0E-15","false","interacts with","Solyc05g050220.3 (interacts with) Solyc12g099760.2"
"interacts with","0.437929","Solyc01g096810.3 (interacts with) Solyc02g069830.3","1.0E-15","false","interacts with","Solyc01g096810.3 (interacts with) Solyc02g069830.3"
"interacts with","0.529483","Solyc01g103050.3 (interacts with) Solyc03g044300.3","1.0E-15","false","interacts with","Solyc01g103050.3 (interacts with) Solyc03g044300.3"
"interacts with","0.496525","Solyc05g050220.3 (interacts with) Solyc06g050520.2","1.0E-15","false","interacts with","Solyc05g050220.3 (interacts with) Solyc06g050520.2"
"interacts with","0.265782","Solyc01g096810.3 (interacts with) Solyc12g088130.2","1.0E-5","false","interacts with","Solyc01g096810.3 (interacts with) Solyc12g088130.2"
"interacts with","0.572511","Solyc01g103050.3 (interacts with) Solyc08g082630.3","1.0E-20","false","interacts with","Solyc01g103050.3 (interacts with) Solyc08g082630.3"
"interacts with","0.482236","Solyc05g050220.3 (interacts with) Solyc12g098370.2","1.0E-15","false","interacts with","Solyc05g050220.3 (interacts with) Solyc12g098370.2"
"interacts with","0.471503","Solyc01g096810.3 (interacts with) Solyc05g052050.1","1.0E-15","false","interacts with","Solyc01g096810.3 (interacts with) Solyc05g052050.1"
"interacts with","0.471645","Solyc05g050220.3 (interacts with) Solyc08g080150.1","1.0E-15","false","interacts with","Solyc05g050220.3 (interacts with) Solyc08g080150.1"
"interacts with","0.542337","Solyc01g103050.3 (interacts with) Solyc06g048630.3","1.0E-15","false","interacts with","Solyc01g103050.3 (interacts with) Solyc06g048630.3"
"interacts with","0.493275","Solyc05g050220.3 (interacts with) Solyc06g036170.1","1.0E-15","false","interacts with","Solyc05g050220.3 (interacts with) Solyc06g036170.1"
"interacts with","0.691754","Solyc01g096810.3 (interacts with) Solyc12g098520.2","1.0E-20","false","interacts with","Solyc01g096810.3 (interacts with) Solyc12g098520.2"
"interacts with","0.554878","Solyc01g103050.3 (interacts with) Solyc11g011260.1","1.0E-15","false","interacts with","Solyc01g103050.3 (interacts with) Solyc11g011260.1"
"interacts with","0.491127","Solyc05g050220.3 (interacts with) Solyc10g079070.2","1.0E-15","false","interacts with","Solyc05g050220.3 (interacts with) Solyc10g079070.2"
"interacts with","0.623989","Solyc01g096810.3 (interacts with) Solyc10g078290.2","1.0E-20","false","interacts with","Solyc01g096810.3 (interacts with) Solyc10g078290.2"
"interacts with","0.500515","Solyc01g103050.3 (interacts with) Solyc07g052760.2","1.0E-15","false","interacts with","Solyc01g103050.3 (interacts with) Solyc07g052760.2"
"interacts with","0.456866","Solyc05g050220.3 (interacts with) Solyc07g052700.3","1.0E-15","false","interacts with","Solyc05g050220.3 (interacts with) Solyc07g052700.3"
"interacts with","0.646349","Solyc01g096810.3 (interacts with) Solyc04g071160.3","1.0E-20","false","interacts with","Solyc01g096810.3 (interacts with) Solyc04g071160.3"
"interacts with","0.472083","Solyc05g050220.3 (interacts with) Solyc12g013620.2","1.0E-15","false","interacts with","Solyc05g050220.3 (interacts with) Solyc12g013620.2"
"interacts with","0.623989","Solyc01g096810.3 (interacts with) Solyc10g078285.1","1.0E-20","false","interacts with","Solyc01g096810.3 (interacts with) Solyc10g078285.1"
"interacts with","0.499506","Solyc05g050220.3 (interacts with) Solyc05g052410.2","1.0E-15","false","interacts with","Solyc05g050220.3 (interacts with) Solyc05g052410.2"
"interacts with","0.52386","Solyc05g050220.3 (interacts with) Solyc10g078700.2","1.0E-15","false","interacts with","Solyc05g050220.3 (interacts with) Solyc10g078700.2"
"interacts with","0.63249","Solyc01g096810.3 (interacts with) Solyc02g071990.3","1.0E-20","false","interacts with","Solyc01g096810.3 (interacts with) Solyc02g071990.3"
"interacts with","0.695817","Solyc01g096810.3 (interacts with) Solyc09g089550.3","1.0E-20","false","interacts with","Solyc01g096810.3 (interacts with) Solyc09g089550.3"
"interacts with","0.317612","Solyc01g096810.3 (interacts with) Solyc05g054400.3","1.0E-10","false","interacts with","Solyc01g096810.3 (interacts with) Solyc05g054400.3"
"interacts with","0.595009","Solyc01g096810.3 (interacts with) Solyc06g063070.3","1.0E-20","false","interacts with","Solyc01g096810.3 (interacts with) Solyc06g063070.3"
"interacts with","0.640302","Solyc01g096810.3 (interacts with) Solyc03g026020.3","1.0E-20","false","interacts with","Solyc01g096810.3 (interacts with) Solyc03g026020.3"
"interacts with","0.145729","Solyc01g096810.3 (interacts with) Solyc04g056460.1","0.1","false","interacts with","Solyc01g096810.3 (interacts with) Solyc04g056460.1"
"interacts with","0.356787","Solyc01g096810.3 (interacts with) Solyc05g007880.3","1.0E-10","false","interacts with","Solyc01g096810.3 (interacts with) Solyc05g007880.3"
"interacts with","0.559417","Solyc06g065190.1 (interacts with) Solyc07g052960.2","1.0E-15","false","interacts with","Solyc06g065190.1 (interacts with) Solyc07g052960.2"
"interacts with","0.576694","Solyc01g096810.3 (interacts with) Solyc03g118425.1","1.0E-20","false","interacts with","Solyc01g096810.3 (interacts with) Solyc03g118425.1"
"interacts with","0.531842","Solyc06g065190.1 (interacts with) Solyc07g043580.3","1.0E-15","false","interacts with","Solyc06g065190.1 (interacts with) Solyc07g043580.3"
"interacts with","0.515303","Solyc06g065190.1 (interacts with) Solyc08g078800.1","1.0E-15","false","interacts with","Solyc06g065190.1 (interacts with) Solyc08g078800.1"
"interacts with","0.591721","Solyc01g096810.3 (interacts with) Solyc04g079940.3","1.0E-20","false","interacts with","Solyc01g096810.3 (interacts with) Solyc04g079940.3"
"interacts with","0.551271","Solyc06g065190.1 (interacts with) Solyc08g078300.3","1.0E-15","false","interacts with","Solyc06g065190.1 (interacts with) Solyc08g078300.3"
"interacts with","0.56686","Solyc06g065190.1 (interacts with) Solyc08g066500.3","1.0E-15","false","interacts with","Solyc06g065190.1 (interacts with) Solyc08g066500.3"
"interacts with","0.378891","Solyc01g096810.3 (interacts with) Solyc12g005830.2","1.0E-10","false","interacts with","Solyc01g096810.3 (interacts with) Solyc12g005830.2"
"interacts with","0.641474","Solyc01g096810.3 (interacts with) Solyc04g078640.2","1.0E-20","false","interacts with","Solyc01g096810.3 (interacts with) Solyc04g078640.2"
"interacts with","0.87212","Solyc01g096810.3 (interacts with) Solyc07g066220.3","1.0E-30","false","interacts with","Solyc01g096810.3 (interacts with) Solyc07g066220.3"
"interacts with","0.699219","Solyc01g096810.3 (interacts with) Solyc06g061240.3","1.0E-20","false","interacts with","Solyc01g096810.3 (interacts with) Solyc06g061240.3"
"interacts with","0.59104","Solyc01g096810.3 (interacts with) Solyc10g080770.2","1.0E-20","false","interacts with","Solyc01g096810.3 (interacts with) Solyc10g080770.2"
"interacts with","0.480359","Solyc01g079260.3 (interacts with) Solyc04g079940.3","1.0E-15","false","interacts with","Solyc01g079260.3 (interacts with) Solyc04g079940.3"
"interacts with","0.413046","Solyc01g096810.3 (interacts with) Solyc12g010890.2","1.0E-10","false","interacts with","Solyc01g096810.3 (interacts with) Solyc12g010890.2"
"interacts with","0.436195","Solyc01g096810.3 (interacts with) Solyc07g055710.3","1.0E-15","false","interacts with","Solyc01g096810.3 (interacts with) Solyc07g055710.3"
"interacts with","0.378007","Solyc01g096810.3 (interacts with) Solyc08g082210.3","1.0E-10","false","interacts with","Solyc01g096810.3 (interacts with) Solyc08g082210.3"
"interacts with","0.590291","Solyc01g079260.3 (interacts with) Solyc06g063070.3","1.0E-20","false","interacts with","Solyc01g079260.3 (interacts with) Solyc06g063070.3"
"interacts with","0.434702","Solyc01g079260.3 (interacts with) Solyc12g099140.2","1.0E-15","false","interacts with","Solyc01g079260.3 (interacts with) Solyc12g099140.2"
"interacts with","0.403629","Solyc01g096810.3 (interacts with) Solyc04g076360.3","1.0E-10","false","interacts with","Solyc01g096810.3 (interacts with) Solyc04g076360.3"
"interacts with","0.640772","Solyc01g079260.3 (interacts with) Solyc06g069430.3","1.0E-20","false","interacts with","Solyc01g079260.3 (interacts with) Solyc06g069430.3"
"interacts with","0.316429","Solyc04g051360.3 (interacts with) Solyc08g062490.3","1.0E-10","false","interacts with","Solyc04g051360.3 (interacts with) Solyc08g062490.3"
"interacts with","0.30848","Solyc02g069720.3 (interacts with) Solyc03g093890.3","1.0E-10","false","interacts with","Solyc02g069720.3 (interacts with) Solyc03g093890.3"
"interacts with","0.32561","Solyc04g051360.3 (interacts with) Solyc12g056790.2","1.0E-10","false","interacts with","Solyc04g051360.3 (interacts with) Solyc12g056790.2"
"interacts with","0.585413","Solyc01g079260.3 (interacts with) Solyc08g076860.3","1.0E-20","false","interacts with","Solyc01g079260.3 (interacts with) Solyc08g076860.3"
"interacts with","0.244626","Solyc02g069720.3 (interacts with) Solyc02g071130.3","1.0E-5","false","interacts with","Solyc02g069720.3 (interacts with) Solyc02g071130.3"
"interacts with","0.591931","Solyc01g079260.3 (interacts with) Solyc02g090820.3","1.0E-20","false","interacts with","Solyc01g079260.3 (interacts with) Solyc02g090820.3"
"interacts with","0.229237","Solyc02g069720.3 (interacts with) Solyc09g089930.2","1.0E-5","false","interacts with","Solyc02g069720.3 (interacts with) Solyc09g089930.2"
"interacts with","0.620291","Solyc01g079260.3 (interacts with) Solyc10g079070.2","1.0E-20","false","interacts with","Solyc01g079260.3 (interacts with) Solyc10g079070.2"
"interacts with","0.323471","Solyc02g069720.3 (interacts with) Solyc06g073720.2","1.0E-10","false","interacts with","Solyc02g069720.3 (interacts with) Solyc06g073720.2"
"interacts with","0.298076","Solyc04g051360.3 (interacts with) Solyc06g073720.2","1.0E-10","false","interacts with","Solyc04g051360.3 (interacts with) Solyc06g073720.2"
"interacts with","0.59484","Solyc01g079260.3 (interacts with) Solyc09g018460.1","1.0E-20","false","interacts with","Solyc01g079260.3 (interacts with) Solyc09g018460.1"
"interacts with","0.655917","Solyc01g079260.3 (interacts with) Solyc05g012020.3","1.0E-20","false","interacts with","Solyc01g079260.3 (interacts with) Solyc05g012020.3"
"interacts with","0.346568","Solyc04g051360.3 (interacts with) Solyc11g012510.2","1.0E-10","false","interacts with","Solyc04g051360.3 (interacts with) Solyc11g012510.2"
"interacts with","0.324897","Solyc02g069720.3 (interacts with) Solyc06g063070.3","1.0E-10","false","interacts with","Solyc02g069720.3 (interacts with) Solyc06g063070.3"
"interacts with","0.304673","Solyc02g069720.3 (interacts with) Solyc08g082210.3","1.0E-10","false","interacts with","Solyc02g069720.3 (interacts with) Solyc08g082210.3"
"interacts with","0.305448","Solyc04g051360.3 (interacts with) Solyc09g014990.3","1.0E-10","false","interacts with","Solyc04g051360.3 (interacts with) Solyc09g014990.3"
"interacts with","0.368444","Solyc01g079260.3 (interacts with) Solyc08g082210.3","1.0E-10","false","interacts with","Solyc01g079260.3 (interacts with) Solyc08g082210.3"
"interacts with","0.529064","Solyc01g079260.3 (interacts with) Solyc02g080890.3","1.0E-15","false","interacts with","Solyc01g079260.3 (interacts with) Solyc02g080890.3"
"interacts with","0.334098","Solyc02g069720.3 (interacts with) Solyc06g061240.3","1.0E-10","false","interacts with","Solyc02g069720.3 (interacts with) Solyc06g061240.3"
"interacts with","0.643535","Solyc01g079260.3 (interacts with) Solyc12g089240.2","1.0E-20","false","interacts with","Solyc01g079260.3 (interacts with) Solyc12g089240.2"
"interacts with","0.271329","Solyc02g069720.3 (interacts with) Solyc06g069310.3","1.0E-5","false","interacts with","Solyc02g069720.3 (interacts with) Solyc06g069310.3"
"interacts with","0.537042","Solyc01g079260.3 (interacts with) Solyc03g043900.1","1.0E-15","false","interacts with","Solyc01g079260.3 (interacts with) Solyc03g043900.1"
"interacts with","0.337301","Solyc02g069720.3 (interacts with) Solyc07g066220.3","1.0E-10","false","interacts with","Solyc02g069720.3 (interacts with) Solyc07g066220.3"
"interacts with","0.607275","Solyc01g079260.3 (interacts with) Solyc10g006880.3","1.0E-20","false","interacts with","Solyc01g079260.3 (interacts with) Solyc10g006880.3"
"interacts with","0.592044","Solyc01g079260.3 (interacts with) Solyc01g107170.2","1.0E-20","false","interacts with","Solyc01g079260.3 (interacts with) Solyc01g107170.2"
"interacts with","0.607093","Solyc01g079260.3 (interacts with) Solyc03g006000.3","1.0E-20","false","interacts with","Solyc01g079260.3 (interacts with) Solyc03g006000.3"
"interacts with","0.658147","Solyc01g079260.3 (interacts with) Solyc02g082670.3","1.0E-20","false","interacts with","Solyc01g079260.3 (interacts with) Solyc02g082670.3"
"interacts with","0.5956","Solyc01g079260.3 (interacts with) Solyc01g104650.3","1.0E-20","false","interacts with","Solyc01g079260.3 (interacts with) Solyc01g104650.3"
"interacts with","0.646166","Solyc04g071160.3 (interacts with) Solyc08g076860.3","1.0E-20","false","interacts with","Solyc04g071160.3 (interacts with) Solyc08g076860.3"
"interacts with","0.674441","Solyc02g037530.3 (interacts with) Solyc08g082630.3","1.0E-20","false","interacts with","Solyc02g037530.3 (interacts with) Solyc08g082630.3"
"interacts with","0.53098","Solyc04g071160.3 (interacts with) Solyc12g014140.2","1.0E-15","false","interacts with","Solyc04g071160.3 (interacts with) Solyc12g014140.2"
"interacts with","0.638449","Solyc02g037530.3 (interacts with) Solyc02g092050.3","1.0E-20","false","interacts with","Solyc02g037530.3 (interacts with) Solyc02g092050.3"
"interacts with","0.640097","Solyc01g079260.3 (interacts with) Solyc11g017470.2","1.0E-20","false","interacts with","Solyc01g079260.3 (interacts with) Solyc11g017470.2"
"interacts with","0.124847","Solyc05g015840.3 (interacts with) Solyc12g038440.1","0.1","false","interacts with","Solyc05g015840.3 (interacts with) Solyc12g038440.1"
"interacts with","0.393489","Solyc05g015840.3 (interacts with) Solyc06g076820.1","1.0E-10","false","interacts with","Solyc05g015840.3 (interacts with) Solyc06g076820.1"
"interacts with","0.479775","Solyc02g037530.3 (interacts with) Solyc02g068200.1","1.0E-15","false","interacts with","Solyc02g037530.3 (interacts with) Solyc02g068200.1"
"interacts with","0.418223","Solyc01g079260.3 (interacts with) Solyc10g055760.2","1.0E-10","false","interacts with","Solyc01g079260.3 (interacts with) Solyc10g055760.2"
"interacts with","0.464167","Solyc01g079260.3 (interacts with) Solyc12g010410.2","1.0E-15","false","interacts with","Solyc01g079260.3 (interacts with) Solyc12g010410.2"
"interacts with","0.350008","Solyc05g015840.3 (interacts with) Solyc06g082590.1","1.0E-10","false","interacts with","Solyc05g015840.3 (interacts with) Solyc06g082590.1"
"interacts with","0.594196","Solyc01g079260.3 (interacts with) Solyc06g036170.1","1.0E-20","false","interacts with","Solyc01g079260.3 (interacts with) Solyc06g036170.1"
"interacts with","0.59842","Solyc01g079260.3 (interacts with) Solyc04g078640.2","1.0E-20","false","interacts with","Solyc01g079260.3 (interacts with) Solyc04g078640.2"
"interacts with","0.524711","Solyc02g037530.3 (interacts with) Solyc11g011260.1","1.0E-15","false","interacts with","Solyc02g037530.3 (interacts with) Solyc11g011260.1"
"interacts with","0.525994","Solyc04g079940.3 (interacts with) Solyc08g076860.3","1.0E-15","false","interacts with","Solyc04g079940.3 (interacts with) Solyc08g076860.3"
"interacts with","0.437862","Solyc02g037530.3 (interacts with) Solyc08g006490.2","1.0E-15","false","interacts with","Solyc02g037530.3 (interacts with) Solyc08g006490.2"
"interacts with","0.476096","Solyc04g079940.3 (interacts with) Solyc07g055710.3","1.0E-15","false","interacts with","Solyc04g079940.3 (interacts with) Solyc07g055710.3"
"interacts with","0.807688","Solyc04g071160.3 (interacts with) Solyc12g098520.2","1.0E-25","false","interacts with","Solyc04g071160.3 (interacts with) Solyc12g098520.2"
"interacts with","0.466813","Solyc02g037530.3 (interacts with) Solyc08g077230.3","1.0E-15","false","interacts with","Solyc02g037530.3 (interacts with) Solyc08g077230.3"
"interacts with","0.22175","Solyc04g079940.3 (interacts with) Solyc10g081490.2","1.0E-5","false","interacts with","Solyc04g079940.3 (interacts with) Solyc10g081490.2"
"interacts with","0.147271","Solyc07g053680.2 (interacts with) Solyc09g083360.3","0.1","false","interacts with","Solyc07g053680.2 (interacts with) Solyc09g083360.3"
"interacts with","0.582328","Solyc04g079940.3 (interacts with) Solyc07g066220.3","1.0E-20","false","interacts with","Solyc04g079940.3 (interacts with) Solyc07g066220.3"
"interacts with","0.32832","Solyc04g071160.3 (interacts with) Solyc12g006120.2","1.0E-10","false","interacts with","Solyc04g071160.3 (interacts with) Solyc12g006120.2"
"interacts with","0.472631","Solyc04g071160.3 (interacts with) Solyc06g060740.2","1.0E-15","false","interacts with","Solyc04g071160.3 (interacts with) Solyc06g060740.2"
"interacts with","0.14663","Solyc07g053680.2 (interacts with) Solyc08g067340.3","0.1","false","interacts with","Solyc07g053680.2 (interacts with) Solyc08g067340.3"
"interacts with","0.301703","Solyc02g037530.3 (interacts with) Solyc05g009660.3","1.0E-10","false","interacts with","Solyc02g037530.3 (interacts with) Solyc05g009660.3"
"interacts with","0.628096","Solyc04g071160.3 (interacts with) Solyc06g008200.3","1.0E-20","false","interacts with","Solyc04g071160.3 (interacts with) Solyc06g008200.3"
"interacts with","0.479249","Solyc04g079940.3 (interacts with) Solyc05g052050.1","1.0E-15","false","interacts with","Solyc04g079940.3 (interacts with) Solyc05g052050.1"
"interacts with","0.280491","Solyc02g037530.3 (interacts with) Solyc04g054685.1","1.0E-5","false","interacts with","Solyc02g037530.3 (interacts with) Solyc04g054685.1"
"interacts with","0.337609","Solyc04g079940.3 (interacts with) Solyc10g079150.2","1.0E-10","false","interacts with","Solyc04g079940.3 (interacts with) Solyc10g079150.2"
"interacts with","0.519655","Solyc02g037530.3 (interacts with) Solyc03g031970.3","1.0E-15","false","interacts with","Solyc02g037530.3 (interacts with) Solyc03g031970.3"
"interacts with","0.495238","Solyc04g071160.3 (interacts with) Solyc11g065700.2","1.0E-15","false","interacts with","Solyc04g071160.3 (interacts with) Solyc11g065700.2"
"interacts with","0.374831","Solyc02g037530.3 (interacts with) Solyc12g005420.2","1.0E-10","false","interacts with","Solyc02g037530.3 (interacts with) Solyc12g005420.2"
"interacts with","0.530518","Solyc04g071160.3 (interacts with) Solyc07g043330.2","1.0E-15","false","interacts with","Solyc04g071160.3 (interacts with) Solyc07g043330.2"
"interacts with","0.394687","Solyc02g037530.3 (interacts with) Solyc05g055480.3","1.0E-10","false","interacts with","Solyc02g037530.3 (interacts with) Solyc05g055480.3"
"interacts with","0.37894","Solyc04g071160.3 (interacts with) Solyc12g005830.2","1.0E-10","false","interacts with","Solyc04g071160.3 (interacts with) Solyc12g005830.2"
"interacts with","0.512892","Solyc02g037530.3 (interacts with) Solyc02g080260.3","1.0E-15","false","interacts with","Solyc02g037530.3 (interacts with) Solyc02g080260.3"
"interacts with","0.81169","Solyc04g071160.3 (interacts with) Solyc04g078640.2","1.0E-25","false","interacts with","Solyc04g071160.3 (interacts with) Solyc04g078640.2"
"interacts with","0.766503","Solyc04g071160.3 (interacts with) Solyc06g036170.1","1.0E-25","false","interacts with","Solyc04g071160.3 (interacts with) Solyc06g036170.1"
"interacts with","0.605097","Solyc04g071160.3 (interacts with) Solyc07g066220.3","1.0E-20","false","interacts with","Solyc04g071160.3 (interacts with) Solyc07g066220.3"
"interacts with","0.596765","Solyc02g037530.3 (interacts with) Solyc10g084180.2","1.0E-20","false","interacts with","Solyc02g037530.3 (interacts with) Solyc10g084180.2"
"interacts with","0.771455","Solyc04g071160.3 (interacts with) Solyc06g061240.3","1.0E-25","false","interacts with","Solyc04g071160.3 (interacts with) Solyc06g061240.3"
"interacts with","0.578144","Solyc04g071160.3 (interacts with) Solyc08g022080.3","1.0E-20","false","interacts with","Solyc04g071160.3 (interacts with) Solyc08g022080.3"
"interacts with","0.670789","Solyc02g037530.3 (interacts with) Solyc08g078800.1","1.0E-20","false","interacts with","Solyc02g037530.3 (interacts with) Solyc08g078800.1"
"interacts with","0.54345","Solyc02g037530.3 (interacts with) Solyc11g069510.2","1.0E-15","false","interacts with","Solyc02g037530.3 (interacts with) Solyc11g069510.2"
"interacts with","0.791416","Solyc06g061240.3 (interacts with) Solyc12g098520.2","1.0E-25","false","interacts with","Solyc06g061240.3 (interacts with) Solyc12g098520.2"
"interacts with","0.455224","Solyc02g037530.3 (interacts with) Solyc04g080790.3","1.0E-15","false","interacts with","Solyc02g037530.3 (interacts with) Solyc04g080790.3"
"interacts with","0.648268","Solyc06g061240.3 (interacts with) Solyc07g066220.3","1.0E-20","false","interacts with","Solyc06g061240.3 (interacts with) Solyc07g066220.3"
"interacts with","0.372704","Solyc06g061240.3 (interacts with) Solyc06g074170.3","1.0E-10","false","interacts with","Solyc06g061240.3 (interacts with) Solyc06g074170.3"
"interacts with","0.490107","Solyc02g037530.3 (interacts with) Solyc12g099370.2","1.0E-15","false","interacts with","Solyc02g037530.3 (interacts with) Solyc12g099370.2"
"interacts with","0.630293","Solyc02g037530.3 (interacts with) Solyc03g113760.3","1.0E-20","false","interacts with","Solyc02g037530.3 (interacts with) Solyc03g113760.3"
"interacts with","0.406475","Solyc02g037530.3 (interacts with) Solyc06g053720.2","1.0E-10","false","interacts with","Solyc02g037530.3 (interacts with) Solyc06g053720.2"
"interacts with","0.335845","Solyc02g037530.3 (interacts with) Solyc11g065840.2","1.0E-10","false","interacts with","Solyc02g037530.3 (interacts with) Solyc11g065840.2"
"interacts with","0.613142","Solyc06g061240.3 (interacts with) Solyc08g076860.3","1.0E-20","false","interacts with","Solyc06g061240.3 (interacts with) Solyc08g076860.3"
"interacts with","0.683473","Solyc02g037530.3 (interacts with) Solyc07g052960.2","1.0E-20","false","interacts with","Solyc02g037530.3 (interacts with) Solyc07g052960.2"
"interacts with","0.542798","Solyc06g061240.3 (interacts with) Solyc07g043330.2","1.0E-15","false","interacts with","Solyc06g061240.3 (interacts with) Solyc07g043330.2"
"interacts with","0.208318","Solyc02g037530.3 (interacts with) Solyc08g078590.1","1.0E-5","false","interacts with","Solyc02g037530.3 (interacts with) Solyc08g078590.1"
"interacts with","0.453265","Solyc06g061240.3 (interacts with) Solyc07g055710.3","1.0E-15","false","interacts with","Solyc06g061240.3 (interacts with) Solyc07g055710.3"
"interacts with","0.391391","Solyc02g037530.3 (interacts with) Solyc02g062960.3","1.0E-10","false","interacts with","Solyc02g037530.3 (interacts with) Solyc02g062960.3"
"interacts with","0.675654","Solyc02g037530.3 (interacts with) Solyc04g074810.3","1.0E-20","false","interacts with","Solyc02g037530.3 (interacts with) Solyc04g074810.3"
"interacts with","0.668113","Solyc06g061240.3 (interacts with) Solyc09g089550.3","1.0E-20","false","interacts with","Solyc06g061240.3 (interacts with) Solyc09g089550.3"
"interacts with","0.427308","Solyc02g037530.3 (interacts with) Solyc04g008050.3","1.0E-10","false","interacts with","Solyc02g037530.3 (interacts with) Solyc04g008050.3"
"interacts with","0.649376","Solyc02g037530.3 (interacts with) Solyc08g066500.3","1.0E-20","false","interacts with","Solyc02g037530.3 (interacts with) Solyc08g066500.3"
"interacts with","0.33879","Solyc01g109880.3 (interacts with) Solyc03g118425.1","1.0E-10","false","interacts with","Solyc01g109880.3 (interacts with) Solyc03g118425.1"
"interacts with","0.658207","Solyc02g037530.3 (interacts with) Solyc06g069430.3","1.0E-20","false","interacts with","Solyc02g037530.3 (interacts with) Solyc06g069430.3"
"interacts with","0.685741","Solyc02g037530.3 (interacts with) Solyc10g079070.2","1.0E-20","false","interacts with","Solyc02g037530.3 (interacts with) Solyc10g079070.2"
"interacts with","0.503228","Solyc02g037530.3 (interacts with) Solyc05g009350.3","1.0E-15","false","interacts with","Solyc02g037530.3 (interacts with) Solyc05g009350.3"
"interacts with","0.297192","Solyc01g109880.3 (interacts with) Solyc02g065350.3","1.0E-10","false","interacts with","Solyc01g109880.3 (interacts with) Solyc02g065350.3"
"interacts with","0.653621","Solyc02g037530.3 (interacts with) Solyc04g077510.3","1.0E-20","false","interacts with","Solyc02g037530.3 (interacts with) Solyc04g077510.3"
"interacts with","0.307224","Solyc01g109880.3 (interacts with) Solyc04g071160.3","1.0E-10","false","interacts with","Solyc01g109880.3 (interacts with) Solyc04g071160.3"
"interacts with","0.616339","Solyc02g037530.3 (interacts with) Solyc03g114850.3","1.0E-20","false","interacts with","Solyc02g037530.3 (interacts with) Solyc03g114850.3"
"interacts with","0.132134","Solyc07g064000.1 (interacts with) Solyc10g083567.1","0.1","false","interacts with","Solyc07g064000.1 (interacts with) Solyc10g083567.1"
"interacts with","0.287747","Solyc01g109880.3 (interacts with) Solyc08g077230.3","1.0E-5","false","interacts with","Solyc01g109880.3 (interacts with) Solyc08g077230.3"
"interacts with","0.453547","Solyc02g037530.3 (interacts with) Solyc05g007160.3","1.0E-15","false","interacts with","Solyc02g037530.3 (interacts with) Solyc05g007160.3"
"interacts with","0.396193","Solyc02g037530.3 (interacts with) Solyc04g081020.3","1.0E-10","false","interacts with","Solyc02g037530.3 (interacts with) Solyc04g081020.3"
"interacts with","0.453703","Solyc02g037530.3 (interacts with) Solyc04g078690.3","1.0E-15","false","interacts with","Solyc02g037530.3 (interacts with) Solyc04g078690.3"
"interacts with","0.780798","Solyc02g037530.3 (interacts with) Solyc11g017470.2","1.0E-25","false","interacts with","Solyc02g037530.3 (interacts with) Solyc11g017470.2"
"interacts with","0.437182","Solyc02g037530.3 (interacts with) Solyc09g009100.3","1.0E-15","false","interacts with","Solyc02g037530.3 (interacts with) Solyc09g009100.3"
"interacts with","0.554189","Solyc02g037530.3 (interacts with) Solyc07g066220.3","1.0E-15","false","interacts with","Solyc02g037530.3 (interacts with) Solyc07g066220.3"
"interacts with","0.634628","Solyc02g037530.3 (interacts with) Solyc07g063970.3","1.0E-20","false","interacts with","Solyc02g037530.3 (interacts with) Solyc07g063970.3"
"interacts with","0.559393","Solyc02g037530.3 (interacts with) Solyc06g065190.1","1.0E-15","false","interacts with","Solyc02g037530.3 (interacts with) Solyc06g065190.1"
"interacts with","0.349998","Solyc02g037530.3 (interacts with) Solyc06g082530.2","1.0E-10","false","interacts with","Solyc02g037530.3 (interacts with) Solyc06g082530.2"
"interacts with","0.252845","Solyc02g037530.3 (interacts with) Solyc09g009250.3","1.0E-5","false","interacts with","Solyc02g037530.3 (interacts with) Solyc09g009250.3"
"interacts with","0.527487","Solyc02g037530.3 (interacts with) Solyc04g009510.3","1.0E-15","false","interacts with","Solyc02g037530.3 (interacts with) Solyc04g009510.3"
"interacts with","0.406724","Solyc02g037530.3 (interacts with) Solyc08g082210.3","1.0E-10","false","interacts with","Solyc02g037530.3 (interacts with) Solyc08g082210.3"
"interacts with","0.393099","Solyc08g082210.3 (interacts with) Solyc11g017470.2","1.0E-10","false","interacts with","Solyc08g082210.3 (interacts with) Solyc11g017470.2"
"interacts with","0.406637","Solyc08g082210.3 (interacts with) Solyc12g089240.2","1.0E-10","false","interacts with","Solyc08g082210.3 (interacts with) Solyc12g089240.2"
"interacts with","0.379773","Solyc08g082210.3 (interacts with) Solyc11g005380.2","1.0E-10","false","interacts with","Solyc08g082210.3 (interacts with) Solyc11g005380.2"
"interacts with","0.432676","Solyc02g037530.3 (interacts with) Solyc02g063010.3","1.0E-15","false","interacts with","Solyc02g037530.3 (interacts with) Solyc02g063010.3"
"interacts with","0.393744","Solyc03g093890.3 (interacts with) Solyc08g062490.3","1.0E-10","false","interacts with","Solyc03g093890.3 (interacts with) Solyc08g062490.3"
"interacts with","0.314073","Solyc03g093890.3 (interacts with) Solyc06g061240.3","1.0E-10","false","interacts with","Solyc03g093890.3 (interacts with) Solyc06g061240.3"
"interacts with","0.127211","Solyc03g093890.3 (interacts with) Solyc12g038440.1","0.1","false","interacts with","Solyc03g093890.3 (interacts with) Solyc12g038440.1"
"interacts with","0.638914","Solyc03g121400.1 (interacts with) Solyc10g080770.2","1.0E-20","false","interacts with","Solyc03g121400.1 (interacts with) Solyc10g080770.2"
"interacts with","0.649121","Solyc03g121400.1 (interacts with) Solyc11g005380.2","1.0E-20","false","interacts with","Solyc03g121400.1 (interacts with) Solyc11g005380.2"
"interacts with","0.340233","Solyc03g093890.3 (interacts with) Solyc07g055710.3","1.0E-10","false","interacts with","Solyc03g093890.3 (interacts with) Solyc07g055710.3"
"interacts with","0.625102","Solyc03g121400.1 (interacts with) Solyc12g089240.2","1.0E-20","false","interacts with","Solyc03g121400.1 (interacts with) Solyc12g089240.2"
"interacts with","0.601288","Solyc03g121400.1 (interacts with) Solyc06g036170.1","1.0E-20","false","interacts with","Solyc03g121400.1 (interacts with) Solyc06g036170.1"
"interacts with","0.564046","Solyc03g043900.1 (interacts with) Solyc09g065670.3","1.0E-15","false","interacts with","Solyc03g043900.1 (interacts with) Solyc09g065670.3"
"interacts with","0.370867","Solyc03g093890.3 (interacts with) Solyc04g009440.3","1.0E-10","false","interacts with","Solyc03g093890.3 (interacts with) Solyc04g009440.3"
"interacts with","0.289438","Solyc03g121400.1 (interacts with) Solyc10g008160.3","1.0E-5","false","interacts with","Solyc03g121400.1 (interacts with) Solyc10g008160.3"
"interacts with","0.562068","Solyc03g043900.1 (interacts with) Solyc06g069430.3","1.0E-15","false","interacts with","Solyc03g043900.1 (interacts with) Solyc06g069430.3"
"interacts with","0.56146","Solyc03g043900.1 (interacts with) Solyc04g071160.3","1.0E-15","false","interacts with","Solyc03g043900.1 (interacts with) Solyc04g071160.3"
"interacts with","0.584605","Solyc03g043900.1 (interacts with) Solyc11g017470.2","1.0E-20","false","interacts with","Solyc03g043900.1 (interacts with) Solyc11g017470.2"
"interacts with","0.586796","Solyc03g043900.1 (interacts with) Solyc04g078640.2","1.0E-20","false","interacts with","Solyc03g043900.1 (interacts with) Solyc04g078640.2"
"interacts with","0.560013","Solyc03g043900.1 (interacts with) Solyc06g036170.1","1.0E-15","false","interacts with","Solyc03g043900.1 (interacts with) Solyc06g036170.1"
"interacts with","0.149861","Solyc07g049130.1 (interacts with) Solyc10g078430.2","0.1","false","interacts with","Solyc07g049130.1 (interacts with) Solyc10g078430.2"
"interacts with","0.436984","Solyc03g043900.1 (interacts with) Solyc12g010410.2","1.0E-15","false","interacts with","Solyc03g043900.1 (interacts with) Solyc12g010410.2"
"interacts with","0.553897","Solyc03g043900.1 (interacts with) Solyc03g118190.3","1.0E-15","false","interacts with","Solyc03g043900.1 (interacts with) Solyc03g118190.3"
"interacts with","0.38669","Solyc04g081020.3 (interacts with) Solyc11g069190.2","1.0E-10","false","interacts with","Solyc04g081020.3 (interacts with) Solyc11g069190.2"
"interacts with","0.579287","Solyc03g043900.1 (interacts with) Solyc05g012020.3","1.0E-20","false","interacts with","Solyc03g043900.1 (interacts with) Solyc05g012020.3"
"interacts with","0.393608","Solyc04g081020.3 (interacts with) Solyc10g006880.3","1.0E-10","false","interacts with","Solyc04g081020.3 (interacts with) Solyc10g006880.3"
"interacts with","0.15101","Solyc07g049130.1 (interacts with) Solyc12g087830.2","1.0E-5","false","interacts with","Solyc07g049130.1 (interacts with) Solyc12g087830.2"
"interacts with","0.419432","Solyc04g081020.3 (interacts with) Solyc08g078300.3","1.0E-10","false","interacts with","Solyc04g081020.3 (interacts with) Solyc08g078300.3"
"interacts with","0.542887","Solyc03g043900.1 (interacts with) Solyc11g069190.2","1.0E-15","false","interacts with","Solyc03g043900.1 (interacts with) Solyc11g069190.2"
"interacts with","0.387521","Solyc04g081020.3 (interacts with) Solyc10g078700.2","1.0E-10","false","interacts with","Solyc04g081020.3 (interacts with) Solyc10g078700.2"
"interacts with","0.533048","Solyc03g043900.1 (interacts with) Solyc08g061140.3","1.0E-15","false","interacts with","Solyc03g043900.1 (interacts with) Solyc08g061140.3"
"interacts with","0.420807","Solyc04g081020.3 (interacts with) Solyc05g052410.2","1.0E-10","false","interacts with","Solyc04g081020.3 (interacts with) Solyc05g052410.2"
"interacts with","0.398581","Solyc04g081020.3 (interacts with) Solyc08g014030.1","1.0E-10","false","interacts with","Solyc04g081020.3 (interacts with) Solyc08g014030.1"
"interacts with","0.397938","Solyc04g081020.3 (interacts with) Solyc12g089240.2","1.0E-10","false","interacts with","Solyc04g081020.3 (interacts with) Solyc12g089240.2"
"interacts with","0.419413","Solyc04g081020.3 (interacts with) Solyc07g018010.3","1.0E-10","false","interacts with","Solyc04g081020.3 (interacts with) Solyc07g018010.3"
"interacts with","0.397481","Solyc04g081020.3 (interacts with) Solyc10g079070.2","1.0E-10","false","interacts with","Solyc04g081020.3 (interacts with) Solyc10g079070.2"
"interacts with","0.397361","Solyc04g081020.3 (interacts with) Solyc06g063070.3","1.0E-10","false","interacts with","Solyc04g081020.3 (interacts with) Solyc06g063070.3"
"interacts with","0.417192","Solyc04g081020.3 (interacts with) Solyc08g006530.3","1.0E-10","false","interacts with","Solyc04g081020.3 (interacts with) Solyc08g006530.3"
"interacts with","0.413492","Solyc03g116100.3 (interacts with) Solyc03g119740.3","1.0E-10","false","interacts with","Solyc03g116100.3 (interacts with) Solyc03g119740.3"
"interacts with","0.446084","Solyc03g116100.3 (interacts with) Solyc12g089240.2","1.0E-15","false","interacts with","Solyc03g116100.3 (interacts with) Solyc12g089240.2"
"interacts with","0.377463","Solyc02g082670.3 (interacts with) Solyc12g005830.2","1.0E-10","false","interacts with","Solyc02g082670.3 (interacts with) Solyc12g005830.2"
"interacts with","0.417062","Solyc03g116100.3 (interacts with) Solyc11g005380.2","1.0E-10","false","interacts with","Solyc03g116100.3 (interacts with) Solyc11g005380.2"
"interacts with","0.70999","Solyc02g082670.3 (interacts with) Solyc04g078640.2","1.0E-20","false","interacts with","Solyc02g082670.3 (interacts with) Solyc04g078640.2"
"interacts with","0.411892","Solyc03g116100.3 (interacts with) Solyc11g069890.2","1.0E-10","false","interacts with","Solyc03g116100.3 (interacts with) Solyc11g069890.2"
"interacts with","0.597863","Solyc02g082670.3 (interacts with) Solyc09g018460.1","1.0E-20","false","interacts with","Solyc02g082670.3 (interacts with) Solyc09g018460.1"
"interacts with","0.407355","Solyc03g116100.3 (interacts with) Solyc12g087830.2","1.0E-10","false","interacts with","Solyc03g116100.3 (interacts with) Solyc12g087830.2"
"interacts with","0.437304","Solyc02g082670.3 (interacts with) Solyc08g006490.2","1.0E-15","false","interacts with","Solyc02g082670.3 (interacts with) Solyc08g006490.2"
"interacts with","0.408239","Solyc03g116100.3 (interacts with) Solyc03g121400.1","1.0E-10","false","interacts with","Solyc03g116100.3 (interacts with) Solyc03g121400.1"
"interacts with","0.445907","Solyc02g082670.3 (interacts with) Solyc12g010410.2","1.0E-15","false","interacts with","Solyc02g082670.3 (interacts with) Solyc12g010410.2"
"interacts with","0.470499","Solyc01g008910.2 (interacts with) Solyc06g083980.2","1.0E-15","false","interacts with","Solyc01g008910.2 (interacts with) Solyc06g083980.2"
"interacts with","0.747432","Solyc02g082670.3 (interacts with) Solyc11g017470.2","1.0E-25","false","interacts with","Solyc02g082670.3 (interacts with) Solyc11g017470.2"
"interacts with","0.548855","Solyc01g008910.2 (interacts with) Solyc06g062670.3","1.0E-15","false","interacts with","Solyc01g008910.2 (interacts with) Solyc06g062670.3"
"interacts with","0.682287","Solyc02g082670.3 (interacts with) Solyc11g072470.2","1.0E-20","false","interacts with","Solyc02g082670.3 (interacts with) Solyc11g072470.2"
"interacts with","0.573578","Solyc01g008910.2 (interacts with) Solyc06g065040.3","1.0E-20","false","interacts with","Solyc01g008910.2 (interacts with) Solyc06g065040.3"
"interacts with","0.654829","Solyc02g082670.3 (interacts with) Solyc05g007770.3","1.0E-20","false","interacts with","Solyc02g082670.3 (interacts with) Solyc05g007770.3"
"interacts with","0.622122","Solyc01g008910.2 (interacts with) Solyc12g007180.2","1.0E-20","false","interacts with","Solyc01g008910.2 (interacts with) Solyc12g007180.2"
"interacts with","0.374291","Solyc02g082670.3 (interacts with) Solyc10g007350.3","1.0E-10","false","interacts with","Solyc02g082670.3 (interacts with) Solyc10g007350.3"
"interacts with","0.695023","Solyc02g082670.3 (interacts with) Solyc10g006880.3","1.0E-20","false","interacts with","Solyc02g082670.3 (interacts with) Solyc10g006880.3"
"interacts with","0.460877","Solyc01g008910.2 (interacts with) Solyc11g065700.2","1.0E-15","false","interacts with","Solyc01g008910.2 (interacts with) Solyc11g065700.2"
"interacts with","0.534945","Solyc02g082670.3 (interacts with) Solyc03g043900.1","1.0E-15","false","interacts with","Solyc02g082670.3 (interacts with) Solyc03g043900.1"
"interacts with","0.560279","Solyc01g008910.2 (interacts with) Solyc07g041640.3","1.0E-15","false","interacts with","Solyc01g008910.2 (interacts with) Solyc07g041640.3"
"interacts with","0.584517","Solyc01g008910.2 (interacts with) Solyc11g005380.2","1.0E-20","false","interacts with","Solyc01g008910.2 (interacts with) Solyc11g005380.2"
"interacts with","0.304139","Solyc01g008910.2 (interacts with) Solyc01g109880.3","1.0E-10","false","interacts with","Solyc01g008910.2 (interacts with) Solyc01g109880.3"
"interacts with","0.580889","Solyc01g008910.2 (interacts with) Solyc08g063040.3","1.0E-20","false","interacts with","Solyc01g008910.2 (interacts with) Solyc08g063040.3"
"interacts with","0.466985","Solyc02g082670.3 (interacts with) Solyc12g099140.2","1.0E-15","false","interacts with","Solyc02g082670.3 (interacts with) Solyc12g099140.2"
"interacts with","0.541025","Solyc01g008910.2 (interacts with) Solyc09g072830.3","1.0E-15","false","interacts with","Solyc01g008910.2 (interacts with) Solyc09g072830.3"
"interacts with","0.506394","Solyc01g008910.2 (interacts with) Solyc06g060740.2","1.0E-15","false","interacts with","Solyc01g008910.2 (interacts with) Solyc06g060740.2"
"interacts with","0.608652","Solyc02g082670.3 (interacts with) Solyc11g069190.2","1.0E-20","false","interacts with","Solyc02g082670.3 (interacts with) Solyc11g069190.2"
"interacts with","0.585521","Solyc01g008910.2 (interacts with) Solyc06g069430.3","1.0E-20","false","interacts with","Solyc01g008910.2 (interacts with) Solyc06g069430.3"
"interacts with","0.596352","Solyc02g082670.3 (interacts with) Solyc12g099760.2","1.0E-20","false","interacts with","Solyc02g082670.3 (interacts with) Solyc12g099760.2"
"interacts with","0.63586","Solyc01g008910.2 (interacts with) Solyc03g097120.3","1.0E-20","false","interacts with","Solyc01g008910.2 (interacts with) Solyc03g097120.3"
"interacts with","0.545333","Solyc01g008910.2 (interacts with) Solyc09g066060.2","1.0E-15","false","interacts with","Solyc01g008910.2 (interacts with) Solyc09g066060.2"
"interacts with","0.543178","Solyc01g008910.2 (interacts with) Solyc10g079050.2","1.0E-15","false","interacts with","Solyc01g008910.2 (interacts with) Solyc10g079050.2"
"interacts with","0.542297","Solyc01g008910.2 (interacts with) Solyc02g065350.3","1.0E-15","false","interacts with","Solyc01g008910.2 (interacts with) Solyc02g065350.3"
"interacts with","0.670915","Solyc02g082670.3 (interacts with) Solyc05g012020.3","1.0E-20","false","interacts with","Solyc02g082670.3 (interacts with) Solyc05g012020.3"
"interacts with","0.374965","Solyc04g056270.3 (interacts with) Solyc07g043620.3","1.0E-10","false","interacts with","Solyc04g056270.3 (interacts with) Solyc07g043620.3"
"interacts with","0.491969","Solyc01g008910.2 (interacts with) Solyc11g072150.2","1.0E-15","false","interacts with","Solyc01g008910.2 (interacts with) Solyc11g072150.2"
"interacts with","0.610265","Solyc04g056270.3 (interacts with) Solyc10g055760.2","1.0E-20","false","interacts with","Solyc04g056270.3 (interacts with) Solyc10g055760.2"
"interacts with","0.529174","Solyc01g008910.2 (interacts with) Solyc02g085340.1","1.0E-15","false","interacts with","Solyc01g008910.2 (interacts with) Solyc02g085340.1"
"interacts with","0.689097","Solyc04g056270.3 (interacts with) Solyc04g072220.3","1.0E-20","false","interacts with","Solyc04g056270.3 (interacts with) Solyc04g072220.3"
"interacts with","0.366363","Solyc04g056270.3 (interacts with) Solyc05g011810.3","1.0E-10","false","interacts with","Solyc04g056270.3 (interacts with) Solyc05g011810.3"
"interacts with","0.517575","Solyc01g008910.2 (interacts with) Solyc06g076820.1","1.0E-15","false","interacts with","Solyc01g008910.2 (interacts with) Solyc06g076820.1"
"interacts with","0.437883","Solyc04g056270.3 (interacts with) Solyc12g044410.2","1.0E-15","false","interacts with","Solyc04g056270.3 (interacts with) Solyc12g044410.2"
"interacts with","0.23276","Solyc04g056270.3 (interacts with) Solyc06g069310.3","1.0E-5","false","interacts with","Solyc04g056270.3 (interacts with) Solyc06g069310.3"
"interacts with","0.575875","Solyc01g008910.2 (interacts with) Solyc06g036170.1","1.0E-20","false","interacts with","Solyc01g008910.2 (interacts with) Solyc06g036170.1"
"interacts with","0.724643","Solyc04g056270.3 (interacts with) Solyc07g066220.3","1.0E-25","false","interacts with","Solyc04g056270.3 (interacts with) Solyc07g066220.3"
"interacts with","0.703789","Solyc04g056270.3 (interacts with) Solyc05g054170.3","1.0E-20","false","interacts with","Solyc04g056270.3 (interacts with) Solyc05g054170.3"
"interacts with","0.70162","Solyc04g056270.3 (interacts with) Solyc10g078290.2","1.0E-20","false","interacts with","Solyc04g056270.3 (interacts with) Solyc10g078290.2"
"interacts with","0.201043","Solyc04g056270.3 (interacts with) Solyc05g010517.1","1.0E-5","false","interacts with","Solyc04g056270.3 (interacts with) Solyc05g010517.1"
"interacts with","0.474575","Solyc06g083980.2 (interacts with) Solyc08g060840.1","1.0E-15","false","interacts with","Solyc06g083980.2 (interacts with) Solyc08g060840.1"
"interacts with","0.473695","Solyc06g083980.2 (interacts with) Solyc08g079100.3","1.0E-15","false","interacts with","Solyc06g083980.2 (interacts with) Solyc08g079100.3"
"interacts with","0.70162","Solyc04g056270.3 (interacts with) Solyc10g078285.1","1.0E-20","false","interacts with","Solyc04g056270.3 (interacts with) Solyc10g078285.1"
"interacts with","0.512528","Solyc06g083980.2 (interacts with) Solyc10g080770.2","1.0E-15","false","interacts with","Solyc06g083980.2 (interacts with) Solyc10g080770.2"
"interacts with","0.515022","Solyc04g056270.3 (interacts with) Solyc11g068950.2","1.0E-15","false","interacts with","Solyc04g056270.3 (interacts with) Solyc11g068950.2"
"interacts with","0.510626","Solyc06g083980.2 (interacts with) Solyc12g007180.2","1.0E-15","false","interacts with","Solyc06g083980.2 (interacts with) Solyc12g007180.2"
"interacts with","0.541866","Solyc04g056270.3 (interacts with) Solyc05g007160.3","1.0E-15","false","interacts with","Solyc04g056270.3 (interacts with) Solyc05g007160.3"
"interacts with","0.591003","Solyc04g056270.3 (interacts with) Solyc06g082010.3","1.0E-20","false","interacts with","Solyc04g056270.3 (interacts with) Solyc06g082010.3"
"interacts with","0.464379","Solyc06g083980.2 (interacts with) Solyc12g089240.2","1.0E-15","false","interacts with","Solyc06g083980.2 (interacts with) Solyc12g089240.2"
"interacts with","0.435814","Solyc04g056270.3 (interacts with) Solyc04g076360.3","1.0E-15","false","interacts with","Solyc04g056270.3 (interacts with) Solyc04g076360.3"
"interacts with","0.515326","Solyc06g083980.2 (interacts with) Solyc11g005380.2","1.0E-15","false","interacts with","Solyc06g083980.2 (interacts with) Solyc11g005380.2"
"interacts with","0.629775","Solyc04g056270.3 (interacts with) Solyc12g056790.2","1.0E-20","false","interacts with","Solyc04g056270.3 (interacts with) Solyc12g056790.2"
"interacts with","0.477625","Solyc06g083980.2 (interacts with) Solyc09g072830.3","1.0E-15","false","interacts with","Solyc06g083980.2 (interacts with) Solyc09g072830.3"
"interacts with","0.50186","Solyc01g079360.3 (interacts with) Solyc08g063040.3","1.0E-15","false","interacts with","Solyc01g079360.3 (interacts with) Solyc08g063040.3"
"interacts with","0.468323","Solyc06g083980.2 (interacts with) Solyc08g006530.3","1.0E-15","false","interacts with","Solyc06g083980.2 (interacts with) Solyc08g006530.3"
"interacts with","0.481326","Solyc01g079360.3 (interacts with) Solyc06g083170.3","1.0E-15","false","interacts with","Solyc01g079360.3 (interacts with) Solyc06g083170.3"
"interacts with","0.50743","Solyc04g056270.3 (interacts with) Solyc06g073670.3","1.0E-15","false","interacts with","Solyc04g056270.3 (interacts with) Solyc06g073670.3"
"interacts with","0.465963","Solyc01g079360.3 (interacts with) Solyc09g072830.3","1.0E-15","false","interacts with","Solyc01g079360.3 (interacts with) Solyc09g072830.3"
"interacts with","0.522934","Solyc06g062670.3 (interacts with) Solyc12g089240.2","1.0E-15","false","interacts with","Solyc06g062670.3 (interacts with) Solyc12g089240.2"
"interacts with","0.472474","Solyc01g079360.3 (interacts with) Solyc09g007260.3","1.0E-15","false","interacts with","Solyc01g079360.3 (interacts with) Solyc09g007260.3"
"interacts with","0.546531","Solyc06g062670.3 (interacts with) Solyc07g041640.3","1.0E-15","false","interacts with","Solyc06g062670.3 (interacts with) Solyc07g041640.3"
"interacts with","0.247238","Solyc01g079360.3 (interacts with) Solyc03g095980.3","1.0E-5","false","interacts with","Solyc01g079360.3 (interacts with) Solyc03g095980.3"
"interacts with","0.443632","Solyc04g056270.3 (interacts with) Solyc05g056040.3","1.0E-15","false","interacts with","Solyc04g056270.3 (interacts with) Solyc05g056040.3"
"interacts with","0.654396","Solyc01g079360.3 (interacts with) Solyc06g062670.3","1.0E-20","false","interacts with","Solyc01g079360.3 (interacts with) Solyc06g062670.3"
"interacts with","0.504825","Solyc06g062670.3 (interacts with) Solyc09g072830.3","1.0E-15","false","interacts with","Solyc06g062670.3 (interacts with) Solyc09g072830.3"
"interacts with","0.447954","Solyc01g079360.3 (interacts with) Solyc11g065700.2","1.0E-15","false","interacts with","Solyc01g079360.3 (interacts with) Solyc11g065700.2"
"interacts with","0.524472","Solyc06g062670.3 (interacts with) Solyc12g044610.2","1.0E-15","false","interacts with","Solyc06g062670.3 (interacts with) Solyc12g044610.2"
"interacts with","0.472203","Solyc01g079360.3 (interacts with) Solyc05g012020.3","1.0E-15","false","interacts with","Solyc01g079360.3 (interacts with) Solyc05g012020.3"
"interacts with","0.530155","Solyc06g062670.3 (interacts with) Solyc12g014610.2","1.0E-15","false","interacts with","Solyc06g062670.3 (interacts with) Solyc12g014610.2"
"interacts with","0.109613","Solyc02g065730.2 (interacts with) Solyc09g066045.1","0.1","false","interacts with","Solyc02g065730.2 (interacts with) Solyc09g066045.1"
"interacts with","0.463955","Solyc01g079360.3 (interacts with) Solyc01g108140.3","1.0E-15","false","interacts with","Solyc01g079360.3 (interacts with) Solyc01g108140.3"
"interacts with","0.578496","Solyc06g062670.3 (interacts with) Solyc06g065040.3","1.0E-20","false","interacts with","Solyc06g062670.3 (interacts with) Solyc06g065040.3"
"interacts with","0.482977","Solyc01g079360.3 (interacts with) Solyc08g006530.3","1.0E-15","false","interacts with","Solyc01g079360.3 (interacts with) Solyc08g006530.3"
"interacts with","0.477474","Solyc01g079360.3 (interacts with) Solyc06g069430.3","1.0E-15","false","interacts with","Solyc01g079360.3 (interacts with) Solyc06g069430.3"
"interacts with","0.508886","Solyc01g079360.3 (interacts with) Solyc08g005430.3","1.0E-15","false","interacts with","Solyc01g079360.3 (interacts with) Solyc08g005430.3"
"interacts with","0.11822","Solyc02g065730.2 (interacts with) Solyc08g077230.3","0.1","false","interacts with","Solyc02g065730.2 (interacts with) Solyc08g077230.3"
"interacts with","0.493466","Solyc01g079360.3 (interacts with) Solyc03g044300.3","1.0E-15","false","interacts with","Solyc01g079360.3 (interacts with) Solyc03g044300.3"
"interacts with","0.469327","Solyc01g079360.3 (interacts with) Solyc09g066060.2","1.0E-15","false","interacts with","Solyc01g079360.3 (interacts with) Solyc09g066060.2"
"interacts with","0.636418","Solyc06g062670.3 (interacts with) Solyc07g065500.2","1.0E-20","false","interacts with","Solyc06g062670.3 (interacts with) Solyc07g065500.2"
"interacts with","0.506234","Solyc01g079360.3 (interacts with) Solyc03g121840.3","1.0E-15","false","interacts with","Solyc01g079360.3 (interacts with) Solyc03g121840.3"
"interacts with","0.519899","Solyc01g079360.3 (interacts with) Solyc03g120890.3","1.0E-15","false","interacts with","Solyc01g079360.3 (interacts with) Solyc03g120890.3"
"interacts with","0.542777","Solyc06g062670.3 (interacts with) Solyc08g063040.3","1.0E-15","false","interacts with","Solyc06g062670.3 (interacts with) Solyc08g063040.3"
"interacts with","0.512615","Solyc06g062670.3 (interacts with) Solyc06g063070.3","1.0E-15","false","interacts with","Solyc06g062670.3 (interacts with) Solyc06g063070.3"
"interacts with","0.543682","Solyc06g062670.3 (interacts with) Solyc12g007180.2","1.0E-15","false","interacts with","Solyc06g062670.3 (interacts with) Solyc12g007180.2"
"interacts with","0.511179","Solyc06g062670.3 (interacts with) Solyc12g098370.2","1.0E-15","false","interacts with","Solyc06g062670.3 (interacts with) Solyc12g098370.2"
"interacts with","0.518746","Solyc01g108140.3 (interacts with) Solyc10g018780.2","1.0E-15","false","interacts with","Solyc01g108140.3 (interacts with) Solyc10g018780.2"
"interacts with","0.258921","Solyc06g062670.3 (interacts with) Solyc07g026680.2","1.0E-5","false","interacts with","Solyc06g062670.3 (interacts with) Solyc07g026680.2"
"interacts with","0.114716","Solyc02g065730.2 (interacts with) Solyc10g086130.2","0.1","false","interacts with","Solyc02g065730.2 (interacts with) Solyc10g086130.2"
"interacts with","0.50726","Solyc01g108140.3 (interacts with) Solyc11g072500.2","1.0E-15","false","interacts with","Solyc01g108140.3 (interacts with) Solyc11g072500.2"
"interacts with","0.528243","Solyc06g062670.3 (interacts with) Solyc07g018010.3","1.0E-15","false","interacts with","Solyc06g062670.3 (interacts with) Solyc07g018010.3"
"interacts with","0.535385","Solyc01g108140.3 (interacts with) Solyc10g078700.2","1.0E-15","false","interacts with","Solyc01g108140.3 (interacts with) Solyc10g078700.2"
"interacts with","0.508833","Solyc06g062670.3 (interacts with) Solyc10g079070.2","1.0E-15","false","interacts with","Solyc06g062670.3 (interacts with) Solyc10g079070.2"
"interacts with","0.515875","Solyc01g108140.3 (interacts with) Solyc03g121840.3","1.0E-15","false","interacts with","Solyc01g108140.3 (interacts with) Solyc03g121840.3"
"interacts with","0.535483","Solyc01g108140.3 (interacts with) Solyc09g074640.3","1.0E-15","false","interacts with","Solyc01g108140.3 (interacts with) Solyc09g074640.3"
"interacts with","0.527414","Solyc06g062670.3 (interacts with) Solyc08g006530.3","1.0E-15","false","interacts with","Solyc06g062670.3 (interacts with) Solyc08g006530.3"
"interacts with","0.503793","Solyc06g062670.3 (interacts with) Solyc08g029090.3","1.0E-15","false","interacts with","Solyc06g062670.3 (interacts with) Solyc08g029090.3"
"interacts with","0.526471","Solyc01g108140.3 (interacts with) Solyc02g092050.3","1.0E-15","false","interacts with","Solyc01g108140.3 (interacts with) Solyc02g092050.3"
"interacts with","0.506862","Solyc06g062670.3 (interacts with) Solyc08g005430.3","1.0E-15","false","interacts with","Solyc06g062670.3 (interacts with) Solyc08g005430.3"
"interacts with","0.52826","Solyc01g108140.3 (interacts with) Solyc08g066500.3","1.0E-15","false","interacts with","Solyc01g108140.3 (interacts with) Solyc08g066500.3"
"interacts with","0.115194","Solyc02g065730.2 (interacts with) Solyc09g018150.1","0.1","false","interacts with","Solyc02g065730.2 (interacts with) Solyc09g018150.1"
"interacts with","0.556207","Solyc01g108140.3 (interacts with) Solyc08g005430.3","1.0E-15","false","interacts with","Solyc01g108140.3 (interacts with) Solyc08g005430.3"
"interacts with","0.547007","Solyc01g108140.3 (interacts with) Solyc10g086640.2","1.0E-15","false","interacts with","Solyc01g108140.3 (interacts with) Solyc10g086640.2"
"interacts with","0.493614","Solyc06g062670.3 (interacts with) Solyc06g068390.1","1.0E-15","false","interacts with","Solyc06g062670.3 (interacts with) Solyc06g068390.1"
"interacts with","0.571726","Solyc06g062670.3 (interacts with) Solyc06g065440.1","1.0E-15","false","interacts with","Solyc06g062670.3 (interacts with) Solyc06g065440.1"
"interacts with","0.104805","Solyc02g065730.2 (interacts with) Solyc03g093940.2","0.1","false","interacts with","Solyc02g065730.2 (interacts with) Solyc03g093940.2"
"interacts with","0.570189","Solyc01g108140.3 (interacts with) Solyc07g018010.3","1.0E-15","false","interacts with","Solyc01g108140.3 (interacts with) Solyc07g018010.3"
"interacts with","0.522044","Solyc01g108140.3 (interacts with) Solyc10g079070.2","1.0E-15","false","interacts with","Solyc01g108140.3 (interacts with) Solyc10g079070.2"
"interacts with","0.576388","Solyc06g065040.3 (interacts with) Solyc10g005330.3","1.0E-20","false","interacts with","Solyc06g065040.3 (interacts with) Solyc10g005330.3"
"interacts with","0.515515","Solyc01g108140.3 (interacts with) Solyc06g053610.3","1.0E-15","false","interacts with","Solyc01g108140.3 (interacts with) Solyc06g053610.3"
"interacts with","0.617781","Solyc06g065040.3 (interacts with) Solyc07g041640.3","1.0E-20","false","interacts with","Solyc06g065040.3 (interacts with) Solyc07g041640.3"
"interacts with","0.514039","Solyc01g108140.3 (interacts with) Solyc12g007180.2","1.0E-15","false","interacts with","Solyc01g108140.3 (interacts with) Solyc12g007180.2"
"interacts with","0.622401","Solyc06g065040.3 (interacts with) Solyc08g063040.3","1.0E-20","false","interacts with","Solyc06g065040.3 (interacts with) Solyc08g063040.3"
"interacts with","0.584789","Solyc06g065040.3 (interacts with) Solyc09g007260.3","1.0E-20","false","interacts with","Solyc06g065040.3 (interacts with) Solyc09g007260.3"
"interacts with","0.541654","Solyc01g108140.3 (interacts with) Solyc06g049040.3","1.0E-15","false","interacts with","Solyc01g108140.3 (interacts with) Solyc06g049040.3"
"interacts with","0.504437","Solyc01g108140.3 (interacts with) Solyc06g062670.3","1.0E-15","false","interacts with","Solyc01g108140.3 (interacts with) Solyc06g062670.3"
"interacts with","0.262053","Solyc01g108140.3 (interacts with) Solyc03g095980.3","1.0E-5","false","interacts with","Solyc01g108140.3 (interacts with) Solyc03g095980.3"
"interacts with","0.645075","Solyc06g065040.3 (interacts with) Solyc06g069385.1","1.0E-20","false","interacts with","Solyc06g065040.3 (interacts with) Solyc06g069385.1"
"interacts with","0.589843","Solyc06g065040.3 (interacts with) Solyc11g069190.2","1.0E-20","false","interacts with","Solyc06g065040.3 (interacts with) Solyc11g069190.2"
"interacts with","0.514299","Solyc01g108140.3 (interacts with) Solyc04g077490.3","1.0E-15","false","interacts with","Solyc01g108140.3 (interacts with) Solyc04g077490.3"
"interacts with","0.633411","Solyc06g065040.3 (interacts with) Solyc12g007180.2","1.0E-20","false","interacts with","Solyc06g065040.3 (interacts with) Solyc12g007180.2"
"interacts with","0.564271","Solyc01g108140.3 (interacts with) Solyc02g024070.3","1.0E-15","false","interacts with","Solyc01g108140.3 (interacts with) Solyc02g024070.3"
"interacts with","0.487809","Solyc06g065040.3 (interacts with) Solyc11g065700.2","1.0E-15","false","interacts with","Solyc06g065040.3 (interacts with) Solyc11g065700.2"
"interacts with","0.542603","Solyc01g108140.3 (interacts with) Solyc05g052410.2","1.0E-15","false","interacts with","Solyc01g108140.3 (interacts with) Solyc05g052410.2"
"interacts with","0.37523","Solyc06g065040.3 (interacts with) Solyc06g074170.3","1.0E-10","false","interacts with","Solyc06g065040.3 (interacts with) Solyc06g074170.3"
"interacts with","0.55109","Solyc01g108140.3 (interacts with) Solyc03g097120.3","1.0E-15","false","interacts with","Solyc01g108140.3 (interacts with) Solyc03g097120.3"
"interacts with","0.569467","Solyc06g065040.3 (interacts with) Solyc06g076820.1","1.0E-15","false","interacts with","Solyc06g065040.3 (interacts with) Solyc06g076820.1"
"interacts with","0.523202","Solyc01g108140.3 (interacts with) Solyc11g044320.2","1.0E-15","false","interacts with","Solyc01g108140.3 (interacts with) Solyc11g044320.2"
"interacts with","0.580079","Solyc06g065040.3 (interacts with) Solyc11g044320.2","1.0E-20","false","interacts with","Solyc06g065040.3 (interacts with) Solyc11g044320.2"
"interacts with","0.510037","Solyc01g108140.3 (interacts with) Solyc08g006260.2","1.0E-15","false","interacts with","Solyc01g108140.3 (interacts with) Solyc08g006260.2"
"interacts with","0.633464","Solyc06g065040.3 (interacts with) Solyc06g069430.3","1.0E-20","false","interacts with","Solyc06g065040.3 (interacts with) Solyc06g069430.3"
"interacts with","0.55886","Solyc01g108140.3 (interacts with) Solyc06g061030.3","1.0E-15","false","interacts with","Solyc01g108140.3 (interacts with) Solyc06g061030.3"
"interacts with","0.599683","Solyc06g065040.3 (interacts with) Solyc10g006880.3","1.0E-20","false","interacts with","Solyc06g065040.3 (interacts with) Solyc10g006880.3"
"interacts with","0.609767","Solyc06g065040.3 (interacts with) Solyc06g073980.3","1.0E-20","false","interacts with","Solyc06g065040.3 (interacts with) Solyc06g073980.3"
"interacts with","0.541799","Solyc06g065040.3 (interacts with) Solyc09g074640.3","1.0E-15","false","interacts with","Solyc06g065040.3 (interacts with) Solyc09g074640.3"
"interacts with","0.560798","Solyc01g108140.3 (interacts with) Solyc02g085340.1","1.0E-15","false","interacts with","Solyc01g108140.3 (interacts with) Solyc02g085340.1"
"interacts with","0.590391","Solyc06g065040.3 (interacts with) Solyc08g079100.3","1.0E-20","false","interacts with","Solyc06g065040.3 (interacts with) Solyc08g079100.3"
"interacts with","0.140201","Solyc07g052830.3 (interacts with) Solyc12g038440.1","0.1","false","interacts with","Solyc07g052830.3 (interacts with) Solyc12g038440.1"
"interacts with","0.51775","Solyc01g108140.3 (interacts with) Solyc05g007180.3","1.0E-15","false","interacts with","Solyc01g108140.3 (interacts with) Solyc05g007180.3"
"interacts with","0.588055","Solyc06g065040.3 (interacts with) Solyc10g079050.2","1.0E-20","false","interacts with","Solyc06g065040.3 (interacts with) Solyc10g079050.2"
"interacts with","0.579525","Solyc06g065040.3 (interacts with) Solyc10g018780.2","1.0E-20","false","interacts with","Solyc06g065040.3 (interacts with) Solyc10g018780.2"
"interacts with","0.597307","Solyc06g065040.3 (interacts with) Solyc07g065500.2","1.0E-20","false","interacts with","Solyc06g065040.3 (interacts with) Solyc07g065500.2"
"interacts with","0.557385","Solyc01g108140.3 (interacts with) Solyc07g043580.3","1.0E-15","false","interacts with","Solyc01g108140.3 (interacts with) Solyc07g043580.3"
"interacts with","0.425534","Solyc12g007180.2 (interacts with) Solyc12g098620.2","1.0E-10","false","interacts with","Solyc12g007180.2 (interacts with) Solyc12g098620.2"
"interacts with","0.528142","Solyc01g108140.3 (interacts with) Solyc09g007260.3","1.0E-15","false","interacts with","Solyc01g108140.3 (interacts with) Solyc09g007260.3"
"interacts with","0.569637","Solyc01g108140.3 (interacts with) Solyc02g077920.3","1.0E-15","false","interacts with","Solyc01g108140.3 (interacts with) Solyc02g077920.3"
"interacts with","0.546647","Solyc08g006530.3 (interacts with) Solyc11g069890.2","1.0E-15","false","interacts with","Solyc08g006530.3 (interacts with) Solyc11g069890.2"
"interacts with","0.68938","Solyc08g006530.3 (interacts with) Solyc10g005330.3","1.0E-20","false","interacts with","Solyc08g006530.3 (interacts with) Solyc10g005330.3"
"interacts with","0.550791","Solyc08g006530.3 (interacts with) Solyc09g072830.3","1.0E-15","false","interacts with","Solyc08g006530.3 (interacts with) Solyc09g072830.3"
"interacts with","0.618237","Solyc08g006530.3 (interacts with) Solyc08g063040.3","1.0E-20","false","interacts with","Solyc08g006530.3 (interacts with) Solyc08g063040.3"
"interacts with","0.502584","Solyc08g006530.3 (interacts with) Solyc11g013150.1","1.0E-15","false","interacts with","Solyc08g006530.3 (interacts with) Solyc11g013150.1"
"interacts with","0.326247","Solyc08g006530.3 (interacts with) Solyc11g065840.2","1.0E-10","false","interacts with","Solyc08g006530.3 (interacts with) Solyc11g065840.2"
"interacts with","0.633286","Solyc08g006530.3 (interacts with) Solyc11g069190.2","1.0E-20","false","interacts with","Solyc08g006530.3 (interacts with) Solyc11g069190.2"
"interacts with","0.255322","Solyc08g006530.3 (interacts with) Solyc09g009250.3","1.0E-5","false","interacts with","Solyc08g006530.3 (interacts with) Solyc09g009250.3"
"interacts with","0.462945","Solyc11g065700.2 (interacts with) Solyc12g098520.2","1.0E-15","false","interacts with","Solyc11g065700.2 (interacts with) Solyc12g098520.2"
"interacts with","0.285287","Solyc08g006530.3 (interacts with) Solyc10g007970.2","1.0E-5","false","interacts with","Solyc08g006530.3 (interacts with) Solyc10g007970.2"
"interacts with","0.275259","Solyc11g065700.2 (interacts with) Solyc12g088130.2","1.0E-5","false","interacts with","Solyc11g065700.2 (interacts with) Solyc12g088130.2"
"interacts with","0.639315","Solyc08g006530.3 (interacts with) Solyc10g084340.2","1.0E-20","false","interacts with","Solyc08g006530.3 (interacts with) Solyc10g084340.2"
"interacts with","0.578267","Solyc07g041640.3 (interacts with) Solyc07g055100.3","1.0E-20","false","interacts with","Solyc07g041640.3 (interacts with) Solyc07g055100.3"
"interacts with","0.582457","Solyc08g006530.3 (interacts with) Solyc08g014030.1","1.0E-20","false","interacts with","Solyc08g006530.3 (interacts with) Solyc08g014030.1"
"interacts with","0.499822","Solyc07g041640.3 (interacts with) Solyc11g013150.1","1.0E-15","false","interacts with","Solyc07g041640.3 (interacts with) Solyc11g013150.1"
"interacts with","0.508084","Solyc08g006530.3 (interacts with) Solyc11g072150.2","1.0E-15","false","interacts with","Solyc08g006530.3 (interacts with) Solyc11g072150.2"
"interacts with","0.570388","Solyc07g041640.3 (interacts with) Solyc11g072470.2","1.0E-15","false","interacts with","Solyc07g041640.3 (interacts with) Solyc11g072470.2"
"interacts with","0.717168","Solyc08g006530.3 (interacts with) Solyc10g079070.2","1.0E-25","false","interacts with","Solyc08g006530.3 (interacts with) Solyc10g079070.2"
"interacts with","0.418263","Solyc07g041640.3 (interacts with) Solyc10g081320.1","1.0E-10","false","interacts with","Solyc07g041640.3 (interacts with) Solyc10g081320.1"
"interacts with","0.291805","Solyc08g006530.3 (interacts with) Solyc10g008160.3","1.0E-10","false","interacts with","Solyc08g006530.3 (interacts with) Solyc10g008160.3"
"interacts with","0.409416","Solyc07g041640.3 (interacts with) Solyc12g098620.2","1.0E-10","false","interacts with","Solyc07g041640.3 (interacts with) Solyc12g098620.2"
"interacts with","0.64608","Solyc08g006530.3 (interacts with) Solyc12g096500.2","1.0E-20","false","interacts with","Solyc08g006530.3 (interacts with) Solyc12g096500.2"
"interacts with","0.590864","Solyc07g041640.3 (interacts with) Solyc08g063040.3","1.0E-20","false","interacts with","Solyc07g041640.3 (interacts with) Solyc08g063040.3"
"interacts with","0.545998","Solyc07g041640.3 (interacts with) Solyc08g014030.1","1.0E-15","false","interacts with","Solyc07g041640.3 (interacts with) Solyc08g014030.1"
"interacts with","0.274842","Solyc08g006530.3 (interacts with) Solyc10g083567.1","1.0E-5","false","interacts with","Solyc08g006530.3 (interacts with) Solyc10g083567.1"
"interacts with","0.632352","Solyc07g041640.3 (interacts with) Solyc10g018780.2","1.0E-20","false","interacts with","Solyc07g041640.3 (interacts with) Solyc10g018780.2"
"interacts with","0.444737","Solyc08g006530.3 (interacts with) Solyc10g081320.1","1.0E-15","false","interacts with","Solyc08g006530.3 (interacts with) Solyc10g081320.1"
"interacts with","0.629157","Solyc07g041640.3 (interacts with) Solyc08g079100.3","1.0E-20","false","interacts with","Solyc07g041640.3 (interacts with) Solyc08g079100.3"
"interacts with","0.603208","Solyc08g006530.3 (interacts with) Solyc11g044320.2","1.0E-20","false","interacts with","Solyc08g006530.3 (interacts with) Solyc11g044320.2"
"interacts with","0.696851","Solyc08g006530.3 (interacts with) Solyc10g006880.3","1.0E-20","false","interacts with","Solyc08g006530.3 (interacts with) Solyc10g006880.3"
"interacts with","0.701371","Solyc10g080770.2 (interacts with) Solyc12g099760.2","1.0E-20","false","interacts with","Solyc10g080770.2 (interacts with) Solyc12g099760.2"
"interacts with","0.618875","Solyc07g041640.3 (interacts with) Solyc10g079050.2","1.0E-20","false","interacts with","Solyc07g041640.3 (interacts with) Solyc10g079050.2"
"interacts with","0.629088","Solyc08g006530.3 (interacts with) Solyc10g079050.2","1.0E-20","false","interacts with","Solyc08g006530.3 (interacts with) Solyc10g079050.2"
"interacts with","0.808703","Solyc10g080770.2 (interacts with) Solyc11g005380.2","1.0E-25","false","interacts with","Solyc10g080770.2 (interacts with) Solyc11g005380.2"
"interacts with","0.631135","Solyc07g041640.3 (interacts with) Solyc10g006880.3","1.0E-20","false","interacts with","Solyc07g041640.3 (interacts with) Solyc10g006880.3"
"interacts with","0.574611","Solyc08g006530.3 (interacts with) Solyc11g072500.2","1.0E-20","false","interacts with","Solyc08g006530.3 (interacts with) Solyc11g072500.2"
"interacts with","0.381201","Solyc10g080770.2 (interacts with) Solyc12g005830.2","1.0E-10","false","interacts with","Solyc10g080770.2 (interacts with) Solyc12g005830.2"
"interacts with","0.632267","Solyc07g041640.3 (interacts with) Solyc11g069190.2","1.0E-20","false","interacts with","Solyc07g041640.3 (interacts with) Solyc11g069190.2"
"interacts with","0.462162","Solyc10g080770.2 (interacts with) Solyc12g087830.2","1.0E-15","false","interacts with","Solyc10g080770.2 (interacts with) Solyc12g087830.2"
"interacts with","0.380274","Solyc11g005380.2 (interacts with) Solyc12g005830.2","1.0E-10","false","interacts with","Solyc11g005380.2 (interacts with) Solyc12g005830.2"
"interacts with","0.563767","Solyc08g006530.3 (interacts with) Solyc10g078430.2","1.0E-15","false","interacts with","Solyc08g006530.3 (interacts with) Solyc10g078430.2"
"interacts with","0.805125","Solyc11g005380.2 (interacts with) Solyc12g089240.2","1.0E-25","false","interacts with","Solyc11g005380.2 (interacts with) Solyc12g089240.2"
"interacts with","0.583256","Solyc08g005430.3 (interacts with) Solyc08g080150.1","1.0E-20","false","interacts with","Solyc08g005430.3 (interacts with) Solyc08g080150.1"
"interacts with","0.240267","Solyc08g005430.3 (interacts with) Solyc09g015110.2","1.0E-5","false","interacts with","Solyc08g005430.3 (interacts with) Solyc09g015110.2"
"interacts with","0.477708","Solyc11g005380.2 (interacts with) Solyc11g072150.2","1.0E-15","false","interacts with","Solyc11g005380.2 (interacts with) Solyc11g072150.2"
"interacts with","0.631332","Solyc08g005430.3 (interacts with) Solyc10g079070.2","1.0E-20","false","interacts with","Solyc08g005430.3 (interacts with) Solyc10g079070.2"
"interacts with","0.573607","Solyc01g108047.1 (interacts with) Solyc07g066220.3","1.0E-20","false","interacts with","Solyc01g108047.1 (interacts with) Solyc07g066220.3"
"interacts with","0.562965","Solyc01g108047.1 (interacts with) Solyc05g009350.3","1.0E-15","false","interacts with","Solyc01g108047.1 (interacts with) Solyc05g009350.3"
"interacts with","0.632904","Solyc08g005430.3 (interacts with) Solyc12g096500.2","1.0E-20","false","interacts with","Solyc08g005430.3 (interacts with) Solyc12g096500.2"
"interacts with","0.664318","Solyc11g005380.2 (interacts with) Solyc12g099760.2","1.0E-20","false","interacts with","Solyc11g005380.2 (interacts with) Solyc12g099760.2"
"interacts with","0.34681","Solyc08g005430.3 (interacts with) Solyc10g054010.1","1.0E-10","false","interacts with","Solyc08g005430.3 (interacts with) Solyc10g054010.1"
"interacts with","0.565025","Solyc08g063040.3 (interacts with) Solyc10g078430.2","1.0E-15","false","interacts with","Solyc08g063040.3 (interacts with) Solyc10g078430.2"
"interacts with","0.602693","Solyc08g005430.3 (interacts with) Solyc08g006530.3","1.0E-20","false","interacts with","Solyc08g005430.3 (interacts with) Solyc08g006530.3"
"interacts with","0.56264","Solyc01g108047.1 (interacts with) Solyc04g056270.3","1.0E-15","false","interacts with","Solyc01g108047.1 (interacts with) Solyc04g056270.3"
"interacts with","0.597366","Solyc08g005430.3 (interacts with) Solyc08g006260.2","1.0E-20","false","interacts with","Solyc08g005430.3 (interacts with) Solyc08g006260.2"
"interacts with","0.617798","Solyc08g063040.3 (interacts with) Solyc12g007180.2","1.0E-20","false","interacts with","Solyc08g063040.3 (interacts with) Solyc12g007180.2"
"interacts with","0.650424","Solyc08g005430.3 (interacts with) Solyc08g082630.3","1.0E-20","false","interacts with","Solyc08g005430.3 (interacts with) Solyc08g082630.3"
"interacts with","0.609789","Solyc08g063040.3 (interacts with) Solyc10g079050.2","1.0E-20","false","interacts with","Solyc08g063040.3 (interacts with) Solyc10g079050.2"
"interacts with","0.65856","Solyc08g005430.3 (interacts with) Solyc08g066500.3","1.0E-20","false","interacts with","Solyc08g005430.3 (interacts with) Solyc08g066500.3"
"interacts with","0.578244","Solyc01g108047.1 (interacts with) Solyc08g060840.1","1.0E-20","false","interacts with","Solyc01g108047.1 (interacts with) Solyc08g060840.1"
"interacts with","0.506183","Solyc08g063040.3 (interacts with) Solyc08g078300.3","1.0E-15","false","interacts with","Solyc08g063040.3 (interacts with) Solyc08g078300.3"
"interacts with","0.612821","Solyc08g063040.3 (interacts with) Solyc10g006880.3","1.0E-20","false","interacts with","Solyc08g063040.3 (interacts with) Solyc10g006880.3"
"interacts with","0.500944","Solyc08g005430.3 (interacts with) Solyc11g010710.2","1.0E-15","false","interacts with","Solyc08g005430.3 (interacts with) Solyc11g010710.2"
"interacts with","0.63766","Solyc08g063040.3 (interacts with) Solyc11g044320.2","1.0E-20","false","interacts with","Solyc08g063040.3 (interacts with) Solyc11g044320.2"
"interacts with","0.622835","Solyc08g005430.3 (interacts with) Solyc09g007260.3","1.0E-20","false","interacts with","Solyc08g005430.3 (interacts with) Solyc09g007260.3"
"interacts with","0.595988","Solyc08g063040.3 (interacts with) Solyc09g072830.3","1.0E-20","false","interacts with","Solyc08g063040.3 (interacts with) Solyc09g072830.3"
"interacts with","0.466814","Solyc08g063040.3 (interacts with) Solyc11g072150.2","1.0E-15","false","interacts with","Solyc08g063040.3 (interacts with) Solyc11g072150.2"
"interacts with","0.271183","Solyc08g005430.3 (interacts with) Solyc08g005870.2","1.0E-5","false","interacts with","Solyc08g005430.3 (interacts with) Solyc08g005870.2"
"interacts with","0.507368","Solyc09g072830.3 (interacts with) Solyc11g010710.2","1.0E-15","false","interacts with","Solyc09g072830.3 (interacts with) Solyc11g010710.2"
"interacts with","0.560156","Solyc01g108047.1 (interacts with) Solyc09g089550.3","1.0E-15","false","interacts with","Solyc01g108047.1 (interacts with) Solyc09g089550.3"
"interacts with","0.586776","Solyc08g005430.3 (interacts with) Solyc12g098370.2","1.0E-20","false","interacts with","Solyc08g005430.3 (interacts with) Solyc12g098370.2"
"interacts with","0.482909","Solyc01g108047.1 (interacts with) Solyc07g063420.3","1.0E-15","false","interacts with","Solyc01g108047.1 (interacts with) Solyc07g063420.3"
"interacts with","0.600377","Solyc09g072830.3 (interacts with) Solyc12g007180.2","1.0E-20","false","interacts with","Solyc09g072830.3 (interacts with) Solyc12g007180.2"
"interacts with","0.532975","Solyc03g044300.3 (interacts with) Solyc06g065440.1","1.0E-15","false","interacts with","Solyc03g044300.3 (interacts with) Solyc06g065440.1"
"interacts with","0.531819","Solyc09g072830.3 (interacts with) Solyc12g096500.2","1.0E-15","false","interacts with","Solyc09g072830.3 (interacts with) Solyc12g096500.2"
"interacts with","0.517939","Solyc03g044300.3 (interacts with) Solyc11g072500.2","1.0E-15","false","interacts with","Solyc03g044300.3 (interacts with) Solyc11g072500.2"
"interacts with","0.614314","Solyc03g044300.3 (interacts with) Solyc03g121840.3","1.0E-20","false","interacts with","Solyc03g044300.3 (interacts with) Solyc03g121840.3"
"interacts with","0.299583","Solyc06g060740.2 (interacts with) Solyc10g008160.3","1.0E-10","false","interacts with","Solyc06g060740.2 (interacts with) Solyc10g008160.3"
"interacts with","0.535664","Solyc03g044300.3 (interacts with) Solyc06g068390.1","1.0E-15","false","interacts with","Solyc03g044300.3 (interacts with) Solyc06g068390.1"
"interacts with","0.342764","Solyc06g060740.2 (interacts with) Solyc06g074170.3","1.0E-10","false","interacts with","Solyc06g060740.2 (interacts with) Solyc06g074170.3"
"interacts with","0.311076","Solyc03g044300.3 (interacts with) Solyc05g051380.3","1.0E-10","false","interacts with","Solyc03g044300.3 (interacts with) Solyc05g051380.3"
"interacts with","0.502295","Solyc06g060740.2 (interacts with) Solyc07g041640.3","1.0E-15","false","interacts with","Solyc06g060740.2 (interacts with) Solyc07g041640.3"
"interacts with","0.689507","Solyc03g044300.3 (interacts with) Solyc10g006880.3","1.0E-20","false","interacts with","Solyc03g044300.3 (interacts with) Solyc10g006880.3"
"interacts with","0.476831","Solyc06g060740.2 (interacts with) Solyc11g005380.2","1.0E-15","false","interacts with","Solyc06g060740.2 (interacts with) Solyc11g005380.2"
"interacts with","0.146309","Solyc04g009435.1 (interacts with) Solyc07g053680.2","0.1","false","interacts with","Solyc04g009435.1 (interacts with) Solyc07g053680.2"
"interacts with","0.581145","Solyc03g044300.3 (interacts with) Solyc08g005430.3","1.0E-20","false","interacts with","Solyc03g044300.3 (interacts with) Solyc08g005430.3"
"interacts with","0.497055","Solyc06g060740.2 (interacts with) Solyc08g068320.3","1.0E-15","false","interacts with","Solyc06g060740.2 (interacts with) Solyc08g068320.3"
"interacts with","0.480636","Solyc03g044300.3 (interacts with) Solyc03g119540.3","1.0E-15","false","interacts with","Solyc03g044300.3 (interacts with) Solyc03g119540.3"
"interacts with","0.490185","Solyc04g009435.1 (interacts with) Solyc07g055710.3","1.0E-15","false","interacts with","Solyc04g009435.1 (interacts with) Solyc07g055710.3"
"interacts with","0.550518","Solyc03g044300.3 (interacts with) Solyc07g042260.3","1.0E-15","false","interacts with","Solyc03g044300.3 (interacts with) Solyc07g042260.3"
"interacts with","0.511786","Solyc06g060740.2 (interacts with) Solyc06g065040.3","1.0E-15","false","interacts with","Solyc06g060740.2 (interacts with) Solyc06g065040.3"
"interacts with","0.485025","Solyc04g009435.1 (interacts with) Solyc04g056270.3","1.0E-15","false","interacts with","Solyc04g009435.1 (interacts with) Solyc04g056270.3"
"interacts with","0.639851","Solyc04g009435.1 (interacts with) Solyc04g009440.3","1.0E-20","false","interacts with","Solyc04g009435.1 (interacts with) Solyc04g009440.3"
"interacts with","0.540578","Solyc03g044300.3 (interacts with) Solyc12g096500.2","1.0E-15","false","interacts with","Solyc03g044300.3 (interacts with) Solyc12g096500.2"
"interacts with","0.497063","Solyc04g009435.1 (interacts with) Solyc06g082010.3","1.0E-15","false","interacts with","Solyc04g009435.1 (interacts with) Solyc06g082010.3"
"interacts with","0.392715","Solyc03g044300.3 (interacts with) Solyc08g078340.3","1.0E-10","false","interacts with","Solyc03g044300.3 (interacts with) Solyc08g078340.3"
"interacts with","0.482637","Solyc06g060740.2 (interacts with) Solyc06g062670.3","1.0E-15","false","interacts with","Solyc06g060740.2 (interacts with) Solyc06g062670.3"
"interacts with","0.637271","Solyc03g044300.3 (interacts with) Solyc11g017470.2","1.0E-20","false","interacts with","Solyc03g044300.3 (interacts with) Solyc11g017470.2"
"interacts with","0.530531","Solyc06g060740.2 (interacts with) Solyc08g029090.3","1.0E-15","false","interacts with","Solyc06g060740.2 (interacts with) Solyc08g029090.3"
"interacts with","0.42558","Solyc03g044300.3 (interacts with) Solyc08g077110.3","1.0E-10","false","interacts with","Solyc03g044300.3 (interacts with) Solyc08g077110.3"
"interacts with","0.474598","Solyc06g060740.2 (interacts with) Solyc06g076270.3","1.0E-15","false","interacts with","Solyc06g060740.2 (interacts with) Solyc06g076270.3"
"interacts with","0.322898","Solyc04g009435.1 (interacts with) Solyc09g083360.3","1.0E-10","false","interacts with","Solyc04g009435.1 (interacts with) Solyc09g083360.3"
"interacts with","0.557233","Solyc03g044300.3 (interacts with) Solyc06g076820.1","1.0E-15","false","interacts with","Solyc03g044300.3 (interacts with) Solyc06g076820.1"
"interacts with","0.49806","Solyc06g060740.2 (interacts with) Solyc06g069430.3","1.0E-15","false","interacts with","Solyc06g060740.2 (interacts with) Solyc06g069430.3"
"interacts with","0.512874","Solyc03g044300.3 (interacts with) Solyc06g065190.1","1.0E-15","false","interacts with","Solyc03g044300.3 (interacts with) Solyc06g065190.1"
"interacts with","0.486331","Solyc03g044300.3 (interacts with) Solyc06g072040.1","1.0E-15","false","interacts with","Solyc03g044300.3 (interacts with) Solyc06g072040.1"
"interacts with","0.525274","Solyc09g066060.2 (interacts with) Solyc12g007180.2","1.0E-15","false","interacts with","Solyc09g066060.2 (interacts with) Solyc12g007180.2"
"interacts with","0.259917","Solyc03g044300.3 (interacts with) Solyc07g026680.2","1.0E-5","false","interacts with","Solyc03g044300.3 (interacts with) Solyc07g026680.2"
"interacts with","0.499052","Solyc03g044300.3 (interacts with) Solyc11g065700.2","1.0E-15","false","interacts with","Solyc03g044300.3 (interacts with) Solyc11g065700.2"
"interacts with","0.453244","Solyc04g009435.1 (interacts with) Solyc08g067340.3","1.0E-15","false","interacts with","Solyc04g009435.1 (interacts with) Solyc08g067340.3"
"interacts with","0.517246","Solyc03g044300.3 (interacts with) Solyc08g078300.3","1.0E-15","false","interacts with","Solyc03g044300.3 (interacts with) Solyc08g078300.3"
"interacts with","0.565821","Solyc03g044300.3 (interacts with) Solyc05g053240.3","1.0E-15","false","interacts with","Solyc03g044300.3 (interacts with) Solyc05g053240.3"
"interacts with","0.546818","Solyc03g044300.3 (interacts with) Solyc07g005400.3","1.0E-15","false","interacts with","Solyc03g044300.3 (interacts with) Solyc07g005400.3"
"interacts with","0.482891","Solyc03g044300.3 (interacts with) Solyc04g009510.3","1.0E-15","false","interacts with","Solyc03g044300.3 (interacts with) Solyc04g009510.3"
"interacts with","0.516436","Solyc03g044300.3 (interacts with) Solyc06g062670.3","1.0E-15","false","interacts with","Solyc03g044300.3 (interacts with) Solyc06g062670.3"
"interacts with","0.271882","Solyc03g044300.3 (interacts with) Solyc03g095980.3","1.0E-5","false","interacts with","Solyc03g044300.3 (interacts with) Solyc03g095980.3"
"interacts with","0.541731","Solyc12g014140.2 (interacts with) Solyc12g098370.2","1.0E-15","false","interacts with","Solyc12g014140.2 (interacts with) Solyc12g098370.2"
"interacts with","0.700432","Solyc03g044300.3 (interacts with) Solyc07g052960.2","1.0E-20","false","interacts with","Solyc03g044300.3 (interacts with) Solyc07g052960.2"
"interacts with","0.489229","Solyc03g044300.3 (interacts with) Solyc11g013150.1","1.0E-15","false","interacts with","Solyc03g044300.3 (interacts with) Solyc11g013150.1"
"interacts with","0.616938","Solyc03g026070.3 (interacts with) Solyc10g005330.3","1.0E-20","false","interacts with","Solyc03g026070.3 (interacts with) Solyc10g005330.3"
"interacts with","0.56074","Solyc03g026070.3 (interacts with) Solyc12g014140.2","1.0E-15","false","interacts with","Solyc03g026070.3 (interacts with) Solyc12g014140.2"
"interacts with","0.569201","Solyc03g044300.3 (interacts with) Solyc08g063040.3","1.0E-15","false","interacts with","Solyc03g044300.3 (interacts with) Solyc08g063040.3"
"interacts with","0.601146","Solyc03g026070.3 (interacts with) Solyc08g068320.3","1.0E-20","false","interacts with","Solyc03g026070.3 (interacts with) Solyc08g068320.3"
"interacts with","0.565041","Solyc03g026070.3 (interacts with) Solyc06g069430.3","1.0E-15","false","interacts with","Solyc03g026070.3 (interacts with) Solyc06g069430.3"
"interacts with","0.291046","Solyc03g026070.3 (interacts with) Solyc05g009660.3","1.0E-10","false","interacts with","Solyc03g026070.3 (interacts with) Solyc05g009660.3"
"interacts with","0.144321","Solyc03g026070.3 (interacts with) Solyc07g009580.1","0.1","false","interacts with","Solyc03g026070.3 (interacts with) Solyc07g009580.1"
"interacts with","0.590424","Solyc03g026070.3 (interacts with) Solyc08g079100.3","1.0E-20","false","interacts with","Solyc03g026070.3 (interacts with) Solyc08g079100.3"
"interacts with","0.586043","Solyc03g026070.3 (interacts with) Solyc06g073980.3","1.0E-20","false","interacts with","Solyc03g026070.3 (interacts with) Solyc06g073980.3"
"interacts with","0.322321","Solyc04g080790.3 (interacts with) Solyc10g079150.2","1.0E-10","false","interacts with","Solyc04g080790.3 (interacts with) Solyc10g079150.2"
"interacts with","0.461149","Solyc04g080790.3 (interacts with) Solyc08g066500.3","1.0E-15","false","interacts with","Solyc04g080790.3 (interacts with) Solyc08g066500.3"
"interacts with","0.492749","Solyc02g065350.3 (interacts with) Solyc11g013150.1","1.0E-15","false","interacts with","Solyc02g065350.3 (interacts with) Solyc11g013150.1"
"interacts with","0.406861","Solyc04g080790.3 (interacts with) Solyc08g082890.3","1.0E-10","false","interacts with","Solyc04g080790.3 (interacts with) Solyc08g082890.3"
"interacts with","0.147874","Solyc01g098065.1 (interacts with) Solyc04g076530.3","0.1","false","interacts with","Solyc01g098065.1 (interacts with) Solyc04g076530.3"
"interacts with","0.101612","Solyc01g098065.1 (interacts with) Solyc05g017897.1","0.1","false","interacts with","Solyc01g098065.1 (interacts with) Solyc05g017897.1"
"interacts with","0.532979","Solyc02g065350.3 (interacts with) Solyc05g056120.3","1.0E-15","false","interacts with","Solyc02g065350.3 (interacts with) Solyc05g056120.3"
"interacts with","0.608333","Solyc02g065350.3 (interacts with) Solyc06g062670.3","1.0E-20","false","interacts with","Solyc02g065350.3 (interacts with) Solyc06g062670.3"
"interacts with","0.610386","Solyc02g065350.3 (interacts with) Solyc06g049040.3","1.0E-20","false","interacts with","Solyc02g065350.3 (interacts with) Solyc06g049040.3"
"interacts with","0.226652","Solyc04g080790.3 (interacts with) Solyc12g049320.2","1.0E-5","false","interacts with","Solyc04g080790.3 (interacts with) Solyc12g049320.2"
"interacts with","0.55252","Solyc02g065350.3 (interacts with) Solyc08g078300.3","1.0E-15","false","interacts with","Solyc02g065350.3 (interacts with) Solyc08g078300.3"
"interacts with","0.241184","Solyc04g080790.3 (interacts with) Solyc09g009250.3","1.0E-5","false","interacts with","Solyc04g080790.3 (interacts with) Solyc09g009250.3"
"interacts with","0.582369","Solyc02g065350.3 (interacts with) Solyc08g014030.1","1.0E-20","false","interacts with","Solyc02g065350.3 (interacts with) Solyc08g014030.1"
"interacts with","0.147085","Solyc01g098065.1 (interacts with) Solyc02g081120.3","0.1","false","interacts with","Solyc01g098065.1 (interacts with) Solyc02g081120.3"
"interacts with","0.473177","Solyc04g080790.3 (interacts with) Solyc07g062680.2","1.0E-15","false","interacts with","Solyc04g080790.3 (interacts with) Solyc07g062680.2"
"interacts with","0.559655","Solyc02g065350.3 (interacts with) Solyc03g120620.3","1.0E-15","false","interacts with","Solyc02g065350.3 (interacts with) Solyc03g120620.3"
"interacts with","0.636441","Solyc02g065350.3 (interacts with) Solyc06g069430.3","1.0E-20","false","interacts with","Solyc02g065350.3 (interacts with) Solyc06g069430.3"
"interacts with","0.650349","Solyc02g065350.3 (interacts with) Solyc03g121840.3","1.0E-20","false","interacts with","Solyc02g065350.3 (interacts with) Solyc03g121840.3"
"interacts with","0.135889","Solyc01g098065.1 (interacts with) Solyc12g044610.2","0.1","false","interacts with","Solyc01g098065.1 (interacts with) Solyc12g044610.2"
"interacts with","0.597989","Solyc02g065350.3 (interacts with) Solyc08g068320.3","1.0E-20","false","interacts with","Solyc02g065350.3 (interacts with) Solyc08g068320.3"
"interacts with","0.144323","Solyc01g098065.1 (interacts with) Solyc10g055760.2","0.1","false","interacts with","Solyc01g098065.1 (interacts with) Solyc10g055760.2"
"interacts with","0.626797","Solyc02g065350.3 (interacts with) Solyc11g069190.2","1.0E-20","false","interacts with","Solyc02g065350.3 (interacts with) Solyc11g069190.2"
"interacts with","0.565477","Solyc02g065350.3 (interacts with) Solyc02g087840.3","1.0E-15","false","interacts with","Solyc02g065350.3 (interacts with) Solyc02g087840.3"
"interacts with","0.363588","Solyc06g075510.3 (interacts with) Solyc10g054010.1","1.0E-10","false","interacts with","Solyc06g075510.3 (interacts with) Solyc10g054010.1"
"interacts with","0.671928","Solyc02g065350.3 (interacts with) Solyc06g065040.3","1.0E-20","false","interacts with","Solyc02g065350.3 (interacts with) Solyc06g065040.3"
"interacts with","0.207062","Solyc06g075510.3 (interacts with) Solyc08g078590.1","1.0E-5","false","interacts with","Solyc06g075510.3 (interacts with) Solyc08g078590.1"
"interacts with","0.656172","Solyc02g065350.3 (interacts with) Solyc02g093150.3","1.0E-20","false","interacts with","Solyc02g065350.3 (interacts with) Solyc02g093150.3"
"interacts with","0.61936","Solyc06g075510.3 (interacts with) Solyc11g005380.2","1.0E-20","false","interacts with","Solyc06g075510.3 (interacts with) Solyc11g005380.2"
"interacts with","0.335351","Solyc02g065350.3 (interacts with) Solyc06g082530.2","1.0E-10","false","interacts with","Solyc02g065350.3 (interacts with) Solyc06g082530.2"
"interacts with","0.69213","Solyc06g075510.3 (interacts with) Solyc06g083170.3","1.0E-20","false","interacts with","Solyc06g075510.3 (interacts with) Solyc06g083170.3"
"interacts with","0.543946","Solyc02g065350.3 (interacts with) Solyc05g053240.3","1.0E-15","false","interacts with","Solyc02g065350.3 (interacts with) Solyc05g053240.3"
"interacts with","0.631058","Solyc06g075510.3 (interacts with) Solyc09g007260.3","1.0E-20","false","interacts with","Solyc06g075510.3 (interacts with) Solyc09g007260.3"
"interacts with","0.59665","Solyc02g065350.3 (interacts with) Solyc02g085340.1","1.0E-20","false","interacts with","Solyc02g065350.3 (interacts with) Solyc02g085340.1"
"interacts with","0.591333","Solyc02g065350.3 (interacts with) Solyc03g119740.3","1.0E-20","false","interacts with","Solyc02g065350.3 (interacts with) Solyc03g119740.3"
"interacts with","0.607469","Solyc06g075510.3 (interacts with) Solyc10g078700.2","1.0E-20","false","interacts with","Solyc06g075510.3 (interacts with) Solyc10g078700.2"
"interacts with","0.610106","Solyc02g065350.3 (interacts with) Solyc06g036170.1","1.0E-20","false","interacts with","Solyc02g065350.3 (interacts with) Solyc06g036170.1"
"interacts with","0.377556","Solyc06g075510.3 (interacts with) Solyc08g079120.2","1.0E-10","false","interacts with","Solyc06g075510.3 (interacts with) Solyc08g079120.2"
"interacts with","0.255178","Solyc06g074170.3 (interacts with) Solyc12g088130.2","1.0E-5","false","interacts with","Solyc06g074170.3 (interacts with) Solyc12g088130.2"
"interacts with","0.592608","Solyc02g065350.3 (interacts with) Solyc08g006260.2","1.0E-20","false","interacts with","Solyc02g065350.3 (interacts with) Solyc08g006260.2"
"interacts with","0.529294","Solyc06g075510.3 (interacts with) Solyc07g043330.2","1.0E-15","false","interacts with","Solyc06g075510.3 (interacts with) Solyc07g043330.2"
"interacts with","0.355781","Solyc06g074170.3 (interacts with) Solyc10g079050.2","1.0E-10","false","interacts with","Solyc06g074170.3 (interacts with) Solyc10g079050.2"
"interacts with","0.608926","Solyc02g065350.3 (interacts with) Solyc02g067340.3","1.0E-20","false","interacts with","Solyc02g065350.3 (interacts with) Solyc02g067340.3"
"interacts with","0.275875","Solyc06g075510.3 (interacts with) Solyc08g005870.2","1.0E-5","false","interacts with","Solyc06g075510.3 (interacts with) Solyc08g005870.2"
"interacts with","0.359185","Solyc06g074170.3 (interacts with) Solyc11g065700.2","1.0E-10","false","interacts with","Solyc06g074170.3 (interacts with) Solyc11g065700.2"
"interacts with","0.399142","Solyc02g065350.3 (interacts with) Solyc04g081020.3","1.0E-10","false","interacts with","Solyc02g065350.3 (interacts with) Solyc04g081020.3"
"interacts with","0.547774","Solyc02g065350.3 (interacts with) Solyc12g007070.2","1.0E-15","false","interacts with","Solyc02g065350.3 (interacts with) Solyc12g007070.2"
"interacts with","0.58825","Solyc02g065350.3 (interacts with) Solyc10g005330.3","1.0E-20","false","interacts with","Solyc02g065350.3 (interacts with) Solyc10g005330.3"
"interacts with","0.564853","Solyc02g065350.3 (interacts with) Solyc08g063040.3","1.0E-15","false","interacts with","Solyc02g065350.3 (interacts with) Solyc08g063040.3"
"interacts with","0.542766","Solyc02g065350.3 (interacts with) Solyc03g114720.3","1.0E-15","false","interacts with","Solyc02g065350.3 (interacts with) Solyc03g114720.3"
"interacts with","0.493679","Solyc02g065350.3 (interacts with) Solyc03g123400.1","1.0E-15","false","interacts with","Solyc02g065350.3 (interacts with) Solyc03g123400.1"
"interacts with","0.51118","Solyc02g065350.3 (interacts with) Solyc11g011890.2","1.0E-15","false","interacts with","Solyc02g065350.3 (interacts with) Solyc11g011890.2"
"interacts with","0.599527","Solyc02g065350.3 (interacts with) Solyc12g100140.2","1.0E-20","false","interacts with","Solyc02g065350.3 (interacts with) Solyc12g100140.2"
"interacts with","0.526208","Solyc02g065350.3 (interacts with) Solyc03g123430.3","1.0E-15","false","interacts with","Solyc02g065350.3 (interacts with) Solyc03g123430.3"
"interacts with","0.594434","Solyc02g065350.3 (interacts with) Solyc07g052700.3","1.0E-20","false","interacts with","Solyc02g065350.3 (interacts with) Solyc07g052700.3"
"interacts with","0.6377","Solyc02g065350.3 (interacts with) Solyc05g051460.3","1.0E-20","false","interacts with","Solyc02g065350.3 (interacts with) Solyc05g051460.3"
"interacts with","0.556913","Solyc02g065350.3 (interacts with) Solyc03g044300.3","1.0E-15","false","interacts with","Solyc02g065350.3 (interacts with) Solyc03g044300.3"
"interacts with","0.623056","Solyc02g065350.3 (interacts with) Solyc03g120890.3","1.0E-20","false","interacts with","Solyc02g065350.3 (interacts with) Solyc03g120890.3"
"interacts with","0.600139","Solyc02g065350.3 (interacts with) Solyc10g018780.2","1.0E-20","false","interacts with","Solyc02g065350.3 (interacts with) Solyc10g018780.2"
"interacts with","0.578061","Solyc02g065350.3 (interacts with) Solyc06g073980.3","1.0E-20","false","interacts with","Solyc02g065350.3 (interacts with) Solyc06g073980.3"
"interacts with","0.648111","Solyc02g065350.3 (interacts with) Solyc06g065440.1","1.0E-20","false","interacts with","Solyc02g065350.3 (interacts with) Solyc06g065440.1"
"interacts with","0.534301","Solyc02g065350.3 (interacts with) Solyc06g060740.2","1.0E-15","false","interacts with","Solyc02g065350.3 (interacts with) Solyc06g060740.2"
"interacts with","0.598819","Solyc02g065350.3 (interacts with) Solyc06g082300.3","1.0E-20","false","interacts with","Solyc02g065350.3 (interacts with) Solyc06g082300.3"
"interacts with","0.538536","Solyc02g065350.3 (interacts with) Solyc06g076820.1","1.0E-15","false","interacts with","Solyc02g065350.3 (interacts with) Solyc06g076820.1"
"interacts with","0.435947","Solyc02g065350.3 (interacts with) Solyc10g081320.1","1.0E-15","false","interacts with","Solyc02g065350.3 (interacts with) Solyc10g081320.1"
"interacts with","0.687032","Solyc02g065350.3 (interacts with) Solyc02g091690.3","1.0E-20","false","interacts with","Solyc02g065350.3 (interacts with) Solyc02g091690.3"
"interacts with","0.497351","Solyc02g065350.3 (interacts with) Solyc11g072600.2","1.0E-15","false","interacts with","Solyc02g065350.3 (interacts with) Solyc11g072600.2"
"interacts with","0.595636","Solyc02g065350.3 (interacts with) Solyc10g006880.3","1.0E-20","false","interacts with","Solyc02g065350.3 (interacts with) Solyc10g006880.3"
"interacts with","0.48116","Solyc11g072150.2 (interacts with) Solyc12g099760.2","1.0E-15","false","interacts with","Solyc11g072150.2 (interacts with) Solyc12g099760.2"
"interacts with","0.566363","Solyc02g085340.1 (interacts with) Solyc11g069890.2","1.0E-15","false","interacts with","Solyc02g085340.1 (interacts with) Solyc11g069890.2"
"interacts with","0.551113","Solyc02g085340.1 (interacts with) Solyc08g063040.3","1.0E-15","false","interacts with","Solyc02g085340.1 (interacts with) Solyc08g063040.3"
"interacts with","0.573551","Solyc02g085340.1 (interacts with) Solyc06g049040.3","1.0E-20","false","interacts with","Solyc02g085340.1 (interacts with) Solyc06g049040.3"
"interacts with","0.536452","Solyc02g085340.1 (interacts with) Solyc12g007180.2","1.0E-15","false","interacts with","Solyc02g085340.1 (interacts with) Solyc12g007180.2"
"interacts with","0.518884","Solyc02g085340.1 (interacts with) Solyc03g117720.3","1.0E-15","false","interacts with","Solyc02g085340.1 (interacts with) Solyc03g117720.3"
"interacts with","0.384235","Solyc02g092550.3 (interacts with) Solyc10g018780.2","1.0E-10","false","interacts with","Solyc02g092550.3 (interacts with) Solyc10g018780.2"
"interacts with","0.542577","Solyc02g085340.1 (interacts with) Solyc08g078300.3","1.0E-15","false","interacts with","Solyc02g085340.1 (interacts with) Solyc08g078300.3"
"interacts with","0.577171","Solyc02g085340.1 (interacts with) Solyc12g098370.2","1.0E-20","false","interacts with","Solyc02g085340.1 (interacts with) Solyc12g098370.2"
"interacts with","0.399844","Solyc02g092550.3 (interacts with) Solyc03g121840.3","1.0E-10","false","interacts with","Solyc02g092550.3 (interacts with) Solyc03g121840.3"
"interacts with","0.39269","Solyc02g092550.3 (interacts with) Solyc08g066500.3","1.0E-10","false","interacts with","Solyc02g092550.3 (interacts with) Solyc08g066500.3"
"interacts with","0.582757","Solyc02g085340.1 (interacts with) Solyc08g080150.1","1.0E-20","false","interacts with","Solyc02g085340.1 (interacts with) Solyc08g080150.1"
"interacts with","0.391679","Solyc02g092550.3 (interacts with) Solyc08g005430.3","1.0E-10","false","interacts with","Solyc02g092550.3 (interacts with) Solyc08g005430.3"
"interacts with","0.38638","Solyc02g092550.3 (interacts with) Solyc06g069430.3","1.0E-10","false","interacts with","Solyc02g092550.3 (interacts with) Solyc06g069430.3"
"interacts with","0.416799","Solyc02g092550.3 (interacts with) Solyc05g051460.3","1.0E-10","false","interacts with","Solyc02g092550.3 (interacts with) Solyc05g051460.3"
"interacts with","0.396496","Solyc02g092550.3 (interacts with) Solyc06g061030.3","1.0E-10","false","interacts with","Solyc02g092550.3 (interacts with) Solyc06g061030.3"
"interacts with","0.635504","Solyc02g085340.1 (interacts with) Solyc10g079070.2","1.0E-20","false","interacts with","Solyc02g085340.1 (interacts with) Solyc10g079070.2"
"interacts with","0.39991","Solyc02g092550.3 (interacts with) Solyc07g018010.3","1.0E-10","false","interacts with","Solyc02g092550.3 (interacts with) Solyc07g018010.3"
"interacts with","0.599173","Solyc02g085340.1 (interacts with) Solyc02g090820.3","1.0E-20","false","interacts with","Solyc02g085340.1 (interacts with) Solyc02g090820.3"
"interacts with","0.385236","Solyc02g092550.3 (interacts with) Solyc04g078640.2","1.0E-10","false","interacts with","Solyc02g092550.3 (interacts with) Solyc04g078640.2"
"interacts with","0.26031","Solyc02g085340.1 (interacts with) Solyc09g015110.2","1.0E-5","false","interacts with","Solyc02g085340.1 (interacts with) Solyc09g015110.2"
"interacts with","0.414108","Solyc02g092550.3 (interacts with) Solyc12g098370.2","1.0E-10","false","interacts with","Solyc02g092550.3 (interacts with) Solyc12g098370.2"
"interacts with","0.64762","Solyc02g085340.1 (interacts with) Solyc12g096500.2","1.0E-20","false","interacts with","Solyc02g085340.1 (interacts with) Solyc12g096500.2"
"interacts with","0.388511","Solyc02g092550.3 (interacts with) Solyc05g012020.3","1.0E-10","false","interacts with","Solyc02g092550.3 (interacts with) Solyc05g012020.3"
"interacts with","0.532779","Solyc02g085340.1 (interacts with) Solyc07g042260.3","1.0E-15","false","interacts with","Solyc02g085340.1 (interacts with) Solyc07g042260.3"
"interacts with","0.116864","Solyc11g069500.2 (interacts with) Solyc12g038440.1","0.1","false","interacts with","Solyc11g069500.2 (interacts with) Solyc12g038440.1"
"interacts with","0.41452","Solyc02g092550.3 (interacts with) Solyc03g117720.3","1.0E-10","false","interacts with","Solyc02g092550.3 (interacts with) Solyc03g117720.3"
"interacts with","0.606346","Solyc02g085340.1 (interacts with) Solyc08g006530.3","1.0E-20","false","interacts with","Solyc02g085340.1 (interacts with) Solyc08g006530.3"
"interacts with","0.418296","Solyc02g092550.3 (interacts with) Solyc11g069190.2","1.0E-10","false","interacts with","Solyc02g092550.3 (interacts with) Solyc11g069190.2"
"interacts with","0.57655","Solyc02g085340.1 (interacts with) Solyc02g092050.3","1.0E-20","false","interacts with","Solyc02g085340.1 (interacts with) Solyc02g092050.3"
"interacts with","0.125559","Solyc11g069500.2 (interacts with) Solyc12g038450.1","0.1","false","interacts with","Solyc11g069500.2 (interacts with) Solyc12g038450.1"
"interacts with","0.396411","Solyc02g092550.3 (interacts with) Solyc03g112390.3","1.0E-10","false","interacts with","Solyc02g092550.3 (interacts with) Solyc03g112390.3"
"interacts with","0.610223","Solyc02g085340.1 (interacts with) Solyc06g069430.3","1.0E-20","false","interacts with","Solyc02g085340.1 (interacts with) Solyc06g069430.3"
"interacts with","0.407323","Solyc05g054170.3 (interacts with) Solyc12g044410.2","1.0E-10","false","interacts with","Solyc05g054170.3 (interacts with) Solyc12g044410.2"
"interacts with","0.384021","Solyc02g092550.3 (interacts with) Solyc06g083170.3","1.0E-10","false","interacts with","Solyc02g092550.3 (interacts with) Solyc06g083170.3"
"interacts with","0.532674","Solyc02g085340.1 (interacts with) Solyc03g044300.3","1.0E-15","false","interacts with","Solyc02g085340.1 (interacts with) Solyc03g044300.3"
"interacts with","0.566575","Solyc05g054170.3 (interacts with) Solyc10g055760.2","1.0E-15","false","interacts with","Solyc05g054170.3 (interacts with) Solyc10g055760.2"
"interacts with","0.391737","Solyc02g092550.3 (interacts with) Solyc09g007260.3","1.0E-10","false","interacts with","Solyc02g092550.3 (interacts with) Solyc09g007260.3"
"interacts with","0.570522","Solyc02g085340.1 (interacts with) Solyc09g066060.2","1.0E-15","false","interacts with","Solyc02g085340.1 (interacts with) Solyc09g066060.2"
"interacts with","0.423284","Solyc02g092550.3 (interacts with) Solyc07g062680.2","1.0E-10","false","interacts with","Solyc02g092550.3 (interacts with) Solyc07g062680.2"
"interacts with","0.637011","Solyc02g085340.1 (interacts with) Solyc08g005430.3","1.0E-20","false","interacts with","Solyc02g085340.1 (interacts with) Solyc08g005430.3"
"interacts with","0.382723","Solyc02g092550.3 (interacts with) Solyc08g063040.3","1.0E-10","false","interacts with","Solyc02g092550.3 (interacts with) Solyc08g063040.3"
"interacts with","0.656145","Solyc02g085340.1 (interacts with) Solyc09g074640.3","1.0E-20","false","interacts with","Solyc02g085340.1 (interacts with) Solyc09g074640.3"
"interacts with","0.576932","Solyc02g085340.1 (interacts with) Solyc03g121840.3","1.0E-20","false","interacts with","Solyc02g085340.1 (interacts with) Solyc03g121840.3"
"interacts with","0.424249","Solyc05g054170.3 (interacts with) Solyc08g077230.3","1.0E-10","false","interacts with","Solyc05g054170.3 (interacts with) Solyc08g077230.3"
"interacts with","0.392715","Solyc02g092550.3 (interacts with) Solyc10g005330.3","1.0E-10","false","interacts with","Solyc02g092550.3 (interacts with) Solyc10g005330.3"
"interacts with","0.61173","Solyc02g085340.1 (interacts with) Solyc03g120890.3","1.0E-20","false","interacts with","Solyc02g085340.1 (interacts with) Solyc03g120890.3"
"interacts with","0.572274","Solyc02g085340.1 (interacts with) Solyc06g065440.1","1.0E-20","false","interacts with","Solyc02g085340.1 (interacts with) Solyc06g065440.1"
"interacts with","0.583784","Solyc05g054170.3 (interacts with) Solyc12g056790.2","1.0E-20","false","interacts with","Solyc05g054170.3 (interacts with) Solyc12g056790.2"
"interacts with","0.392426","Solyc02g092550.3 (interacts with) Solyc07g041640.3","1.0E-10","false","interacts with","Solyc02g092550.3 (interacts with) Solyc07g041640.3"
"interacts with","0.180705","Solyc06g069460.2 (interacts with) Solyc08g006240.2","1.0E-5","false","interacts with","Solyc06g069460.2 (interacts with) Solyc08g006240.2"
"interacts with","0.473107","Solyc05g054170.3 (interacts with) Solyc08g067340.3","1.0E-15","false","interacts with","Solyc05g054170.3 (interacts with) Solyc08g067340.3"
"interacts with","0.207515","Solyc06g069460.2 (interacts with) Solyc07g062680.2","1.0E-5","false","interacts with","Solyc06g069460.2 (interacts with) Solyc07g062680.2"
"interacts with","0.448253","Solyc02g085340.1 (interacts with) Solyc12g098620.2","1.0E-15","false","interacts with","Solyc02g085340.1 (interacts with) Solyc12g098620.2"
"interacts with","0.205036","Solyc06g069460.2 (interacts with) Solyc08g066500.3","1.0E-5","false","interacts with","Solyc06g069460.2 (interacts with) Solyc08g066500.3"
"interacts with","0.562832","Solyc02g085340.1 (interacts with) Solyc09g072830.3","1.0E-15","false","interacts with","Solyc02g085340.1 (interacts with) Solyc09g072830.3"
"interacts with","0.182797","Solyc06g069460.2 (interacts with) Solyc06g082770.3","1.0E-5","false","interacts with","Solyc06g069460.2 (interacts with) Solyc06g082770.3"
"interacts with","0.580863","Solyc02g085340.1 (interacts with) Solyc03g112390.3","1.0E-20","false","interacts with","Solyc02g085340.1 (interacts with) Solyc03g112390.3"
"interacts with","0.573437","Solyc02g085340.1 (interacts with) Solyc06g082300.3","1.0E-20","false","interacts with","Solyc02g085340.1 (interacts with) Solyc06g082300.3"
"interacts with","0.549693","Solyc02g085340.1 (interacts with) Solyc02g093150.3","1.0E-15","false","interacts with","Solyc02g085340.1 (interacts with) Solyc02g093150.3"
"interacts with","0.501255","Solyc02g085340.1 (interacts with) Solyc12g014610.2","1.0E-15","false","interacts with","Solyc02g085340.1 (interacts with) Solyc12g014610.2"
"interacts with","0.597914","Solyc02g085340.1 (interacts with) Solyc05g012020.3","1.0E-20","false","interacts with","Solyc02g085340.1 (interacts with) Solyc05g012020.3"
"interacts with","0.628127","Solyc02g085340.1 (interacts with) Solyc06g065190.1","1.0E-20","false","interacts with","Solyc02g085340.1 (interacts with) Solyc06g065190.1"
"interacts with","0.559057","Solyc02g085340.1 (interacts with) Solyc06g076820.1","1.0E-15","false","interacts with","Solyc02g085340.1 (interacts with) Solyc06g076820.1"
"interacts with","0.595652","Solyc02g085340.1 (interacts with) Solyc06g061030.3","1.0E-20","false","interacts with","Solyc02g085340.1 (interacts with) Solyc06g061030.3"
"interacts with","0.558159","Solyc02g085340.1 (interacts with) Solyc10g084180.2","1.0E-15","false","interacts with","Solyc02g085340.1 (interacts with) Solyc10g084180.2"
"interacts with","0.52477","Solyc01g102980.3 (interacts with) Solyc05g007180.3","1.0E-15","false","interacts with","Solyc01g102980.3 (interacts with) Solyc05g007180.3"
"interacts with","0.49689","Solyc01g102980.3 (interacts with) Solyc07g062680.2","1.0E-15","false","interacts with","Solyc01g102980.3 (interacts with) Solyc07g062680.2"
"interacts with","0.528321","Solyc01g102980.3 (interacts with) Solyc09g007260.3","1.0E-15","false","interacts with","Solyc01g102980.3 (interacts with) Solyc09g007260.3"
"interacts with","0.575309","Solyc02g085340.1 (interacts with) Solyc11g044320.2","1.0E-20","false","interacts with","Solyc02g085340.1 (interacts with) Solyc11g044320.2"
"interacts with","0.346666","Solyc01g102980.3 (interacts with) Solyc11g065840.2","1.0E-10","false","interacts with","Solyc01g102980.3 (interacts with) Solyc11g065840.2"
"interacts with","0.523872","Solyc05g012040.3 (interacts with) Solyc06g053960.3","1.0E-15","false","interacts with","Solyc05g012040.3 (interacts with) Solyc06g053960.3"
"interacts with","0.389992","Solyc02g085340.1 (interacts with) Solyc02g092550.3","1.0E-10","false","interacts with","Solyc02g085340.1 (interacts with) Solyc02g092550.3"
"interacts with","0.535958","Solyc01g102980.3 (interacts with) Solyc03g097120.3","1.0E-15","false","interacts with","Solyc01g102980.3 (interacts with) Solyc03g097120.3"
"interacts with","0.539823","Solyc05g012040.3 (interacts with) Solyc10g079050.2","1.0E-15","false","interacts with","Solyc05g012040.3 (interacts with) Solyc10g079050.2"
"interacts with","0.630062","Solyc02g085340.1 (interacts with) Solyc05g052410.2","1.0E-20","false","interacts with","Solyc02g085340.1 (interacts with) Solyc05g052410.2"
"interacts with","0.529613","Solyc01g102980.3 (interacts with) Solyc10g006880.3","1.0E-15","false","interacts with","Solyc01g102980.3 (interacts with) Solyc10g006880.3"
"interacts with","0.542778","Solyc05g012040.3 (interacts with) Solyc10g080770.2","1.0E-15","false","interacts with","Solyc05g012040.3 (interacts with) Solyc10g080770.2"
"interacts with","0.543097","Solyc02g085340.1 (interacts with) Solyc02g092070.3","1.0E-15","false","interacts with","Solyc02g085340.1 (interacts with) Solyc02g092070.3"
"interacts with","0.492445","Solyc01g102980.3 (interacts with) Solyc06g083900.3","1.0E-15","false","interacts with","Solyc01g102980.3 (interacts with) Solyc06g083900.3"
"interacts with","0.510347","Solyc01g102980.3 (interacts with) Solyc04g014360.3","1.0E-15","false","interacts with","Solyc01g102980.3 (interacts with) Solyc04g014360.3"
"interacts with","0.517713","Solyc05g012040.3 (interacts with) Solyc10g078430.2","1.0E-15","false","interacts with","Solyc05g012040.3 (interacts with) Solyc10g078430.2"
"interacts with","0.505781","Solyc01g102980.3 (interacts with) Solyc12g013620.2","1.0E-15","false","interacts with","Solyc01g102980.3 (interacts with) Solyc12g013620.2"
"interacts with","0.50947","Solyc05g012040.3 (interacts with) Solyc11g069190.2","1.0E-15","false","interacts with","Solyc05g012040.3 (interacts with) Solyc11g069190.2"
"interacts with","0.550554","Solyc01g102980.3 (interacts with) Solyc02g024070.3","1.0E-15","false","interacts with","Solyc01g102980.3 (interacts with) Solyc02g024070.3"
"interacts with","0.541436","Solyc05g012040.3 (interacts with) Solyc12g099760.2","1.0E-15","false","interacts with","Solyc05g012040.3 (interacts with) Solyc12g099760.2"
"interacts with","0.605528","Solyc06g076820.1 (interacts with) Solyc11g044320.2","1.0E-20","false","interacts with","Solyc06g076820.1 (interacts with) Solyc11g044320.2"
"interacts with","0.493715","Solyc05g012040.3 (interacts with) Solyc12g087830.2","1.0E-15","false","interacts with","Solyc05g012040.3 (interacts with) Solyc12g087830.2"
"interacts with","0.615704","Solyc06g076820.1 (interacts with) Solyc10g006880.3","1.0E-20","false","interacts with","Solyc06g076820.1 (interacts with) Solyc10g006880.3"
"interacts with","0.531354","Solyc01g102980.3 (interacts with) Solyc07g063970.3","1.0E-15","false","interacts with","Solyc01g102980.3 (interacts with) Solyc07g063970.3"
"interacts with","0.511706","Solyc05g012040.3 (interacts with) Solyc09g072830.3","1.0E-15","false","interacts with","Solyc05g012040.3 (interacts with) Solyc09g072830.3"
"interacts with","0.561802","Solyc06g076820.1 (interacts with) Solyc08g079100.3","1.0E-15","false","interacts with","Solyc06g076820.1 (interacts with) Solyc08g079100.3"
"interacts with","0.51748","Solyc01g102980.3 (interacts with) Solyc02g063430.3","1.0E-15","false","interacts with","Solyc01g102980.3 (interacts with) Solyc02g063430.3"
"interacts with","0.536481","Solyc05g012040.3 (interacts with) Solyc08g063040.3","1.0E-15","false","interacts with","Solyc05g012040.3 (interacts with) Solyc08g063040.3"
"interacts with","0.556695","Solyc06g076820.1 (interacts with) Solyc10g078700.2","1.0E-15","false","interacts with","Solyc06g076820.1 (interacts with) Solyc10g078700.2"
"interacts with","0.508833","Solyc01g102980.3 (interacts with) Solyc06g036170.1","1.0E-15","false","interacts with","Solyc01g102980.3 (interacts with) Solyc06g036170.1"
"interacts with","0.569047","Solyc06g076820.1 (interacts with) Solyc08g080150.1","1.0E-15","false","interacts with","Solyc06g076820.1 (interacts with) Solyc08g080150.1"
"interacts with","0.520456","Solyc01g102980.3 (interacts with) Solyc04g078640.2","1.0E-15","false","interacts with","Solyc01g102980.3 (interacts with) Solyc04g078640.2"
"interacts with","0.587852","Solyc06g076820.1 (interacts with) Solyc10g079070.2","1.0E-20","false","interacts with","Solyc06g076820.1 (interacts with) Solyc10g079070.2"
"interacts with","0.76604","Solyc03g121840.3 (interacts with) Solyc08g079100.3","1.0E-25","false","interacts with","Solyc03g121840.3 (interacts with) Solyc08g079100.3"
"interacts with","0.564348","Solyc06g076820.1 (interacts with) Solyc10g084180.2","1.0E-15","false","interacts with","Solyc06g076820.1 (interacts with) Solyc10g084180.2"
"interacts with","0.394423","Solyc01g102980.3 (interacts with) Solyc08g079120.2","1.0E-10","false","interacts with","Solyc01g102980.3 (interacts with) Solyc08g079120.2"
"interacts with","0.574798","Solyc06g076820.1 (interacts with) Solyc11g069190.2","1.0E-20","false","interacts with","Solyc06g076820.1 (interacts with) Solyc11g069190.2"
"interacts with","0.510653","Solyc01g102980.3 (interacts with) Solyc06g049040.3","1.0E-15","false","interacts with","Solyc01g102980.3 (interacts with) Solyc06g049040.3"
"interacts with","0.480899","Solyc03g121840.3 (interacts with) Solyc07g053590.3","1.0E-15","false","interacts with","Solyc03g121840.3 (interacts with) Solyc07g053590.3"
"interacts with","0.541656","Solyc06g076820.1 (interacts with) Solyc06g082300.3","1.0E-15","false","interacts with","Solyc06g076820.1 (interacts with) Solyc06g082300.3"
"interacts with","0.336471","Solyc01g102980.3 (interacts with) Solyc02g078130.3","1.0E-10","false","interacts with","Solyc01g102980.3 (interacts with) Solyc02g078130.3"
"interacts with","0.510842","Solyc03g121840.3 (interacts with) Solyc04g014360.3","1.0E-15","false","interacts with","Solyc03g121840.3 (interacts with) Solyc04g014360.3"
"interacts with","0.576522","Solyc06g076820.1 (interacts with) Solyc07g005400.3","1.0E-20","false","interacts with","Solyc06g076820.1 (interacts with) Solyc07g005400.3"
"interacts with","0.477976","Solyc01g102980.3 (interacts with) Solyc11g010340.2","1.0E-15","false","interacts with","Solyc01g102980.3 (interacts with) Solyc11g010340.2"
"interacts with","0.540858","Solyc03g121840.3 (interacts with) Solyc11g072600.2","1.0E-15","false","interacts with","Solyc03g121840.3 (interacts with) Solyc11g072600.2"
"interacts with","0.554104","Solyc06g076820.1 (interacts with) Solyc12g100140.2","1.0E-15","false","interacts with","Solyc06g076820.1 (interacts with) Solyc12g100140.2"
"interacts with","0.300331","Solyc01g102980.3 (interacts with) Solyc05g009660.3","1.0E-10","false","interacts with","Solyc01g102980.3 (interacts with) Solyc05g009660.3"
"interacts with","0.673035","Solyc03g121840.3 (interacts with) Solyc06g061030.3","1.0E-20","false","interacts with","Solyc03g121840.3 (interacts with) Solyc06g061030.3"
"interacts with","0.522524","Solyc01g102980.3 (interacts with) Solyc06g053960.3","1.0E-15","false","interacts with","Solyc01g102980.3 (interacts with) Solyc06g053960.3"
"interacts with","0.512671","Solyc06g076820.1 (interacts with) Solyc08g078300.3","1.0E-15","false","interacts with","Solyc06g076820.1 (interacts with) Solyc08g078300.3"
"interacts with","0.475833","Solyc03g121840.3 (interacts with) Solyc05g050220.3","1.0E-15","false","interacts with","Solyc03g121840.3 (interacts with) Solyc05g050220.3"
"interacts with","0.557953","Solyc06g076820.1 (interacts with) Solyc10g084340.2","1.0E-15","false","interacts with","Solyc06g076820.1 (interacts with) Solyc10g084340.2"
"interacts with","0.520931","Solyc01g102980.3 (interacts with) Solyc04g045430.3","1.0E-15","false","interacts with","Solyc01g102980.3 (interacts with) Solyc04g045430.3"
"interacts with","0.471436","Solyc03g121840.3 (interacts with) Solyc11g065700.2","1.0E-15","false","interacts with","Solyc03g121840.3 (interacts with) Solyc11g065700.2"
"interacts with","0.557666","Solyc06g076820.1 (interacts with) Solyc07g041640.3","1.0E-15","false","interacts with","Solyc06g076820.1 (interacts with) Solyc07g041640.3"
"interacts with","0.511346","Solyc01g102980.3 (interacts with) Solyc08g076370.3","1.0E-15","false","interacts with","Solyc01g102980.3 (interacts with) Solyc08g076370.3"
"interacts with","0.611923","Solyc03g121840.3 (interacts with) Solyc11g069190.2","1.0E-20","false","interacts with","Solyc03g121840.3 (interacts with) Solyc11g069190.2"
"interacts with","0.604672","Solyc06g076820.1 (interacts with) Solyc07g043580.3","1.0E-20","false","interacts with","Solyc06g076820.1 (interacts with) Solyc07g043580.3"
"interacts with","0.496668","Solyc01g102980.3 (interacts with) Solyc04g077490.3","1.0E-15","false","interacts with","Solyc01g102980.3 (interacts with) Solyc04g077490.3"
"interacts with","0.474584","Solyc03g121840.3 (interacts with) Solyc12g044610.2","1.0E-15","false","interacts with","Solyc03g121840.3 (interacts with) Solyc12g044610.2"
"interacts with","0.541269","Solyc06g076820.1 (interacts with) Solyc11g010710.2","1.0E-15","false","interacts with","Solyc06g076820.1 (interacts with) Solyc11g010710.2"
"interacts with","0.515757","Solyc01g102980.3 (interacts with) Solyc07g063420.3","1.0E-15","false","interacts with","Solyc01g102980.3 (interacts with) Solyc07g063420.3"
"interacts with","0.476435","Solyc03g121840.3 (interacts with) Solyc12g014610.2","1.0E-15","false","interacts with","Solyc03g121840.3 (interacts with) Solyc12g014610.2"
"interacts with","0.512599","Solyc01g102980.3 (interacts with) Solyc06g069430.3","1.0E-15","false","interacts with","Solyc01g102980.3 (interacts with) Solyc06g069430.3"
"interacts with","0.627033","Solyc03g121840.3 (interacts with) Solyc06g065040.3","1.0E-20","false","interacts with","Solyc03g121840.3 (interacts with) Solyc06g065040.3"
"interacts with","0.501765","Solyc06g076820.1 (interacts with) Solyc10g009080.3","1.0E-15","false","interacts with","Solyc06g076820.1 (interacts with) Solyc10g009080.3"
"interacts with","0.538985","Solyc03g121840.3 (interacts with) Solyc05g053240.3","1.0E-15","false","interacts with","Solyc03g121840.3 (interacts with) Solyc05g053240.3"
"interacts with","0.498775","Solyc06g076820.1 (interacts with) Solyc11g013150.1","1.0E-15","false","interacts with","Solyc06g076820.1 (interacts with) Solyc11g013150.1"
"interacts with","0.516959","Solyc01g102980.3 (interacts with) Solyc08g066500.3","1.0E-15","false","interacts with","Solyc01g102980.3 (interacts with) Solyc08g066500.3"
"interacts with","0.669041","Solyc03g121840.3 (interacts with) Solyc07g052960.2","1.0E-20","false","interacts with","Solyc03g121840.3 (interacts with) Solyc07g052960.2"
"interacts with","0.505629","Solyc03g121840.3 (interacts with) Solyc06g060740.2","1.0E-15","false","interacts with","Solyc03g121840.3 (interacts with) Solyc06g060740.2"
"interacts with","0.52915","Solyc01g102980.3 (interacts with) Solyc04g074810.3","1.0E-15","false","interacts with","Solyc01g102980.3 (interacts with) Solyc04g074810.3"
"interacts with","0.29053","Solyc06g072520.2 (interacts with) Solyc07g052700.3","1.0E-5","false","interacts with","Solyc06g072520.2 (interacts with) Solyc07g052700.3"
"interacts with","0.559503","Solyc06g076820.1 (interacts with) Solyc08g068320.3","1.0E-15","false","interacts with","Solyc06g076820.1 (interacts with) Solyc08g068320.3"
"interacts with","0.518054","Solyc01g102980.3 (interacts with) Solyc06g053610.3","1.0E-15","false","interacts with","Solyc01g102980.3 (interacts with) Solyc06g053610.3"
"interacts with","0.588581","Solyc06g076820.1 (interacts with) Solyc07g052960.2","1.0E-20","false","interacts with","Solyc06g076820.1 (interacts with) Solyc07g052960.2"
"interacts with","0.623647","Solyc03g121840.3 (interacts with) Solyc07g043580.3","1.0E-20","false","interacts with","Solyc03g121840.3 (interacts with) Solyc07g043580.3"
"interacts with","0.373001","Solyc12g005830.2 (interacts with) Solyc12g089240.2","1.0E-10","false","interacts with","Solyc12g005830.2 (interacts with) Solyc12g089240.2"
"interacts with","0.717887","Solyc03g121840.3 (interacts with) Solyc09g007260.3","1.0E-25","false","interacts with","Solyc03g121840.3 (interacts with) Solyc09g007260.3"
"interacts with","0.409382","Solyc03g121840.3 (interacts with) Solyc12g098620.2","1.0E-10","false","interacts with","Solyc03g121840.3 (interacts with) Solyc12g098620.2"
"interacts with","0.582764","Solyc05g006650.3 (interacts with) Solyc07g008180.3","1.0E-20","false","interacts with","Solyc05g006650.3 (interacts with) Solyc07g008180.3"
"interacts with","0.673427","Solyc03g121840.3 (interacts with) Solyc10g018780.2","1.0E-20","false","interacts with","Solyc03g121840.3 (interacts with) Solyc10g018780.2"
"interacts with","0.579182","Solyc05g006650.3 (interacts with) Solyc06g069430.3","1.0E-20","false","interacts with","Solyc05g006650.3 (interacts with) Solyc06g069430.3"
"interacts with","0.569105","Solyc03g121840.3 (interacts with) Solyc11g072500.2","1.0E-15","false","interacts with","Solyc03g121840.3 (interacts with) Solyc11g072500.2"
"interacts with","0.523444","Solyc05g006650.3 (interacts with) Solyc08g006260.2","1.0E-15","false","interacts with","Solyc05g006650.3 (interacts with) Solyc08g006260.2"
"interacts with","0.682913","Solyc03g121840.3 (interacts with) Solyc10g079050.2","1.0E-20","false","interacts with","Solyc03g121840.3 (interacts with) Solyc10g079050.2"
"interacts with","0.557817","Solyc03g121840.3 (interacts with) Solyc06g005130.3","1.0E-15","false","interacts with","Solyc03g121840.3 (interacts with) Solyc06g005130.3"
"interacts with","0.559313","Solyc05g006650.3 (interacts with) Solyc08g079100.3","1.0E-15","false","interacts with","Solyc05g006650.3 (interacts with) Solyc08g079100.3"
"interacts with","0.317766","Solyc03g121840.3 (interacts with) Solyc05g005240.2","1.0E-10","false","interacts with","Solyc03g121840.3 (interacts with) Solyc05g005240.2"
"interacts with","0.550338","Solyc05g006650.3 (interacts with) Solyc06g073980.3","1.0E-15","false","interacts with","Solyc05g006650.3 (interacts with) Solyc06g073980.3"
"interacts with","0.550095","Solyc05g006650.3 (interacts with) Solyc10g079070.2","1.0E-15","false","interacts with","Solyc05g006650.3 (interacts with) Solyc10g079070.2"
"interacts with","0.605728","Solyc06g036170.1 (interacts with) Solyc12g100140.2","1.0E-20","false","interacts with","Solyc06g036170.1 (interacts with) Solyc12g100140.2"
"interacts with","0.742612","Solyc03g121840.3 (interacts with) Solyc06g069430.3","1.0E-25","false","interacts with","Solyc03g121840.3 (interacts with) Solyc06g069430.3"
"interacts with","0.580345","Solyc05g006650.3 (interacts with) Solyc05g051460.3","1.0E-20","false","interacts with","Solyc05g006650.3 (interacts with) Solyc05g051460.3"
"interacts with","0.62064","Solyc03g121840.3 (interacts with) Solyc09g066060.2","1.0E-20","false","interacts with","Solyc03g121840.3 (interacts with) Solyc09g066060.2"
"interacts with","0.478474","Solyc06g036170.1 (interacts with) Solyc06g083980.2","1.0E-15","false","interacts with","Solyc06g036170.1 (interacts with) Solyc06g083980.2"
"interacts with","0.560729","Solyc05g006650.3 (interacts with) Solyc05g007180.3","1.0E-15","false","interacts with","Solyc05g006650.3 (interacts with) Solyc05g007180.3"
"interacts with","0.591647","Solyc03g121840.3 (interacts with) Solyc08g005430.3","1.0E-20","false","interacts with","Solyc03g121840.3 (interacts with) Solyc08g005430.3"
"interacts with","0.609887","Solyc06g036170.1 (interacts with) Solyc08g063040.3","1.0E-20","false","interacts with","Solyc06g036170.1 (interacts with) Solyc08g063040.3"
"interacts with","0.559714","Solyc05g006650.3 (interacts with) Solyc06g049040.3","1.0E-15","false","interacts with","Solyc05g006650.3 (interacts with) Solyc06g049040.3"
"interacts with","0.567096","Solyc03g121840.3 (interacts with) Solyc10g086640.2","1.0E-15","false","interacts with","Solyc03g121840.3 (interacts with) Solyc10g086640.2"
"interacts with","0.71284","Solyc06g036170.1 (interacts with) Solyc06g083170.3","1.0E-25","false","interacts with","Solyc06g036170.1 (interacts with) Solyc06g083170.3"
"interacts with","0.575505","Solyc03g121840.3 (interacts with) Solyc07g042260.3","1.0E-20","false","interacts with","Solyc03g121840.3 (interacts with) Solyc07g042260.3"
"interacts with","0.592063","Solyc06g036170.1 (interacts with) Solyc12g007070.2","1.0E-20","false","interacts with","Solyc06g036170.1 (interacts with) Solyc12g007070.2"
"interacts with","0.534451","Solyc03g121840.3 (interacts with) Solyc05g012040.3","1.0E-15","false","interacts with","Solyc03g121840.3 (interacts with) Solyc05g012040.3"
"interacts with","0.756783","Solyc06g036170.1 (interacts with) Solyc06g063070.3","1.0E-25","false","interacts with","Solyc06g036170.1 (interacts with) Solyc06g063070.3"
"interacts with","0.604885","Solyc03g121840.3 (interacts with) Solyc07g052700.3","1.0E-20","false","interacts with","Solyc03g121840.3 (interacts with) Solyc07g052700.3"
"interacts with","0.612394","Solyc06g036170.1 (interacts with) Solyc09g066060.2","1.0E-20","false","interacts with","Solyc06g036170.1 (interacts with) Solyc09g066060.2"
"interacts with","0.559155","Solyc05g006650.3 (interacts with) Solyc10g005330.3","1.0E-15","false","interacts with","Solyc05g006650.3 (interacts with) Solyc10g005330.3"
"interacts with","0.73255","Solyc03g121840.3 (interacts with) Solyc06g049040.3","1.0E-25","false","interacts with","Solyc03g121840.3 (interacts with) Solyc06g049040.3"
"interacts with","0.595834","Solyc06g036170.1 (interacts with) Solyc08g005430.3","1.0E-20","false","interacts with","Solyc06g036170.1 (interacts with) Solyc08g005430.3"
"interacts with","0.535435","Solyc05g006650.3 (interacts with) Solyc07g041640.3","1.0E-15","false","interacts with","Solyc05g006650.3 (interacts with) Solyc07g041640.3"
"interacts with","0.505764","Solyc03g121840.3 (interacts with) Solyc11g011890.2","1.0E-15","false","interacts with","Solyc03g121840.3 (interacts with) Solyc11g011890.2"
"interacts with","0.659699","Solyc06g036170.1 (interacts with) Solyc08g082630.3","1.0E-20","false","interacts with","Solyc06g036170.1 (interacts with) Solyc08g082630.3"
"interacts with","0.209954","Solyc02g071130.3 (interacts with) Solyc03g043900.1","1.0E-5","false","interacts with","Solyc02g071130.3 (interacts with) Solyc03g043900.1"
"interacts with","0.609372","Solyc06g036170.1 (interacts with) Solyc08g029090.3","1.0E-20","false","interacts with","Solyc06g036170.1 (interacts with) Solyc08g029090.3"
"interacts with","0.478171","Solyc03g121840.3 (interacts with) Solyc11g013150.1","1.0E-15","false","interacts with","Solyc03g121840.3 (interacts with) Solyc11g013150.1"
"interacts with","0.568537","Solyc06g036170.1 (interacts with) Solyc06g065440.1","1.0E-15","false","interacts with","Solyc06g036170.1 (interacts with) Solyc06g065440.1"
"interacts with","0.264042","Solyc02g071130.3 (interacts with) Solyc02g077370.1","1.0E-5","false","interacts with","Solyc02g071130.3 (interacts with) Solyc02g077370.1"
"interacts with","0.598124","Solyc06g036170.1 (interacts with) Solyc09g074640.3","1.0E-20","false","interacts with","Solyc06g036170.1 (interacts with) Solyc09g074640.3"
"interacts with","0.3046","Solyc02g071130.3 (interacts with) Solyc02g093050.3","1.0E-10","false","interacts with","Solyc02g071130.3 (interacts with) Solyc02g093050.3"
"interacts with","0.641138","Solyc06g036170.1 (interacts with) Solyc06g075510.3","1.0E-20","false","interacts with","Solyc06g036170.1 (interacts with) Solyc06g075510.3"
"interacts with","0.50111","Solyc03g121840.3 (interacts with) Solyc06g051840.1","1.0E-15","false","interacts with","Solyc03g121840.3 (interacts with) Solyc06g051840.1"
"interacts with","0.694135","Solyc06g036170.1 (interacts with) Solyc10g018780.2","1.0E-20","false","interacts with","Solyc06g036170.1 (interacts with) Solyc10g018780.2"
"interacts with","0.428708","Solyc03g121840.3 (interacts with) Solyc07g063830.3","1.0E-10","false","interacts with","Solyc03g121840.3 (interacts with) Solyc07g063830.3"
"interacts with","0.297227","Solyc06g036170.1 (interacts with) Solyc10g078610.1","1.0E-10","false","interacts with","Solyc06g036170.1 (interacts with) Solyc10g078610.1"
"interacts with","0.256085","Solyc02g071130.3 (interacts with) Solyc04g016000.3","1.0E-5","false","interacts with","Solyc02g071130.3 (interacts with) Solyc04g016000.3"
"interacts with","0.585956","Solyc06g036170.1 (interacts with) Solyc07g018010.3","1.0E-20","false","interacts with","Solyc06g036170.1 (interacts with) Solyc07g018010.3"
"interacts with","0.250749","Solyc06g036170.1 (interacts with) Solyc09g015110.2","1.0E-5","false","interacts with","Solyc06g036170.1 (interacts with) Solyc09g015110.2"
"interacts with","0.232019","Solyc02g071130.3 (interacts with) Solyc08g077230.3","1.0E-5","false","interacts with","Solyc02g071130.3 (interacts with) Solyc08g077230.3"
"interacts with","0.590433","Solyc03g121840.3 (interacts with) Solyc08g063040.3","1.0E-20","false","interacts with","Solyc03g121840.3 (interacts with) Solyc08g063040.3"
"interacts with","0.489637","Solyc06g036170.1 (interacts with) Solyc11g072150.2","1.0E-15","false","interacts with","Solyc06g036170.1 (interacts with) Solyc11g072150.2"
"interacts with","0.472909","Solyc06g036170.1 (interacts with) Solyc06g083590.3","1.0E-15","false","interacts with","Solyc06g036170.1 (interacts with) Solyc06g083590.3"
"interacts with","0.413792","Solyc01g111580.3 (interacts with) Solyc09g010840.1","1.0E-10","false","interacts with","Solyc01g111580.3 (interacts with) Solyc09g010840.1"
"interacts with","0.649194","Solyc06g036170.1 (interacts with) Solyc10g084380.1","1.0E-20","false","interacts with","Solyc06g036170.1 (interacts with) Solyc10g084380.1"
"interacts with","0.441469","Solyc01g111580.3 (interacts with) Solyc04g078640.2","1.0E-15","false","interacts with","Solyc01g111580.3 (interacts with) Solyc04g078640.2"
"interacts with","0.536862","Solyc06g036170.1 (interacts with) Solyc06g062460.3","1.0E-15","false","interacts with","Solyc06g036170.1 (interacts with) Solyc06g062460.3"
"interacts with","0.269959","Solyc06g036170.1 (interacts with) Solyc10g083567.1","1.0E-5","false","interacts with","Solyc06g036170.1 (interacts with) Solyc10g083567.1"
"interacts with","0.25871","Solyc02g071130.3 (interacts with) Solyc08g008600.3","1.0E-5","false","interacts with","Solyc02g071130.3 (interacts with) Solyc08g008600.3"
"interacts with","0.453615","Solyc06g036170.1 (interacts with) Solyc12g099370.2","1.0E-15","false","interacts with","Solyc06g036170.1 (interacts with) Solyc12g099370.2"
"interacts with","0.430327","Solyc01g111580.3 (interacts with) Solyc03g026020.3","1.0E-10","false","interacts with","Solyc01g111580.3 (interacts with) Solyc03g026020.3"
"interacts with","0.426985","Solyc06g036170.1 (interacts with) Solyc06g053720.2","1.0E-10","false","interacts with","Solyc06g036170.1 (interacts with) Solyc06g053720.2"
"interacts with","0.229692","Solyc01g111580.3 (interacts with) Solyc09g010680.3","1.0E-5","false","interacts with","Solyc01g111580.3 (interacts with) Solyc09g010680.3"
"interacts with","0.638654","Solyc06g036170.1 (interacts with) Solyc06g082300.3","1.0E-20","false","interacts with","Solyc06g036170.1 (interacts with) Solyc06g082300.3"
"interacts with","0.458267","Solyc06g036170.1 (interacts with) Solyc11g065700.2","1.0E-15","false","interacts with","Solyc06g036170.1 (interacts with) Solyc11g065700.2"
"interacts with","0.396647","Solyc02g071130.3 (interacts with) Solyc03g119370.2","1.0E-10","false","interacts with","Solyc02g071130.3 (interacts with) Solyc03g119370.2"
"interacts with","0.402984","Solyc01g111580.3 (interacts with) Solyc07g041640.3","1.0E-10","false","interacts with","Solyc01g111580.3 (interacts with) Solyc07g041640.3"
"interacts with","0.376077","Solyc01g111580.3 (interacts with) Solyc06g074170.3","1.0E-10","false","interacts with","Solyc01g111580.3 (interacts with) Solyc06g074170.3"
"interacts with","0.567977","Solyc06g036170.1 (interacts with) Solyc09g072830.3","1.0E-15","false","interacts with","Solyc06g036170.1 (interacts with) Solyc09g072830.3"
"interacts with","0.186941","Solyc02g071130.3 (interacts with) Solyc09g010680.3","1.0E-5","false","interacts with","Solyc02g071130.3 (interacts with) Solyc09g010680.3"
"interacts with","0.396128","Solyc01g111580.3 (interacts with) Solyc02g069830.3","1.0E-10","false","interacts with","Solyc01g111580.3 (interacts with) Solyc02g069830.3"
"interacts with","0.222113","Solyc06g036170.1 (interacts with) Solyc08g078590.1","1.0E-5","false","interacts with","Solyc06g036170.1 (interacts with) Solyc08g078590.1"
"interacts with","0.422954","Solyc01g111580.3 (interacts with) Solyc10g079050.2","1.0E-10","false","interacts with","Solyc01g111580.3 (interacts with) Solyc10g079050.2"
"interacts with","0.832391","Solyc06g036170.1 (interacts with) Solyc12g089240.2","1.0E-25","false","interacts with","Solyc06g036170.1 (interacts with) Solyc12g089240.2"
"interacts with","0.400502","Solyc01g111580.3 (interacts with) Solyc04g071160.3","1.0E-10","false","interacts with","Solyc01g111580.3 (interacts with) Solyc04g071160.3"
"interacts with","0.523326","Solyc06g036170.1 (interacts with) Solyc06g060740.2","1.0E-15","false","interacts with","Solyc06g036170.1 (interacts with) Solyc06g060740.2"
"interacts with","0.418773","Solyc06g036170.1 (interacts with) Solyc07g065570.2","1.0E-10","false","interacts with","Solyc06g036170.1 (interacts with) Solyc07g065570.2"
"interacts with","0.763094","Solyc06g036170.1 (interacts with) Solyc10g006880.3","1.0E-25","false","interacts with","Solyc06g036170.1 (interacts with) Solyc10g006880.3"
"interacts with","0.418055","Solyc06g036170.1 (interacts with) Solyc07g006630.3","1.0E-10","false","interacts with","Solyc06g036170.1 (interacts with) Solyc07g006630.3"
"interacts with","0.600644","Solyc06g036170.1 (interacts with) Solyc11g044320.2","1.0E-20","false","interacts with","Solyc06g036170.1 (interacts with) Solyc11g044320.2"
"interacts with","0.523574","Solyc07g043330.2 (interacts with) Solyc08g006260.2","1.0E-15","false","interacts with","Solyc07g043330.2 (interacts with) Solyc08g006260.2"
"interacts with","0.550116","Solyc07g043330.2 (interacts with) Solyc12g098370.2","1.0E-15","false","interacts with","Solyc07g043330.2 (interacts with) Solyc12g098370.2"
"interacts with","0.585023","Solyc06g036170.1 (interacts with) Solyc08g014030.1","1.0E-20","false","interacts with","Solyc06g036170.1 (interacts with) Solyc08g014030.1"
"interacts with","0.533361","Solyc07g043330.2 (interacts with) Solyc10g078700.2","1.0E-15","false","interacts with","Solyc07g043330.2 (interacts with) Solyc10g078700.2"
"interacts with","0.694932","Solyc06g036170.1 (interacts with) Solyc12g098370.2","1.0E-20","false","interacts with","Solyc06g036170.1 (interacts with) Solyc12g098370.2"
"interacts with","0.22849","Solyc07g043330.2 (interacts with) Solyc09g010680.3","1.0E-5","false","interacts with","Solyc07g043330.2 (interacts with) Solyc09g010680.3"
"interacts with","0.341183","Solyc11g065840.2 (interacts with) Solyc12g013620.2","1.0E-10","false","interacts with","Solyc11g065840.2 (interacts with) Solyc12g013620.2"
"interacts with","0.777142","Solyc06g036170.1 (interacts with) Solyc06g053960.3","1.0E-25","false","interacts with","Solyc06g036170.1 (interacts with) Solyc06g053960.3"
"interacts with","0.247199","Solyc07g043330.2 (interacts with) Solyc09g015110.2","1.0E-5","false","interacts with","Solyc07g043330.2 (interacts with) Solyc09g015110.2"
"interacts with","0.545822","Solyc07g043330.2 (interacts with) Solyc10g005330.3","1.0E-15","false","interacts with","Solyc07g043330.2 (interacts with) Solyc10g005330.3"
"interacts with","0.53197","Solyc07g043330.2 (interacts with) Solyc12g089240.2","1.0E-15","false","interacts with","Solyc07g043330.2 (interacts with) Solyc12g089240.2"
"interacts with","0.625077","Solyc06g036170.1 (interacts with) Solyc08g061140.3","1.0E-20","false","interacts with","Solyc06g036170.1 (interacts with) Solyc08g061140.3"
"interacts with","0.557822","Solyc02g062760.3 (interacts with) Solyc07g063970.3","1.0E-15","false","interacts with","Solyc02g062760.3 (interacts with) Solyc07g063970.3"
"interacts with","0.815917","Solyc06g036170.1 (interacts with) Solyc06g069430.3","1.0E-25","false","interacts with","Solyc06g036170.1 (interacts with) Solyc06g069430.3"
"interacts with","0.581867","Solyc06g036170.1 (interacts with) Solyc12g006240.2","1.0E-20","false","interacts with","Solyc06g036170.1 (interacts with) Solyc12g006240.2"
"interacts with","0.545086","Solyc02g062760.3 (interacts with) Solyc02g063430.3","1.0E-15","false","interacts with","Solyc02g062760.3 (interacts with) Solyc02g063430.3"
"interacts with","0.693299","Solyc06g036170.1 (interacts with) Solyc11g013480.2","1.0E-20","false","interacts with","Solyc06g036170.1 (interacts with) Solyc11g013480.2"
"interacts with","0.572933","Solyc02g062760.3 (interacts with) Solyc10g079070.2","1.0E-20","false","interacts with","Solyc02g062760.3 (interacts with) Solyc10g079070.2"
"interacts with","0.381163","Solyc06g036170.1 (interacts with) Solyc09g090790.3","1.0E-10","false","interacts with","Solyc06g036170.1 (interacts with) Solyc09g090790.3"
"interacts with","0.544773","Solyc02g062760.3 (interacts with) Solyc06g073980.3","1.0E-15","false","interacts with","Solyc02g062760.3 (interacts with) Solyc06g073980.3"
"interacts with","0.526056","Solyc06g036170.1 (interacts with) Solyc11g072500.2","1.0E-15","false","interacts with","Solyc06g036170.1 (interacts with) Solyc11g072500.2"
"interacts with","0.544623","Solyc02g062760.3 (interacts with) Solyc03g097120.3","1.0E-15","false","interacts with","Solyc02g062760.3 (interacts with) Solyc03g097120.3"
"interacts with","0.715444","Solyc06g036170.1 (interacts with) Solyc10g078700.2","1.0E-25","false","interacts with","Solyc06g036170.1 (interacts with) Solyc10g078700.2"
"interacts with","0.731368","Solyc06g036170.1 (interacts with) Solyc06g053610.3","1.0E-25","false","interacts with","Solyc06g036170.1 (interacts with) Solyc06g053610.3"
"interacts with","0.59683","Solyc02g062760.3 (interacts with) Solyc10g006880.3","1.0E-20","false","interacts with","Solyc02g062760.3 (interacts with) Solyc10g006880.3"
"interacts with","0.747326","Solyc06g036170.1 (interacts with) Solyc10g079070.2","1.0E-25","false","interacts with","Solyc06g036170.1 (interacts with) Solyc10g079070.2"
"interacts with","0.570199","Solyc02g062760.3 (interacts with) Solyc07g052960.2","1.0E-15","false","interacts with","Solyc02g062760.3 (interacts with) Solyc07g052960.2"
"interacts with","0.417311","Solyc06g036170.1 (interacts with) Solyc10g080480.2","1.0E-10","false","interacts with","Solyc06g036170.1 (interacts with) Solyc10g080480.2"
"interacts with","0.580343","Solyc02g062760.3 (interacts with) Solyc02g077920.3","1.0E-20","false","interacts with","Solyc02g062760.3 (interacts with) Solyc02g077920.3"
"interacts with","0.684952","Solyc06g036170.1 (interacts with) Solyc08g006530.3","1.0E-20","false","interacts with","Solyc06g036170.1 (interacts with) Solyc08g006530.3"
"interacts with","0.576423","Solyc02g062760.3 (interacts with) Solyc06g083170.3","1.0E-20","false","interacts with","Solyc02g062760.3 (interacts with) Solyc06g083170.3"
"interacts with","0.623509","Solyc06g036170.1 (interacts with) Solyc08g076860.3","1.0E-20","false","interacts with","Solyc06g036170.1 (interacts with) Solyc08g076860.3"
"interacts with","0.610812","Solyc02g062760.3 (interacts with) Solyc04g077490.3","1.0E-20","false","interacts with","Solyc02g062760.3 (interacts with) Solyc04g077490.3"
"interacts with","0.694028","Solyc06g036170.1 (interacts with) Solyc12g099760.2","1.0E-20","false","interacts with","Solyc06g036170.1 (interacts with) Solyc12g099760.2"
"interacts with","0.57914","Solyc02g062760.3 (interacts with) Solyc09g007260.3","1.0E-20","false","interacts with","Solyc02g062760.3 (interacts with) Solyc09g007260.3"
"interacts with","0.523249","Solyc06g036170.1 (interacts with) Solyc07g043330.2","1.0E-15","false","interacts with","Solyc06g036170.1 (interacts with) Solyc07g043330.2"
"interacts with","0.592586","Solyc06g036170.1 (interacts with) Solyc06g065040.3","1.0E-20","false","interacts with","Solyc06g036170.1 (interacts with) Solyc06g065040.3"
"interacts with","0.28571","Solyc02g062760.3 (interacts with) Solyc05g009660.3","1.0E-5","false","interacts with","Solyc02g062760.3 (interacts with) Solyc05g009660.3"
"interacts with","0.274504","Solyc06g036170.1 (interacts with) Solyc10g007970.2","1.0E-5","false","interacts with","Solyc06g036170.1 (interacts with) Solyc10g007970.2"
"interacts with","0.486846","Solyc02g062760.3 (interacts with) Solyc08g076590.3","1.0E-15","false","interacts with","Solyc02g062760.3 (interacts with) Solyc08g076590.3"
"interacts with","0.56543","Solyc02g062760.3 (interacts with) Solyc05g007180.3","1.0E-15","false","interacts with","Solyc02g062760.3 (interacts with) Solyc05g007180.3"
"interacts with","0.135168","Solyc05g017897.1 (interacts with) Solyc06g005090.3","0.1","false","interacts with","Solyc05g017897.1 (interacts with) Solyc06g005090.3"
"interacts with","0.266555","Solyc02g062760.3 (interacts with) Solyc08g005870.2","1.0E-5","false","interacts with","Solyc02g062760.3 (interacts with) Solyc08g005870.2"
"interacts with","0.642902","Solyc06g036170.1 (interacts with) Solyc07g062680.2","1.0E-20","false","interacts with","Solyc06g036170.1 (interacts with) Solyc07g062680.2"
"interacts with","0.74524","Solyc06g036170.1 (interacts with) Solyc09g007260.3","1.0E-25","false","interacts with","Solyc06g036170.1 (interacts with) Solyc09g007260.3"
"interacts with","0.66356","Solyc11g044320.2 (interacts with) Solyc11g069190.2","1.0E-20","false","interacts with","Solyc11g044320.2 (interacts with) Solyc11g069190.2"
"interacts with","0.812478","Solyc06g036170.1 (interacts with) Solyc11g005380.2","1.0E-25","false","interacts with","Solyc06g036170.1 (interacts with) Solyc11g005380.2"
"interacts with","0.367818","Solyc06g036170.1 (interacts with) Solyc08g082210.3","1.0E-10","false","interacts with","Solyc06g036170.1 (interacts with) Solyc08g082210.3"
"interacts with","0.676401","Solyc06g036170.1 (interacts with) Solyc08g068320.3","1.0E-20","false","interacts with","Solyc06g036170.1 (interacts with) Solyc08g068320.3"
"interacts with","0.59282","Solyc11g044320.2 (interacts with) Solyc11g072470.2","1.0E-20","false","interacts with","Solyc11g044320.2 (interacts with) Solyc11g072470.2"
"interacts with","0.646697","Solyc06g036170.1 (interacts with) Solyc08g060840.1","1.0E-20","false","interacts with","Solyc06g036170.1 (interacts with) Solyc08g060840.1"
"interacts with","0.376757","Solyc06g036170.1 (interacts with) Solyc12g005830.2","1.0E-10","false","interacts with","Solyc06g036170.1 (interacts with) Solyc12g005830.2"
"interacts with","0.320617","Solyc06g036170.1 (interacts with) Solyc10g008160.3","1.0E-10","false","interacts with","Solyc06g036170.1 (interacts with) Solyc10g008160.3"
"interacts with","0.559916","Solyc06g036170.1 (interacts with) Solyc07g066220.3","1.0E-15","false","interacts with","Solyc06g036170.1 (interacts with) Solyc07g066220.3"
"interacts with","0.618184","Solyc07g008180.3 (interacts with) Solyc10g005330.3","1.0E-20","false","interacts with","Solyc07g008180.3 (interacts with) Solyc10g005330.3"
"interacts with","0.553729","Solyc06g036170.1 (interacts with) Solyc06g075140.3","1.0E-15","false","interacts with","Solyc06g036170.1 (interacts with) Solyc06g075140.3"
"interacts with","0.407941","Solyc07g008180.3 (interacts with) Solyc12g098620.2","1.0E-10","false","interacts with","Solyc07g008180.3 (interacts with) Solyc12g098620.2"
"interacts with","0.309511","Solyc08g078340.3 (interacts with) Solyc09g091250.3","1.0E-10","false","interacts with","Solyc08g078340.3 (interacts with) Solyc09g091250.3"
"interacts with","0.728431","Solyc06g036170.1 (interacts with) Solyc11g017470.2","1.0E-25","false","interacts with","Solyc06g036170.1 (interacts with) Solyc11g017470.2"
"interacts with","0.452277","Solyc08g078340.3 (interacts with) Solyc12g044610.2","1.0E-15","false","interacts with","Solyc08g078340.3 (interacts with) Solyc12g044610.2"
"interacts with","0.155874","Solyc07g008180.3 (interacts with) Solyc10g086130.2","1.0E-5","false","interacts with","Solyc07g008180.3 (interacts with) Solyc10g086130.2"
"interacts with","0.437213","Solyc08g078340.3 (interacts with) Solyc12g014610.2","1.0E-15","false","interacts with","Solyc08g078340.3 (interacts with) Solyc12g014610.2"
"interacts with","0.58933","Solyc07g008180.3 (interacts with) Solyc08g006530.3","1.0E-20","false","interacts with","Solyc07g008180.3 (interacts with) Solyc08g006530.3"
"interacts with","0.120252","Solyc05g017897.1 (interacts with) Solyc07g064000.1","0.1","false","interacts with","Solyc05g017897.1 (interacts with) Solyc07g064000.1"
"interacts with","0.4613","Solyc07g008180.3 (interacts with) Solyc11g072150.2","1.0E-15","false","interacts with","Solyc07g008180.3 (interacts with) Solyc11g072150.2"
"interacts with","0.298316","Solyc07g008180.3 (interacts with) Solyc10g078610.1","1.0E-10","false","interacts with","Solyc07g008180.3 (interacts with) Solyc10g078610.1"
"interacts with","0.706692","Solyc07g008180.3 (interacts with) Solyc08g079100.3","1.0E-20","false","interacts with","Solyc07g008180.3 (interacts with) Solyc08g079100.3"
"interacts with","0.596956","Solyc04g005800.3 (interacts with) Solyc06g069430.3","1.0E-20","false","interacts with","Solyc04g005800.3 (interacts with) Solyc06g069430.3"
"interacts with","0.609632","Solyc04g005800.3 (interacts with) Solyc10g006880.3","1.0E-20","false","interacts with","Solyc04g005800.3 (interacts with) Solyc10g006880.3"
"interacts with","0.635478","Solyc04g005800.3 (interacts with) Solyc04g071160.3","1.0E-20","false","interacts with","Solyc04g005800.3 (interacts with) Solyc04g071160.3"
"interacts with","0.598915","Solyc04g005800.3 (interacts with) Solyc10g080770.2","1.0E-20","false","interacts with","Solyc04g005800.3 (interacts with) Solyc10g080770.2"
"interacts with","0.251752","Solyc04g016000.3 (interacts with) Solyc06g061030.3","1.0E-5","false","interacts with","Solyc04g016000.3 (interacts with) Solyc06g061030.3"
"interacts with","0.60821","Solyc04g005800.3 (interacts with) Solyc06g073980.3","1.0E-20","false","interacts with","Solyc04g005800.3 (interacts with) Solyc06g073980.3"
"interacts with","0.628031","Solyc04g005800.3 (interacts with) Solyc09g065670.3","1.0E-20","false","interacts with","Solyc04g005800.3 (interacts with) Solyc09g065670.3"
"interacts with","0.243311","Solyc04g016000.3 (interacts with) Solyc04g045430.3","1.0E-5","false","interacts with","Solyc04g016000.3 (interacts with) Solyc04g045430.3"
"interacts with","0.245425","Solyc04g016000.3 (interacts with) Solyc11g010710.2","1.0E-5","false","interacts with","Solyc04g016000.3 (interacts with) Solyc11g010710.2"
"interacts with","0.603947","Solyc04g005800.3 (interacts with) Solyc04g078640.2","1.0E-20","false","interacts with","Solyc04g005800.3 (interacts with) Solyc04g078640.2"
"interacts with","0.233762","Solyc04g016000.3 (interacts with) Solyc08g077230.3","1.0E-5","false","interacts with","Solyc04g016000.3 (interacts with) Solyc08g077230.3"
"interacts with","0.619972","Solyc04g005800.3 (interacts with) Solyc06g036170.1","1.0E-20","false","interacts with","Solyc04g005800.3 (interacts with) Solyc06g036170.1"
"interacts with","0.230115","Solyc04g016000.3 (interacts with) Solyc04g081000.3","1.0E-5","false","interacts with","Solyc04g016000.3 (interacts with) Solyc04g081000.3"
"interacts with","0.408159","Solyc10g080480.2 (interacts with) Solyc12g098520.2","1.0E-10","false","interacts with","Solyc10g080480.2 (interacts with) Solyc12g098520.2"
"interacts with","0.653835","Solyc04g005800.3 (interacts with) Solyc10g079070.2","1.0E-20","false","interacts with","Solyc04g005800.3 (interacts with) Solyc10g079070.2"
"interacts with","0.45727","Solyc04g005800.3 (interacts with) Solyc08g006490.2","1.0E-15","false","interacts with","Solyc04g005800.3 (interacts with) Solyc08g006490.2"
"interacts with","0.245922","Solyc04g016000.3 (interacts with) Solyc08g008600.3","1.0E-5","false","interacts with","Solyc04g016000.3 (interacts with) Solyc08g008600.3"
"interacts with","0.57725","Solyc04g005800.3 (interacts with) Solyc08g076860.3","1.0E-20","false","interacts with","Solyc04g005800.3 (interacts with) Solyc08g076860.3"
"interacts with","0.453329","Solyc10g080480.2 (interacts with) Solyc12g099370.2","1.0E-15","false","interacts with","Solyc10g080480.2 (interacts with) Solyc12g099370.2"
"interacts with","0.405533","Solyc04g005800.3 (interacts with) Solyc06g053720.2","1.0E-10","false","interacts with","Solyc04g005800.3 (interacts with) Solyc06g053720.2"
"interacts with","0.619821","Solyc04g005800.3 (interacts with) Solyc05g012020.3","1.0E-20","false","interacts with","Solyc04g005800.3 (interacts with) Solyc05g012020.3"
"interacts with","0.610105","Solyc04g005800.3 (interacts with) Solyc10g005330.3","1.0E-20","false","interacts with","Solyc04g005800.3 (interacts with) Solyc10g005330.3"
"interacts with","0.589309","Solyc04g005800.3 (interacts with) Solyc12g089240.2","1.0E-20","false","interacts with","Solyc04g005800.3 (interacts with) Solyc12g089240.2"
"interacts with","0.22211","Solyc04g005800.3 (interacts with) Solyc10g081490.2","1.0E-5","false","interacts with","Solyc04g005800.3 (interacts with) Solyc10g081490.2"
"interacts with","0.460892","Solyc04g005800.3 (interacts with) Solyc07g065570.2","1.0E-15","false","interacts with","Solyc04g005800.3 (interacts with) Solyc07g065570.2"
"interacts with","0.294271","Solyc04g005800.3 (interacts with) Solyc04g054685.1","1.0E-10","false","interacts with","Solyc04g005800.3 (interacts with) Solyc04g054685.1"
"interacts with","0.457356","Solyc08g077110.3 (interacts with) Solyc10g086640.2","1.0E-15","false","interacts with","Solyc08g077110.3 (interacts with) Solyc10g086640.2"
"interacts with","0.392346","Solyc08g077110.3 (interacts with) Solyc11g065700.2","1.0E-10","false","interacts with","Solyc08g077110.3 (interacts with) Solyc11g065700.2"
"interacts with","0.388825","Solyc08g077110.3 (interacts with) Solyc10g081320.1","1.0E-10","false","interacts with","Solyc08g077110.3 (interacts with) Solyc10g081320.1"
"interacts with","0.449855","Solyc03g082550.3 (interacts with) Solyc07g063420.3","1.0E-15","false","interacts with","Solyc03g082550.3 (interacts with) Solyc07g063420.3"
"interacts with","0.45618","Solyc03g082550.3 (interacts with) Solyc11g017470.2","1.0E-15","false","interacts with","Solyc03g082550.3 (interacts with) Solyc11g017470.2"
"interacts with","0.492625","Solyc03g082550.3 (interacts with) Solyc04g076530.3","1.0E-15","false","interacts with","Solyc03g082550.3 (interacts with) Solyc04g076530.3"
"interacts with","0.464688","Solyc03g082550.3 (interacts with) Solyc04g078640.2","1.0E-15","false","interacts with","Solyc03g082550.3 (interacts with) Solyc04g078640.2"
"interacts with","0.140199","Solyc03g082550.3 (interacts with) Solyc03g111475.1","0.1","false","interacts with","Solyc03g082550.3 (interacts with) Solyc03g111475.1"
"interacts with","0.462379","Solyc03g082550.3 (interacts with) Solyc05g012020.3","1.0E-15","false","interacts with","Solyc03g082550.3 (interacts with) Solyc05g012020.3"
"interacts with","0.453849","Solyc03g082550.3 (interacts with) Solyc06g053960.3","1.0E-15","false","interacts with","Solyc03g082550.3 (interacts with) Solyc06g053960.3"
"interacts with","0.489787","Solyc03g082550.3 (interacts with) Solyc10g006880.3","1.0E-15","false","interacts with","Solyc03g082550.3 (interacts with) Solyc10g006880.3"
"interacts with","0.460085","Solyc03g082550.3 (interacts with) Solyc03g097120.3","1.0E-15","false","interacts with","Solyc03g082550.3 (interacts with) Solyc03g097120.3"
"interacts with","0.490023","Solyc03g082550.3 (interacts with) Solyc12g098520.2","1.0E-15","false","interacts with","Solyc03g082550.3 (interacts with) Solyc12g098520.2"
"interacts with","0.455282","Solyc03g123400.1 (interacts with) Solyc08g068320.3","1.0E-15","false","interacts with","Solyc03g123400.1 (interacts with) Solyc08g068320.3"
"interacts with","0.513505","Solyc03g123400.1 (interacts with) Solyc04g014530.1","1.0E-15","false","interacts with","Solyc03g123400.1 (interacts with) Solyc04g014530.1"
"interacts with","0.504208","Solyc03g123400.1 (interacts with) Solyc05g056040.3","1.0E-15","false","interacts with","Solyc03g123400.1 (interacts with) Solyc05g056040.3"
"interacts with","0.538613","Solyc03g115120.1 (interacts with) Solyc10g079070.2","1.0E-15","false","interacts with","Solyc03g115120.1 (interacts with) Solyc10g079070.2"
"interacts with","0.505592","Solyc03g123400.1 (interacts with) Solyc05g051460.3","1.0E-15","false","interacts with","Solyc03g123400.1 (interacts with) Solyc05g051460.3"
"interacts with","0.55869","Solyc03g115120.1 (interacts with) Solyc07g041640.3","1.0E-15","false","interacts with","Solyc03g115120.1 (interacts with) Solyc07g041640.3"
"interacts with","0.489006","Solyc03g123400.1 (interacts with) Solyc06g069430.3","1.0E-15","false","interacts with","Solyc03g123400.1 (interacts with) Solyc06g069430.3"
"interacts with","0.53875","Solyc03g115120.1 (interacts with) Solyc07g055100.3","1.0E-15","false","interacts with","Solyc03g115120.1 (interacts with) Solyc07g055100.3"
"interacts with","0.467595","Solyc03g123400.1 (interacts with) Solyc10g006880.3","1.0E-15","false","interacts with","Solyc03g123400.1 (interacts with) Solyc10g006880.3"
"interacts with","0.461546","Solyc03g123400.1 (interacts with) Solyc04g071160.3","1.0E-15","false","interacts with","Solyc03g123400.1 (interacts with) Solyc04g071160.3"
"interacts with","0.477727","Solyc03g123400.1 (interacts with) Solyc06g073980.3","1.0E-15","false","interacts with","Solyc03g123400.1 (interacts with) Solyc06g073980.3"
"interacts with","0.531149","Solyc03g115120.1 (interacts with) Solyc10g006880.3","1.0E-15","false","interacts with","Solyc03g115120.1 (interacts with) Solyc10g006880.3"
"interacts with","0.508204","Solyc03g115120.1 (interacts with) Solyc11g044320.2","1.0E-15","false","interacts with","Solyc03g115120.1 (interacts with) Solyc11g044320.2"
"interacts with","0.524009","Solyc03g115120.1 (interacts with) Solyc06g049040.3","1.0E-15","false","interacts with","Solyc03g115120.1 (interacts with) Solyc06g049040.3"
"interacts with","0.516088","Solyc03g115120.1 (interacts with) Solyc05g012020.3","1.0E-15","false","interacts with","Solyc03g115120.1 (interacts with) Solyc05g012020.3"
"interacts with","0.546197","Solyc03g115120.1 (interacts with) Solyc10g078700.2","1.0E-15","false","interacts with","Solyc03g115120.1 (interacts with) Solyc10g078700.2"
"interacts with","0.571352","Solyc06g050520.2 (interacts with) Solyc07g041640.3","1.0E-15","false","interacts with","Solyc06g050520.2 (interacts with) Solyc07g041640.3"
"interacts with","0.448442","Solyc06g050520.2 (interacts with) Solyc06g072040.1","1.0E-15","false","interacts with","Solyc06g050520.2 (interacts with) Solyc06g072040.1"
"interacts with","0.42743","Solyc06g050520.2 (interacts with) Solyc07g063830.3","1.0E-10","false","interacts with","Solyc06g050520.2 (interacts with) Solyc07g063830.3"
"interacts with","0.600618","Solyc06g050520.2 (interacts with) Solyc09g010840.1","1.0E-20","false","interacts with","Solyc06g050520.2 (interacts with) Solyc09g010840.1"
"interacts with","0.611334","Solyc06g050520.2 (interacts with) Solyc06g065040.3","1.0E-20","false","interacts with","Solyc06g050520.2 (interacts with) Solyc06g065040.3"
"interacts with","0.538569","Solyc06g050520.2 (interacts with) Solyc06g062670.3","1.0E-15","false","interacts with","Solyc06g050520.2 (interacts with) Solyc06g062670.3"
"interacts with","0.608202","Solyc06g050520.2 (interacts with) Solyc09g065670.3","1.0E-20","false","interacts with","Solyc06g050520.2 (interacts with) Solyc09g065670.3"
"interacts with","0.62445","Solyc06g050520.2 (interacts with) Solyc11g013480.2","1.0E-20","false","interacts with","Solyc06g050520.2 (interacts with) Solyc11g013480.2"
"interacts with","0.475378","Solyc06g050520.2 (interacts with) Solyc11g065700.2","1.0E-15","false","interacts with","Solyc06g050520.2 (interacts with) Solyc11g065700.2"
"interacts with","0.518819","Solyc04g076530.3 (interacts with) Solyc12g098520.2","1.0E-15","false","interacts with","Solyc04g076530.3 (interacts with) Solyc12g098520.2"
"interacts with","0.512897","Solyc04g076530.3 (interacts with) Solyc10g006880.3","1.0E-15","false","interacts with","Solyc04g076530.3 (interacts with) Solyc10g006880.3"
"interacts with","0.558605","Solyc04g076530.3 (interacts with) Solyc12g013620.2","1.0E-15","false","interacts with","Solyc04g076530.3 (interacts with) Solyc12g013620.2"
"interacts with","0.240943","Solyc04g076530.3 (interacts with) Solyc06g069310.3","1.0E-5","false","interacts with","Solyc04g076530.3 (interacts with) Solyc06g069310.3"
"interacts with","0.560429","Solyc04g076530.3 (interacts with) Solyc04g078640.2","1.0E-15","false","interacts with","Solyc04g076530.3 (interacts with) Solyc04g078640.2"
"interacts with","0.312095","Solyc04g076530.3 (interacts with) Solyc08g076230.1","1.0E-10","false","interacts with","Solyc04g076530.3 (interacts with) Solyc08g076230.1"
"interacts with","0.522562","Solyc04g076530.3 (interacts with) Solyc07g063420.3","1.0E-15","false","interacts with","Solyc04g076530.3 (interacts with) Solyc07g063420.3"
"interacts with","0.261023","Solyc01g096320.3 (interacts with) Solyc05g053330.3","1.0E-5","false","interacts with","Solyc01g096320.3 (interacts with) Solyc05g053330.3"
"interacts with","0.611208","Solyc01g096320.3 (interacts with) Solyc04g078640.2","1.0E-20","false","interacts with","Solyc01g096320.3 (interacts with) Solyc04g078640.2"
"interacts with","0.59764","Solyc01g096320.3 (interacts with) Solyc06g036170.1","1.0E-20","false","interacts with","Solyc01g096320.3 (interacts with) Solyc06g036170.1"
"interacts with","0.629132","Solyc01g096320.3 (interacts with) Solyc11g017470.2","1.0E-20","false","interacts with","Solyc01g096320.3 (interacts with) Solyc11g017470.2"
"interacts with","0.206641","Solyc10g054010.1 (interacts with) Solyc12g049320.2","1.0E-5","false","interacts with","Solyc10g054010.1 (interacts with) Solyc12g049320.2"
"interacts with","0.339992","Solyc10g054010.1 (interacts with) Solyc11g071300.2","1.0E-10","false","interacts with","Solyc10g054010.1 (interacts with) Solyc11g071300.2"
"interacts with","0.624578","Solyc01g096320.3 (interacts with) Solyc12g013620.2","1.0E-20","false","interacts with","Solyc01g096320.3 (interacts with) Solyc12g013620.2"
"interacts with","0.623051","Solyc01g096320.3 (interacts with) Solyc10g006880.3","1.0E-20","false","interacts with","Solyc01g096320.3 (interacts with) Solyc10g006880.3"
"interacts with","0.197948","Solyc01g096320.3 (interacts with) Solyc09g009490.3","1.0E-5","false","interacts with","Solyc01g096320.3 (interacts with) Solyc09g009490.3"
"interacts with","0.617265","Solyc01g096320.3 (interacts with) Solyc08g068320.3","1.0E-20","false","interacts with","Solyc01g096320.3 (interacts with) Solyc08g068320.3"
"interacts with","0.661012","Solyc01g096320.3 (interacts with) Solyc07g052960.2","1.0E-20","false","interacts with","Solyc01g096320.3 (interacts with) Solyc07g052960.2"
"interacts with","0.619018","Solyc01g096320.3 (interacts with) Solyc05g007180.3","1.0E-20","false","interacts with","Solyc01g096320.3 (interacts with) Solyc05g007180.3"
"interacts with","0.458438","Solyc01g096320.3 (interacts with) Solyc12g099370.2","1.0E-15","false","interacts with","Solyc01g096320.3 (interacts with) Solyc12g099370.2"
"interacts with","0.239109","Solyc01g096320.3 (interacts with) Solyc09g015110.2","1.0E-5","false","interacts with","Solyc01g096320.3 (interacts with) Solyc09g015110.2"
"interacts with","0.596978","Solyc01g096320.3 (interacts with) Solyc09g010840.1","1.0E-20","false","interacts with","Solyc01g096320.3 (interacts with) Solyc09g010840.1"
"interacts with","0.6064","Solyc01g096320.3 (interacts with) Solyc10g018780.2","1.0E-20","false","interacts with","Solyc01g096320.3 (interacts with) Solyc10g018780.2"
"interacts with","0.553014","Solyc01g096320.3 (interacts with) Solyc12g006240.2","1.0E-15","false","interacts with","Solyc01g096320.3 (interacts with) Solyc12g006240.2"
"interacts with","0.246809","Solyc01g096320.3 (interacts with) Solyc03g095980.3","1.0E-5","false","interacts with","Solyc01g096320.3 (interacts with) Solyc03g095980.3"
"interacts with","0.636878","Solyc01g096320.3 (interacts with) Solyc06g053960.3","1.0E-20","false","interacts with","Solyc01g096320.3 (interacts with) Solyc06g053960.3"
"interacts with","0.736108","Solyc01g087030.3 (interacts with) Solyc03g097120.3","1.0E-25","false","interacts with","Solyc01g087030.3 (interacts with) Solyc03g097120.3"
"interacts with","0.62597","Solyc01g096320.3 (interacts with) Solyc03g113270.3","1.0E-20","false","interacts with","Solyc01g096320.3 (interacts with) Solyc03g113270.3"
"interacts with","0.592381","Solyc01g087030.3 (interacts with) Solyc04g005800.3","1.0E-20","false","interacts with","Solyc01g087030.3 (interacts with) Solyc04g005800.3"
"interacts with","0.12361","Solyc01g103840.1 (interacts with) Solyc03g098260.2","0.1","false","interacts with","Solyc01g103840.1 (interacts with) Solyc03g098260.2"
"interacts with","0.709153","Solyc01g087030.3 (interacts with) Solyc10g006880.3","1.0E-20","false","interacts with","Solyc01g087030.3 (interacts with) Solyc10g006880.3"
"interacts with","0.115786","Solyc01g103840.1 (interacts with) Solyc06g005090.3","0.1","false","interacts with","Solyc01g103840.1 (interacts with) Solyc06g005090.3"
"interacts with","0.427189","Solyc01g087030.3 (interacts with) Solyc07g006630.3","1.0E-10","false","interacts with","Solyc01g087030.3 (interacts with) Solyc07g006630.3"
"interacts with","0.603942","Solyc01g087030.3 (interacts with) Solyc07g008180.3","1.0E-20","false","interacts with","Solyc01g087030.3 (interacts with) Solyc07g008180.3"
"interacts with","0.107431","Solyc01g103840.1 (interacts with) Solyc05g018438.1","0.1","false","interacts with","Solyc01g103840.1 (interacts with) Solyc05g018438.1"
"interacts with","0.490774","Solyc01g087030.3 (interacts with) Solyc03g082550.3","1.0E-15","false","interacts with","Solyc01g087030.3 (interacts with) Solyc03g082550.3"
"interacts with","0.143806","Solyc01g103840.1 (interacts with) Solyc02g077840.1","0.1","false","interacts with","Solyc01g103840.1 (interacts with) Solyc02g077840.1"
"interacts with","0.744379","Solyc01g087030.3 (interacts with) Solyc04g078640.2","1.0E-25","false","interacts with","Solyc01g087030.3 (interacts with) Solyc04g078640.2"
"interacts with","0.692771","Solyc01g087030.3 (interacts with) Solyc06g036170.1","1.0E-20","false","interacts with","Solyc01g087030.3 (interacts with) Solyc06g036170.1"
"interacts with","0.611355","Solyc01g087030.3 (interacts with) Solyc07g066220.3","1.0E-20","false","interacts with","Solyc01g087030.3 (interacts with) Solyc07g066220.3"
"interacts with","0.112285","Solyc01g103840.1 (interacts with) Solyc09g009490.3","0.1","false","interacts with","Solyc01g103840.1 (interacts with) Solyc09g009490.3"
"interacts with","0.301243","Solyc01g087030.3 (interacts with) Solyc08g076230.1","1.0E-10","false","interacts with","Solyc01g087030.3 (interacts with) Solyc08g076230.1"
"interacts with","0.414004","Solyc01g087030.3 (interacts with) Solyc05g051200.1","1.0E-10","false","interacts with","Solyc01g087030.3 (interacts with) Solyc05g051200.1"
"interacts with","0.507532","Solyc01g087030.3 (interacts with) Solyc01g094485.1","1.0E-15","false","interacts with","Solyc01g087030.3 (interacts with) Solyc01g094485.1"
"interacts with","0.473678","Solyc01g087030.3 (interacts with) Solyc11g065700.2","1.0E-15","false","interacts with","Solyc01g087030.3 (interacts with) Solyc11g065700.2"
"interacts with","0.248547","Solyc01g087030.3 (interacts with) Solyc03g006830.3","1.0E-5","false","interacts with","Solyc01g087030.3 (interacts with) Solyc03g006830.3"
"interacts with","0.329755","Solyc12g006120.2 (interacts with) Solyc12g014140.2","1.0E-10","false","interacts with","Solyc12g006120.2 (interacts with) Solyc12g014140.2"
"interacts with","0.304741","Solyc02g093050.3 (interacts with) Solyc07g055710.3","1.0E-10","false","interacts with","Solyc02g093050.3 (interacts with) Solyc07g055710.3"
"interacts with","0.251297","Solyc02g093050.3 (interacts with) Solyc08g078340.3","1.0E-5","false","interacts with","Solyc02g093050.3 (interacts with) Solyc08g078340.3"
"interacts with","0.311075","Solyc02g093050.3 (interacts with) Solyc04g009440.3","1.0E-10","false","interacts with","Solyc02g093050.3 (interacts with) Solyc04g009440.3"
"interacts with","0.462576","Solyc01g087030.3 (interacts with) Solyc02g084200.2","1.0E-15","false","interacts with","Solyc01g087030.3 (interacts with) Solyc02g084200.2"
"interacts with","0.140262","Solyc02g093050.3 (interacts with) Solyc07g052830.3","0.1","false","interacts with","Solyc02g093050.3 (interacts with) Solyc07g052830.3"
"interacts with","0.550127","Solyc01g087030.3 (interacts with) Solyc04g005130.3","1.0E-15","false","interacts with","Solyc01g087030.3 (interacts with) Solyc04g005130.3"
"interacts with","0.304766","Solyc01g087030.3 (interacts with) Solyc12g006120.2","1.0E-10","false","interacts with","Solyc01g087030.3 (interacts with) Solyc12g006120.2"
"interacts with","0.261542","Solyc02g093050.3 (interacts with) Solyc05g055030.2","1.0E-5","false","interacts with","Solyc02g093050.3 (interacts with) Solyc05g055030.2"
"interacts with","0.683978","Solyc01g087030.3 (interacts with) Solyc06g069430.3","1.0E-20","false","interacts with","Solyc01g087030.3 (interacts with) Solyc06g069430.3"
"interacts with","0.846732","Solyc01g087030.3 (interacts with) Solyc12g098520.2","1.0E-25","false","interacts with","Solyc01g087030.3 (interacts with) Solyc12g098520.2"
"interacts with","0.785725","Solyc01g087030.3 (interacts with) Solyc04g071160.3","1.0E-25","false","interacts with","Solyc01g087030.3 (interacts with) Solyc04g071160.3"
"interacts with","0.365819","Solyc01g087030.3 (interacts with) Solyc09g090790.3","1.0E-10","false","interacts with","Solyc01g087030.3 (interacts with) Solyc09g090790.3"
"interacts with","0.420194","Solyc01g087030.3 (interacts with) Solyc10g080480.2","1.0E-10","false","interacts with","Solyc01g087030.3 (interacts with) Solyc10g080480.2"
"interacts with","0.561005","Solyc01g087030.3 (interacts with) Solyc04g076530.3","1.0E-15","false","interacts with","Solyc01g087030.3 (interacts with) Solyc04g076530.3"
"interacts with","0.311242","Solyc01g087030.3 (interacts with) Solyc10g078610.1","1.0E-10","false","interacts with","Solyc01g087030.3 (interacts with) Solyc10g078610.1"
"interacts with","0.293271","Solyc01g087030.3 (interacts with) Solyc02g071730.3","1.0E-10","false","interacts with","Solyc01g087030.3 (interacts with) Solyc02g071730.3"
"interacts with","0.572502","Solyc02g085910.3 (interacts with) Solyc04g071160.3","1.0E-20","false","interacts with","Solyc02g085910.3 (interacts with) Solyc04g071160.3"
"interacts with","0.569287","Solyc01g087030.3 (interacts with) Solyc03g118190.3","1.0E-15","false","interacts with","Solyc01g087030.3 (interacts with) Solyc03g118190.3"
"interacts with","0.252369","Solyc02g085910.3 (interacts with) Solyc12g088130.2","1.0E-5","false","interacts with","Solyc02g085910.3 (interacts with) Solyc12g088130.2"
"interacts with","0.752934","Solyc01g087030.3 (interacts with) Solyc04g045430.3","1.0E-25","false","interacts with","Solyc01g087030.3 (interacts with) Solyc04g045430.3"
"interacts with","0.631487","Solyc02g085910.3 (interacts with) Solyc06g061240.3","1.0E-20","false","interacts with","Solyc02g085910.3 (interacts with) Solyc06g061240.3"
"interacts with","0.572263","Solyc02g085910.3 (interacts with) Solyc10g079050.2","1.0E-20","false","interacts with","Solyc02g085910.3 (interacts with) Solyc10g079050.2"
"interacts with","0.175424","Solyc01g087030.3 (interacts with) Solyc07g052830.3","1.0E-5","false","interacts with","Solyc01g087030.3 (interacts with) Solyc07g052830.3"
"interacts with","0.715621","Solyc01g087030.3 (interacts with) Solyc03g026020.3","1.0E-25","false","interacts with","Solyc01g087030.3 (interacts with) Solyc03g026020.3"
"interacts with","0.355716","Solyc02g085910.3 (interacts with) Solyc06g074170.3","1.0E-10","false","interacts with","Solyc02g085910.3 (interacts with) Solyc06g074170.3"
"interacts with","0.590243","Solyc02g085910.3 (interacts with) Solyc04g078640.2","1.0E-20","false","interacts with","Solyc02g085910.3 (interacts with) Solyc04g078640.2"
"interacts with","0.297586","Solyc02g085910.3 (interacts with) Solyc10g078610.1","1.0E-10","false","interacts with","Solyc02g085910.3 (interacts with) Solyc10g078610.1"
"interacts with","0.546257","Solyc02g085910.3 (interacts with) Solyc06g036170.1","1.0E-15","false","interacts with","Solyc02g085910.3 (interacts with) Solyc06g036170.1"
"interacts with","0.448313","Solyc01g087030.3 (interacts with) Solyc11g008830.2","1.0E-15","false","interacts with","Solyc01g087030.3 (interacts with) Solyc11g008830.2"
"interacts with","0.296926","Solyc02g085910.3 (interacts with) Solyc10g008160.3","1.0E-10","false","interacts with","Solyc02g085910.3 (interacts with) Solyc10g008160.3"
"interacts with","0.591723","Solyc01g087030.3 (interacts with) Solyc07g063420.3","1.0E-20","false","interacts with","Solyc01g087030.3 (interacts with) Solyc07g063420.3"
"interacts with","0.244048","Solyc02g085910.3 (interacts with) Solyc09g015110.2","1.0E-5","false","interacts with","Solyc02g085910.3 (interacts with) Solyc09g015110.2"
"interacts with","0.400822","Solyc01g087030.3 (interacts with) Solyc01g111580.3","1.0E-10","false","interacts with","Solyc01g087030.3 (interacts with) Solyc01g111580.3"
"interacts with","0.390335","Solyc02g085910.3 (interacts with) Solyc05g051200.1","1.0E-10","false","interacts with","Solyc02g085910.3 (interacts with) Solyc05g051200.1"
"interacts with","0.575256","Solyc02g085910.3 (interacts with) Solyc03g118190.3","1.0E-20","false","interacts with","Solyc02g085910.3 (interacts with) Solyc03g118190.3"
"interacts with","0.543991","Solyc02g085910.3 (interacts with) Solyc05g012020.3","1.0E-15","false","interacts with","Solyc02g085910.3 (interacts with) Solyc05g012020.3"
"interacts with","0.260387","Solyc02g085910.3 (interacts with) Solyc09g089930.2","1.0E-5","false","interacts with","Solyc02g085910.3 (interacts with) Solyc09g089930.2"
"interacts with","0.56946","Solyc02g085910.3 (interacts with) Solyc03g026020.3","1.0E-15","false","interacts with","Solyc02g085910.3 (interacts with) Solyc03g026020.3"
"interacts with","0.47144","Solyc09g009100.3 (interacts with) Solyc12g056790.2","1.0E-15","false","interacts with","Solyc09g009100.3 (interacts with) Solyc12g056790.2"
"interacts with","0.331678","Solyc02g085910.3 (interacts with) Solyc12g006120.2","1.0E-10","false","interacts with","Solyc02g085910.3 (interacts with) Solyc12g006120.2"
"interacts with","0.396514","Solyc09g009100.3 (interacts with) Solyc12g044410.2","1.0E-10","false","interacts with","Solyc09g009100.3 (interacts with) Solyc12g044410.2"
"interacts with","0.270694","Solyc09g089930.2 (interacts with) Solyc11g069190.2","1.0E-5","false","interacts with","Solyc09g089930.2 (interacts with) Solyc11g069190.2"
"interacts with","0.733032","Solyc04g072220.3 (interacts with) Solyc07g066220.3","1.0E-25","false","interacts with","Solyc04g072220.3 (interacts with) Solyc07g066220.3"
"interacts with","0.563396","Solyc04g072220.3 (interacts with) Solyc06g082010.3","1.0E-15","false","interacts with","Solyc04g072220.3 (interacts with) Solyc06g082010.3"
"interacts with","0.541491","Solyc04g072220.3 (interacts with) Solyc07g047960.3","1.0E-15","false","interacts with","Solyc04g072220.3 (interacts with) Solyc07g047960.3"
"interacts with","0.401638","Solyc04g072220.3 (interacts with) Solyc12g010890.2","1.0E-10","false","interacts with","Solyc04g072220.3 (interacts with) Solyc12g010890.2"
"interacts with","0.548563","Solyc04g072220.3 (interacts with) Solyc05g007160.3","1.0E-15","false","interacts with","Solyc04g072220.3 (interacts with) Solyc05g007160.3"
"interacts with","0.355219","Solyc04g072220.3 (interacts with) Solyc07g016180.3","1.0E-10","false","interacts with","Solyc04g072220.3 (interacts with) Solyc07g016180.3"
"interacts with","0.702591","Solyc04g072220.3 (interacts with) Solyc12g056790.2","1.0E-20","false","interacts with","Solyc04g072220.3 (interacts with) Solyc12g056790.2"
"interacts with","0.238633","Solyc09g015110.2 (interacts with) Solyc10g079070.2","1.0E-5","false","interacts with","Solyc09g015110.2 (interacts with) Solyc10g079070.2"
"interacts with","0.260596","Solyc09g015110.2 (interacts with) Solyc12g005830.2","1.0E-5","false","interacts with","Solyc09g015110.2 (interacts with) Solyc12g005830.2"
"interacts with","0.117507","Solyc04g056740.1 (interacts with) Solyc07g062200.2","0.1","false","interacts with","Solyc04g056740.1 (interacts with) Solyc07g062200.2"
"interacts with","0.25005","Solyc09g015110.2 (interacts with) Solyc11g005380.2","1.0E-5","false","interacts with","Solyc09g015110.2 (interacts with) Solyc11g005380.2"
"interacts with","0.243538","Solyc09g015110.2 (interacts with) Solyc12g014140.2","1.0E-5","false","interacts with","Solyc09g015110.2 (interacts with) Solyc12g014140.2"
"interacts with","0.240222","Solyc09g015110.2 (interacts with) Solyc11g013480.2","1.0E-5","false","interacts with","Solyc09g015110.2 (interacts with) Solyc11g013480.2"
"interacts with","0.259271","Solyc09g015110.2 (interacts with) Solyc09g074640.3","1.0E-5","false","interacts with","Solyc09g015110.2 (interacts with) Solyc09g074640.3"
"interacts with","0.562689","Solyc04g009440.3 (interacts with) Solyc10g055760.2","1.0E-15","false","interacts with","Solyc04g009440.3 (interacts with) Solyc10g055760.2"
"interacts with","0.422787","Solyc04g009440.3 (interacts with) Solyc07g047960.3","1.0E-10","false","interacts with","Solyc04g009440.3 (interacts with) Solyc07g047960.3"
"interacts with","0.122717","Solyc04g056740.1 (interacts with) Solyc09g014990.3","0.1","false","interacts with","Solyc04g056740.1 (interacts with) Solyc09g014990.3"
"interacts with","0.523046","Solyc04g009440.3 (interacts with) Solyc06g082010.3","1.0E-15","false","interacts with","Solyc04g009440.3 (interacts with) Solyc06g082010.3"
"interacts with","0.537784","Solyc04g009440.3 (interacts with) Solyc07g055710.3","1.0E-15","false","interacts with","Solyc04g009440.3 (interacts with) Solyc07g055710.3"
"interacts with","0.382425","Solyc04g009440.3 (interacts with) Solyc08g062490.3","1.0E-10","false","interacts with","Solyc04g009440.3 (interacts with) Solyc08g062490.3"
"interacts with","0.45951","Solyc04g009440.3 (interacts with) Solyc04g079940.3","1.0E-15","false","interacts with","Solyc04g009440.3 (interacts with) Solyc04g079940.3"
"interacts with","0.172063","Solyc04g009440.3 (interacts with) Solyc06g009710.3","1.0E-5","false","interacts with","Solyc04g009440.3 (interacts with) Solyc06g009710.3"
"interacts with","0.340603","Solyc04g009440.3 (interacts with) Solyc09g083360.3","1.0E-10","false","interacts with","Solyc04g009440.3 (interacts with) Solyc09g083360.3"
"interacts with","0.586703","Solyc04g009440.3 (interacts with) Solyc05g054170.3","1.0E-20","false","interacts with","Solyc04g009440.3 (interacts with) Solyc05g054170.3"
"interacts with","0.439046","Solyc04g009440.3 (interacts with) Solyc09g014990.3","1.0E-15","false","interacts with","Solyc04g009440.3 (interacts with) Solyc09g014990.3"
"interacts with","0.10833","Solyc04g056740.1 (interacts with) Solyc07g053680.2","0.1","false","interacts with","Solyc04g056740.1 (interacts with) Solyc07g053680.2"
"interacts with","0.489905","Solyc04g009440.3 (interacts with) Solyc08g067340.3","1.0E-15","false","interacts with","Solyc04g009440.3 (interacts with) Solyc08g067340.3"
"interacts with","0.452215","Solyc04g009440.3 (interacts with) Solyc05g052050.1","1.0E-15","false","interacts with","Solyc04g009440.3 (interacts with) Solyc05g052050.1"
"interacts with","0.3458","Solyc08g062490.3 (interacts with) Solyc10g055760.2","1.0E-10","false","interacts with","Solyc08g062490.3 (interacts with) Solyc10g055760.2"
"interacts with","0.497745","Solyc10g009080.3 (interacts with) Solyc10g018780.2","1.0E-15","false","interacts with","Solyc10g009080.3 (interacts with) Solyc10g018780.2"
"interacts with","0.512887","Solyc10g009080.3 (interacts with) Solyc11g017470.2","1.0E-15","false","interacts with","Solyc10g009080.3 (interacts with) Solyc11g017470.2"
"interacts with","0.350339","Solyc03g095940.1 (interacts with) Solyc08g029090.3","1.0E-10","false","interacts with","Solyc03g095940.1 (interacts with) Solyc08g029090.3"
"interacts with","0.252719","Solyc01g079560.3 (interacts with) Solyc07g052960.2","1.0E-5","false","interacts with","Solyc01g079560.3 (interacts with) Solyc07g052960.2"
"interacts with","0.241005","Solyc01g079560.3 (interacts with) Solyc01g102980.3","1.0E-5","false","interacts with","Solyc01g079560.3 (interacts with) Solyc01g102980.3"
"interacts with","0.156828","Solyc05g020020.3 (interacts with) Solyc05g051420.2","1.0E-5","false","interacts with","Solyc05g020020.3 (interacts with) Solyc05g051420.2"
"interacts with","0.244807","Solyc01g079560.3 (interacts with) Solyc07g062680.2","1.0E-5","false","interacts with","Solyc01g079560.3 (interacts with) Solyc07g062680.2"
"interacts with","0.251234","Solyc01g079560.3 (interacts with) Solyc02g077920.3","1.0E-5","false","interacts with","Solyc01g079560.3 (interacts with) Solyc02g077920.3"
"interacts with","0.333031","Solyc03g095940.1 (interacts with) Solyc05g012020.3","1.0E-10","false","interacts with","Solyc03g095940.1 (interacts with) Solyc05g012020.3"
"interacts with","0.254313","Solyc01g079560.3 (interacts with) Solyc08g076590.3","1.0E-5","false","interacts with","Solyc01g079560.3 (interacts with) Solyc08g076590.3"
"interacts with","0.388735","Solyc05g020020.3 (interacts with) Solyc08g078340.3","1.0E-10","false","interacts with","Solyc05g020020.3 (interacts with) Solyc08g078340.3"
"interacts with","0.240101","Solyc01g079560.3 (interacts with) Solyc04g080790.3","1.0E-5","false","interacts with","Solyc01g079560.3 (interacts with) Solyc04g080790.3"
"interacts with","0.247454","Solyc01g079560.3 (interacts with) Solyc03g113760.3","1.0E-5","false","interacts with","Solyc01g079560.3 (interacts with) Solyc03g113760.3"
"interacts with","0.24375","Solyc01g079560.3 (interacts with) Solyc11g010340.2","1.0E-5","false","interacts with","Solyc01g079560.3 (interacts with) Solyc11g010340.2"
"interacts with","0.251755","Solyc01g079560.3 (interacts with) Solyc11g017470.2","1.0E-5","false","interacts with","Solyc01g079560.3 (interacts with) Solyc11g017470.2"
"interacts with","0.242207","Solyc01g079560.3 (interacts with) Solyc12g005830.2","1.0E-5","false","interacts with","Solyc01g079560.3 (interacts with) Solyc12g005830.2"
"interacts with","0.263731","Solyc01g079560.3 (interacts with) Solyc08g080150.1","1.0E-5","false","interacts with","Solyc01g079560.3 (interacts with) Solyc08g080150.1"
"interacts with","0.624445","Solyc05g052410.2 (interacts with) Solyc06g082300.3","1.0E-20","false","interacts with","Solyc05g052410.2 (interacts with) Solyc06g082300.3"
"interacts with","0.252283","Solyc01g079560.3 (interacts with) Solyc12g008350.2","1.0E-5","false","interacts with","Solyc01g079560.3 (interacts with) Solyc12g008350.2"
"interacts with","0.244883","Solyc01g079560.3 (interacts with) Solyc09g074640.3","1.0E-5","false","interacts with","Solyc01g079560.3 (interacts with) Solyc09g074640.3"
"interacts with","0.145015","Solyc10g086130.2 (interacts with) Solyc11g017100.1","0.1","false","interacts with","Solyc10g086130.2 (interacts with) Solyc11g017100.1"
"interacts with","0.483682","Solyc05g052410.2 (interacts with) Solyc12g014610.2","1.0E-15","false","interacts with","Solyc05g052410.2 (interacts with) Solyc12g014610.2"
"interacts with","0.522371","Solyc05g052410.2 (interacts with) Solyc07g043330.2","1.0E-15","false","interacts with","Solyc05g052410.2 (interacts with) Solyc07g043330.2"
"interacts with","0.250884","Solyc01g079560.3 (interacts with) Solyc07g053590.3","1.0E-5","false","interacts with","Solyc01g079560.3 (interacts with) Solyc07g053590.3"
"interacts with","0.240305","Solyc01g079560.3 (interacts with) Solyc02g092050.3","1.0E-5","false","interacts with","Solyc01g079560.3 (interacts with) Solyc02g092050.3"
"interacts with","0.652796","Solyc05g052410.2 (interacts with) Solyc12g089240.2","1.0E-20","false","interacts with","Solyc05g052410.2 (interacts with) Solyc12g089240.2"
"interacts with","0.240152","Solyc01g079560.3 (interacts with) Solyc03g097120.3","1.0E-5","false","interacts with","Solyc01g079560.3 (interacts with) Solyc03g097120.3"
"interacts with","0.201687","Solyc05g052410.2 (interacts with) Solyc08g078590.1","1.0E-5","false","interacts with","Solyc05g052410.2 (interacts with) Solyc08g078590.1"
"interacts with","0.554977","Solyc05g052410.2 (interacts with) Solyc07g043580.3","1.0E-15","false","interacts with","Solyc05g052410.2 (interacts with) Solyc07g043580.3"
"interacts with","0.380354","Solyc05g052410.2 (interacts with) Solyc08g082210.3","1.0E-10","false","interacts with","Solyc05g052410.2 (interacts with) Solyc08g082210.3"
"interacts with","0.146102","Solyc06g005310.3 (interacts with) Solyc11g017100.1","0.1","false","interacts with","Solyc06g005310.3 (interacts with) Solyc11g017100.1"
"interacts with","0.134165","Solyc06g005310.3 (interacts with) Solyc09g066045.1","0.1","false","interacts with","Solyc06g005310.3 (interacts with) Solyc09g066045.1"
"interacts with","0.428887","Solyc05g052410.2 (interacts with) Solyc07g006630.3","1.0E-10","false","interacts with","Solyc05g052410.2 (interacts with) Solyc07g006630.3"
"interacts with","0.706364","Solyc05g052410.2 (interacts with) Solyc10g006880.3","1.0E-20","false","interacts with","Solyc05g052410.2 (interacts with) Solyc10g006880.3"
"interacts with","0.406443","Solyc05g052410.2 (interacts with) Solyc10g007350.3","1.0E-10","false","interacts with","Solyc05g052410.2 (interacts with) Solyc10g007350.3"
"interacts with","0.508617","Solyc05g052410.2 (interacts with) Solyc07g065500.2","1.0E-15","false","interacts with","Solyc05g052410.2 (interacts with) Solyc07g065500.2"
"interacts with","0.724626","Solyc05g052410.2 (interacts with) Solyc06g036170.1","1.0E-25","false","interacts with","Solyc05g052410.2 (interacts with) Solyc06g036170.1"
"interacts with","0.517102","Solyc05g052410.2 (interacts with) Solyc06g062670.3","1.0E-15","false","interacts with","Solyc05g052410.2 (interacts with) Solyc06g062670.3"
"interacts with","0.554104","Solyc05g052410.2 (interacts with) Solyc08g078300.3","1.0E-15","false","interacts with","Solyc05g052410.2 (interacts with) Solyc08g078300.3"
"interacts with","0.615279","Solyc05g052410.2 (interacts with) Solyc12g007070.2","1.0E-20","false","interacts with","Solyc05g052410.2 (interacts with) Solyc12g007070.2"
"interacts with","0.530419","Solyc05g052410.2 (interacts with) Solyc05g056120.3","1.0E-15","false","interacts with","Solyc05g052410.2 (interacts with) Solyc05g056120.3"
"interacts with","0.744838","Solyc05g052410.2 (interacts with) Solyc06g069430.3","1.0E-25","false","interacts with","Solyc05g052410.2 (interacts with) Solyc06g069430.3"
"interacts with","0.576438","Solyc05g052410.2 (interacts with) Solyc06g065440.1","1.0E-20","false","interacts with","Solyc05g052410.2 (interacts with) Solyc06g065440.1"
"interacts with","0.473755","Solyc05g052410.2 (interacts with) Solyc11g072150.2","1.0E-15","false","interacts with","Solyc05g052410.2 (interacts with) Solyc11g072150.2"
"interacts with","0.525551","Solyc05g052410.2 (interacts with) Solyc11g011260.1","1.0E-15","false","interacts with","Solyc05g052410.2 (interacts with) Solyc11g011260.1"
"interacts with","0.613388","Solyc10g084380.1 (interacts with) Solyc12g089240.2","1.0E-20","false","interacts with","Solyc10g084380.1 (interacts with) Solyc12g089240.2"
"interacts with","0.376899","Solyc10g084380.1 (interacts with) Solyc12g005420.2","1.0E-10","false","interacts with","Solyc10g084380.1 (interacts with) Solyc12g005420.2"
"interacts with","0.598883","Solyc10g084380.1 (interacts with) Solyc11g017470.2","1.0E-20","false","interacts with","Solyc10g084380.1 (interacts with) Solyc11g017470.2"
"interacts with","0.334261","Solyc09g091250.3 (interacts with) Solyc10g006880.3","1.0E-10","false","interacts with","Solyc09g091250.3 (interacts with) Solyc10g006880.3"
"interacts with","0.26334","Solyc07g026680.2 (interacts with) Solyc12g100140.2","1.0E-5","false","interacts with","Solyc07g026680.2 (interacts with) Solyc12g100140.2"
"interacts with","0.27338","Solyc07g026680.2 (interacts with) Solyc11g072500.2","1.0E-5","false","interacts with","Solyc07g026680.2 (interacts with) Solyc11g072500.2"
"interacts with","0.579834","Solyc01g021730.2 (interacts with) Solyc10g080770.2","1.0E-20","false","interacts with","Solyc01g021730.2 (interacts with) Solyc10g080770.2"
"interacts with","0.58853","Solyc01g021730.2 (interacts with) Solyc05g012020.3","1.0E-20","false","interacts with","Solyc01g021730.2 (interacts with) Solyc05g012020.3"
"interacts with","0.1247","Solyc07g026680.2 (interacts with) Solyc09g066045.1","0.1","false","interacts with","Solyc07g026680.2 (interacts with) Solyc09g066045.1"
"interacts with","0.642091","Solyc01g021730.2 (interacts with) Solyc01g107170.2","1.0E-20","false","interacts with","Solyc01g021730.2 (interacts with) Solyc01g107170.2"
"interacts with","0.260651","Solyc07g026680.2 (interacts with) Solyc07g052960.2","1.0E-5","false","interacts with","Solyc07g026680.2 (interacts with) Solyc07g052960.2"
"interacts with","0.513134","Solyc01g021730.2 (interacts with) Solyc02g080890.3","1.0E-15","false","interacts with","Solyc01g021730.2 (interacts with) Solyc02g080890.3"
"interacts with","0.559416","Solyc01g021730.2 (interacts with) Solyc01g087990.3","1.0E-15","false","interacts with","Solyc01g021730.2 (interacts with) Solyc01g087990.3"
"interacts with","0.270763","Solyc01g091420.2 (interacts with) Solyc10g079150.2","1.0E-5","false","interacts with","Solyc01g091420.2 (interacts with) Solyc10g079150.2"
"interacts with","0.277337","Solyc01g091420.2 (interacts with) Solyc01g101250.3","1.0E-5","false","interacts with","Solyc01g091420.2 (interacts with) Solyc01g101250.3"
"interacts with","0.272589","Solyc01g091420.2 (interacts with) Solyc01g109880.3","1.0E-5","false","interacts with","Solyc01g091420.2 (interacts with) Solyc01g109880.3"
"interacts with","0.33395","Solyc01g091420.2 (interacts with) Solyc08g077230.3","1.0E-10","false","interacts with","Solyc01g091420.2 (interacts with) Solyc08g077230.3"
"interacts with","0.310817","Solyc08g067340.3 (interacts with) Solyc10g081320.1","1.0E-10","false","interacts with","Solyc08g067340.3 (interacts with) Solyc10g081320.1"
"interacts with","0.392678","Solyc04g007420.3 (interacts with) Solyc05g009350.3","1.0E-10","false","interacts with","Solyc04g007420.3 (interacts with) Solyc05g009350.3"
"interacts with","0.364253","Solyc04g007420.3 (interacts with) Solyc08g077230.3","1.0E-10","false","interacts with","Solyc04g007420.3 (interacts with) Solyc08g077230.3"
"interacts with","0.379129","Solyc04g007420.3 (interacts with) Solyc06g036170.1","1.0E-10","false","interacts with","Solyc04g007420.3 (interacts with) Solyc06g036170.1"
"interacts with","0.379587","Solyc04g007420.3 (interacts with) Solyc07g066220.3","1.0E-10","false","interacts with","Solyc04g007420.3 (interacts with) Solyc07g066220.3"
"interacts with","0.417219","Solyc04g007420.3 (interacts with) Solyc06g073720.2","1.0E-10","false","interacts with","Solyc04g007420.3 (interacts with) Solyc06g073720.2"
"interacts with","0.420717","Solyc04g007420.3 (interacts with) Solyc06g063070.3","1.0E-10","false","interacts with","Solyc04g007420.3 (interacts with) Solyc06g063070.3"
"interacts with","0.249553","Solyc03g095980.3 (interacts with) Solyc10g079070.2","1.0E-5","false","interacts with","Solyc03g095980.3 (interacts with) Solyc10g079070.2"
"interacts with","0.249616","Solyc03g095980.3 (interacts with) Solyc04g014830.2","1.0E-5","false","interacts with","Solyc03g095980.3 (interacts with) Solyc04g014830.2"
"interacts with","0.245798","Solyc03g095980.3 (interacts with) Solyc07g018010.3","1.0E-5","false","interacts with","Solyc03g095980.3 (interacts with) Solyc07g018010.3"
"interacts with","0.247235","Solyc03g095980.3 (interacts with) Solyc06g036170.1","1.0E-5","false","interacts with","Solyc03g095980.3 (interacts with) Solyc06g036170.1"
"interacts with","0.199059","Solyc07g063410.3 (interacts with) Solyc08g008600.3","1.0E-5","false","interacts with","Solyc07g063410.3 (interacts with) Solyc08g008600.3"
"interacts with","0.245991","Solyc03g095980.3 (interacts with) Solyc11g017470.2","1.0E-5","false","interacts with","Solyc03g095980.3 (interacts with) Solyc11g017470.2"
"interacts with","0.250629","Solyc03g095980.3 (interacts with) Solyc07g042260.3","1.0E-5","false","interacts with","Solyc03g095980.3 (interacts with) Solyc07g042260.3"
"interacts with","0.251129","Solyc03g095980.3 (interacts with) Solyc10g006880.3","1.0E-5","false","interacts with","Solyc03g095980.3 (interacts with) Solyc10g006880.3"
"interacts with","0.246019","Solyc07g063410.3 (interacts with) Solyc08g079100.3","1.0E-5","false","interacts with","Solyc07g063410.3 (interacts with) Solyc08g079100.3"
"interacts with","0.258412","Solyc03g095980.3 (interacts with) Solyc05g052410.2","1.0E-5","false","interacts with","Solyc03g095980.3 (interacts with) Solyc05g052410.2"
"interacts with","0.230287","Solyc07g063410.3 (interacts with) Solyc09g089930.2","1.0E-5","false","interacts with","Solyc07g063410.3 (interacts with) Solyc09g089930.2"
"interacts with","0.248755","Solyc03g095980.3 (interacts with) Solyc07g065500.2","1.0E-5","false","interacts with","Solyc03g095980.3 (interacts with) Solyc07g065500.2"
"interacts with","0.271456","Solyc07g063410.3 (interacts with) Solyc09g010840.1","1.0E-5","false","interacts with","Solyc07g063410.3 (interacts with) Solyc09g010840.1"
"interacts with","0.26842","Solyc07g063410.3 (interacts with) Solyc07g063420.3","1.0E-5","false","interacts with","Solyc07g063410.3 (interacts with) Solyc07g063420.3"
"interacts with","0.253743","Solyc03g095980.3 (interacts with) Solyc08g061140.3","1.0E-5","false","interacts with","Solyc03g095980.3 (interacts with) Solyc08g061140.3"
"interacts with","0.246953","Solyc03g095980.3 (interacts with) Solyc07g043580.3","1.0E-5","false","interacts with","Solyc03g095980.3 (interacts with) Solyc07g043580.3"
"interacts with","0.254418","Solyc03g095980.3 (interacts with) Solyc11g069890.2","1.0E-5","false","interacts with","Solyc03g095980.3 (interacts with) Solyc11g069890.2"
"interacts with","0.244976","Solyc03g095980.3 (interacts with) Solyc07g052960.2","1.0E-5","false","interacts with","Solyc03g095980.3 (interacts with) Solyc07g052960.2"
"interacts with","0.256259","Solyc03g095980.3 (interacts with) Solyc06g062670.3","1.0E-5","false","interacts with","Solyc03g095980.3 (interacts with) Solyc06g062670.3"
"interacts with","0.251833","Solyc03g095980.3 (interacts with) Solyc07g005400.3","1.0E-5","false","interacts with","Solyc03g095980.3 (interacts with) Solyc07g005400.3"
"interacts with","0.443249","Solyc07g006630.3 (interacts with) Solyc12g098520.2","1.0E-15","false","interacts with","Solyc07g006630.3 (interacts with) Solyc12g098520.2"
"interacts with","0.247029","Solyc03g095980.3 (interacts with) Solyc03g113620.3","1.0E-5","false","interacts with","Solyc03g095980.3 (interacts with) Solyc03g113620.3"
"interacts with","0.26448","Solyc03g095980.3 (interacts with) Solyc12g100140.2","1.0E-5","false","interacts with","Solyc03g095980.3 (interacts with) Solyc12g100140.2"
"interacts with","0.24999","Solyc03g095980.3 (interacts with) Solyc12g014610.2","1.0E-5","false","interacts with","Solyc03g095980.3 (interacts with) Solyc12g014610.2"
"interacts with","0.489633","Solyc08g076590.3 (interacts with) Solyc10g006880.3","1.0E-15","false","interacts with","Solyc08g076590.3 (interacts with) Solyc10g006880.3"
"interacts with","0.25268","Solyc03g095980.3 (interacts with) Solyc05g053240.3","1.0E-5","false","interacts with","Solyc03g095980.3 (interacts with) Solyc05g053240.3"
"interacts with","0.50919","Solyc08g076590.3 (interacts with) Solyc09g065670.3","1.0E-15","false","interacts with","Solyc08g076590.3 (interacts with) Solyc09g065670.3"
"interacts with","0.421169","Solyc07g006630.3 (interacts with) Solyc10g006880.3","1.0E-10","false","interacts with","Solyc07g006630.3 (interacts with) Solyc10g006880.3"
"interacts with","0.130619","Solyc03g095980.3 (interacts with) Solyc07g009580.1","0.1","false","interacts with","Solyc03g095980.3 (interacts with) Solyc07g009580.1"
"interacts with","0.491807","Solyc08g076590.3 (interacts with) Solyc10g084340.2","1.0E-15","false","interacts with","Solyc08g076590.3 (interacts with) Solyc10g084340.2"
"interacts with","0.441886","Solyc07g006630.3 (interacts with) Solyc07g063970.3","1.0E-15","false","interacts with","Solyc07g006630.3 (interacts with) Solyc07g063970.3"
"interacts with","0.415089","Solyc07g006630.3 (interacts with) Solyc10g005330.3","1.0E-10","false","interacts with","Solyc07g006630.3 (interacts with) Solyc10g005330.3"
"interacts with","0.493135","Solyc08g076590.3 (interacts with) Solyc09g018460.1","1.0E-15","false","interacts with","Solyc08g076590.3 (interacts with) Solyc09g018460.1"
"interacts with","0.418536","Solyc07g006630.3 (interacts with) Solyc09g007260.3","1.0E-10","false","interacts with","Solyc07g006630.3 (interacts with) Solyc09g007260.3"
"interacts with","0.525603","Solyc08g076590.3 (interacts with) Solyc10g079070.2","1.0E-15","false","interacts with","Solyc08g076590.3 (interacts with) Solyc10g079070.2"
"interacts with","0.413825","Solyc07g006630.3 (interacts with) Solyc07g063420.3","1.0E-10","false","interacts with","Solyc07g006630.3 (interacts with) Solyc07g063420.3"
"interacts with","0.308587","Solyc08g076230.1 (interacts with) Solyc12g014290.2","1.0E-10","false","interacts with","Solyc08g076230.1 (interacts with) Solyc12g014290.2"
"interacts with","0.497921","Solyc08g076590.3 (interacts with) Solyc11g005380.2","1.0E-15","false","interacts with","Solyc08g076590.3 (interacts with) Solyc11g005380.2"
"interacts with","0.315886","Solyc08g076230.1 (interacts with) Solyc12g098520.2","1.0E-10","false","interacts with","Solyc08g076230.1 (interacts with) Solyc12g098520.2"
"interacts with","0.304579","Solyc08g076230.1 (interacts with) Solyc12g013620.2","1.0E-10","false","interacts with","Solyc08g076230.1 (interacts with) Solyc12g013620.2"
"interacts with","0.416031","Solyc05g051200.1 (interacts with) Solyc06g061240.3","1.0E-10","false","interacts with","Solyc05g051200.1 (interacts with) Solyc06g061240.3"
"interacts with","0.687939","Solyc04g077490.3 (interacts with) Solyc08g066500.3","1.0E-20","false","interacts with","Solyc04g077490.3 (interacts with) Solyc08g066500.3"
"interacts with","0.130152","Solyc05g051200.1 (interacts with) Solyc09g066045.1","0.1","false","interacts with","Solyc05g051200.1 (interacts with) Solyc09g066045.1"
"interacts with","0.549881","Solyc04g077490.3 (interacts with) Solyc10g086640.2","1.0E-15","false","interacts with","Solyc04g077490.3 (interacts with) Solyc10g086640.2"
"interacts with","0.700678","Solyc04g077490.3 (interacts with) Solyc06g069430.3","1.0E-20","false","interacts with","Solyc04g077490.3 (interacts with) Solyc06g069430.3"
"interacts with","0.388054","Solyc05g051200.1 (interacts with) Solyc06g008200.3","1.0E-10","false","interacts with","Solyc05g051200.1 (interacts with) Solyc06g008200.3"
"interacts with","0.339333","Solyc05g051200.1 (interacts with) Solyc06g074170.3","1.0E-10","false","interacts with","Solyc05g051200.1 (interacts with) Solyc06g074170.3"
"interacts with","0.547386","Solyc04g077490.3 (interacts with) Solyc11g072500.2","1.0E-15","false","interacts with","Solyc04g077490.3 (interacts with) Solyc11g072500.2"
"interacts with","0.610231","Solyc04g077490.3 (interacts with) Solyc06g075510.3","1.0E-20","false","interacts with","Solyc04g077490.3 (interacts with) Solyc06g075510.3"
"interacts with","0.609209","Solyc04g077490.3 (interacts with) Solyc09g074640.3","1.0E-20","false","interacts with","Solyc04g077490.3 (interacts with) Solyc09g074640.3"
"interacts with","0.698248","Solyc04g077490.3 (interacts with) Solyc06g053610.3","1.0E-20","false","interacts with","Solyc04g077490.3 (interacts with) Solyc06g053610.3"
"interacts with","0.496628","Solyc01g094485.1 (interacts with) Solyc09g089550.3","1.0E-15","false","interacts with","Solyc01g094485.1 (interacts with) Solyc09g089550.3"
"interacts with","0.479146","Solyc01g094485.1 (interacts with) Solyc04g045430.3","1.0E-15","false","interacts with","Solyc01g094485.1 (interacts with) Solyc04g045430.3"
"interacts with","0.4674","Solyc01g094485.1 (interacts with) Solyc03g026020.3","1.0E-15","false","interacts with","Solyc01g094485.1 (interacts with) Solyc03g026020.3"
"interacts with","0.458695","Solyc04g077490.3 (interacts with) Solyc06g083590.3","1.0E-15","false","interacts with","Solyc04g077490.3 (interacts with) Solyc06g083590.3"
"interacts with","0.453741","Solyc01g094485.1 (interacts with) Solyc07g062680.2","1.0E-15","false","interacts with","Solyc01g094485.1 (interacts with) Solyc07g062680.2"
"interacts with","0.266883","Solyc04g077490.3 (interacts with) Solyc07g026680.2","1.0E-5","false","interacts with","Solyc04g077490.3 (interacts with) Solyc07g026680.2"
"interacts with","0.538671","Solyc04g077490.3 (interacts with) Solyc06g062460.3","1.0E-15","false","interacts with","Solyc04g077490.3 (interacts with) Solyc06g062460.3"
"interacts with","0.466594","Solyc01g094485.1 (interacts with) Solyc03g006000.3","1.0E-15","false","interacts with","Solyc01g094485.1 (interacts with) Solyc03g006000.3"
"interacts with","0.657298","Solyc04g077490.3 (interacts with) Solyc06g049040.3","1.0E-20","false","interacts with","Solyc04g077490.3 (interacts with) Solyc06g049040.3"
"interacts with","0.460002","Solyc01g094485.1 (interacts with) Solyc12g098520.2","1.0E-15","false","interacts with","Solyc01g094485.1 (interacts with) Solyc12g098520.2"
"interacts with","0.385996","Solyc04g077490.3 (interacts with) Solyc08g079120.2","1.0E-10","false","interacts with","Solyc04g077490.3 (interacts with) Solyc08g079120.2"
"interacts with","0.485142","Solyc04g077490.3 (interacts with) Solyc08g076590.3","1.0E-15","false","interacts with","Solyc04g077490.3 (interacts with) Solyc08g076590.3"
"interacts with","0.621835","Solyc04g077490.3 (interacts with) Solyc09g082505.1","1.0E-20","false","interacts with","Solyc04g077490.3 (interacts with) Solyc09g082505.1"
"interacts with","0.458944","Solyc01g094485.1 (interacts with) Solyc06g069430.3","1.0E-15","false","interacts with","Solyc01g094485.1 (interacts with) Solyc06g069430.3"
"interacts with","0.675354","Solyc04g077490.3 (interacts with) Solyc06g083170.3","1.0E-20","false","interacts with","Solyc04g077490.3 (interacts with) Solyc06g083170.3"
"interacts with","0.488408","Solyc01g094485.1 (interacts with) Solyc08g060840.1","1.0E-15","false","interacts with","Solyc01g094485.1 (interacts with) Solyc08g060840.1"
"interacts with","0.603278","Solyc04g077490.3 (interacts with) Solyc11g071300.2","1.0E-20","false","interacts with","Solyc04g077490.3 (interacts with) Solyc11g071300.2"
"interacts with","0.476335","Solyc01g094485.1 (interacts with) Solyc04g078640.2","1.0E-15","false","interacts with","Solyc01g094485.1 (interacts with) Solyc04g078640.2"
"interacts with","0.327226","Solyc04g077490.3 (interacts with) Solyc05g051380.3","1.0E-10","false","interacts with","Solyc04g077490.3 (interacts with) Solyc05g051380.3"
"interacts with","0.656704","Solyc04g077490.3 (interacts with) Solyc07g063970.3","1.0E-20","false","interacts with","Solyc04g077490.3 (interacts with) Solyc07g063970.3"
"interacts with","0.506464","Solyc04g077490.3 (interacts with) Solyc08g065420.3","1.0E-15","false","interacts with","Solyc04g077490.3 (interacts with) Solyc08g065420.3"
"interacts with","0.655402","Solyc04g077490.3 (interacts with) Solyc06g061030.3","1.0E-20","false","interacts with","Solyc04g077490.3 (interacts with) Solyc06g061030.3"
"interacts with","0.33113","Solyc04g077490.3 (interacts with) Solyc06g068360.3","1.0E-10","false","interacts with","Solyc04g077490.3 (interacts with) Solyc06g068360.3"
"interacts with","0.706825","Solyc04g077490.3 (interacts with) Solyc05g007180.3","1.0E-20","false","interacts with","Solyc04g077490.3 (interacts with) Solyc05g007180.3"
"interacts with","0.678764","Solyc04g077490.3 (interacts with) Solyc09g007260.3","1.0E-20","false","interacts with","Solyc04g077490.3 (interacts with) Solyc09g007260.3"
"interacts with","0.246455","Solyc03g006830.3 (interacts with) Solyc04g071160.3","1.0E-5","false","interacts with","Solyc03g006830.3 (interacts with) Solyc04g071160.3"
"interacts with","0.654856","Solyc04g077490.3 (interacts with) Solyc07g052960.2","1.0E-20","false","interacts with","Solyc04g077490.3 (interacts with) Solyc07g052960.2"
"interacts with","0.24515","Solyc03g006830.3 (interacts with) Solyc06g007530.2","1.0E-5","false","interacts with","Solyc03g006830.3 (interacts with) Solyc06g007530.2"
"interacts with","0.543067","Solyc07g062680.2 (interacts with) Solyc08g065420.3","1.0E-15","false","interacts with","Solyc07g062680.2 (interacts with) Solyc08g065420.3"
"interacts with","0.256717","Solyc03g006830.3 (interacts with) Solyc05g007180.3","1.0E-5","false","interacts with","Solyc03g006830.3 (interacts with) Solyc05g007180.3"
"interacts with","0.598188","Solyc07g062680.2 (interacts with) Solyc11g017470.2","1.0E-20","false","interacts with","Solyc07g062680.2 (interacts with) Solyc11g017470.2"
"interacts with","0.244564","Solyc03g006830.3 (interacts with) Solyc12g098520.2","1.0E-5","false","interacts with","Solyc03g006830.3 (interacts with) Solyc12g098520.2"
"interacts with","0.311287","Solyc07g062680.2 (interacts with) Solyc10g078610.1","1.0E-10","false","interacts with","Solyc07g062680.2 (interacts with) Solyc10g078610.1"
"interacts with","0.116945","Solyc03g006830.3 (interacts with) Solyc05g017897.1","0.1","false","interacts with","Solyc03g006830.3 (interacts with) Solyc05g017897.1"
"interacts with","0.244582","Solyc07g062680.2 (interacts with) Solyc09g015110.2","1.0E-5","false","interacts with","Solyc07g062680.2 (interacts with) Solyc09g015110.2"
"interacts with","0.14573","Solyc03g006830.3 (interacts with) Solyc07g053680.2","0.1","false","interacts with","Solyc03g006830.3 (interacts with) Solyc07g053680.2"
"interacts with","0.647924","Solyc07g062680.2 (interacts with) Solyc10g079070.2","1.0E-20","false","interacts with","Solyc07g062680.2 (interacts with) Solyc10g079070.2"
"interacts with","0.133971","Solyc03g006830.3 (interacts with) Solyc11g017100.1","0.1","false","interacts with","Solyc03g006830.3 (interacts with) Solyc11g017100.1"
"interacts with","0.629609","Solyc07g062680.2 (interacts with) Solyc08g080150.1","1.0E-20","false","interacts with","Solyc07g062680.2 (interacts with) Solyc08g080150.1"
"interacts with","0.114382","Solyc03g006830.3 (interacts with) Solyc09g008390.2","0.1","false","interacts with","Solyc03g006830.3 (interacts with) Solyc09g008390.2"
"interacts with","0.246611","Solyc03g006830.3 (interacts with) Solyc05g051200.1","1.0E-5","false","interacts with","Solyc03g006830.3 (interacts with) Solyc05g051200.1"
"interacts with","0.293844","Solyc07g062680.2 (interacts with) Solyc11g062060.2","1.0E-10","false","interacts with","Solyc07g062680.2 (interacts with) Solyc11g062060.2"
"interacts with","0.270242","Solyc03g006830.3 (interacts with) Solyc09g010840.1","1.0E-5","false","interacts with","Solyc03g006830.3 (interacts with) Solyc09g010840.1"
"interacts with","0.398555","Solyc07g062680.2 (interacts with) Solyc08g082890.3","1.0E-10","false","interacts with","Solyc07g062680.2 (interacts with) Solyc08g082890.3"
"interacts with","0.631725","Solyc07g062680.2 (interacts with) Solyc09g074640.3","1.0E-20","false","interacts with","Solyc07g062680.2 (interacts with) Solyc09g074640.3"
"interacts with","0.440308","Solyc02g084200.2 (interacts with) Solyc10g018780.2","1.0E-15","false","interacts with","Solyc02g084200.2 (interacts with) Solyc10g018780.2"
"interacts with","0.640305","Solyc07g062680.2 (interacts with) Solyc10g078700.2","1.0E-20","false","interacts with","Solyc07g062680.2 (interacts with) Solyc10g078700.2"
"interacts with","0.645339","Solyc07g062680.2 (interacts with) Solyc10g006880.3","1.0E-20","false","interacts with","Solyc07g062680.2 (interacts with) Solyc10g006880.3"
"interacts with","0.257724","Solyc02g084200.2 (interacts with) Solyc03g006830.3","1.0E-5","false","interacts with","Solyc02g084200.2 (interacts with) Solyc03g006830.3"
"interacts with","0.722741","Solyc07g062680.2 (interacts with) Solyc08g066500.3","1.0E-25","false","interacts with","Solyc07g062680.2 (interacts with) Solyc08g066500.3"
"interacts with","0.311212","Solyc10g078610.1 (interacts with) Solyc11g005380.2","1.0E-10","false","interacts with","Solyc10g078610.1 (interacts with) Solyc11g005380.2"
"interacts with","0.298116","Solyc10g078610.1 (interacts with) Solyc12g014140.2","1.0E-10","false","interacts with","Solyc10g078610.1 (interacts with) Solyc12g014140.2"
"interacts with","0.298821","Solyc10g078610.1 (interacts with) Solyc12g098520.2","1.0E-10","false","interacts with","Solyc10g078610.1 (interacts with) Solyc12g098520.2"
"interacts with","0.304493","Solyc10g078610.1 (interacts with) Solyc11g010340.2","1.0E-10","false","interacts with","Solyc10g078610.1 (interacts with) Solyc11g010340.2"
"interacts with","0.464162","Solyc07g062680.2 (interacts with) Solyc10g008880.3","1.0E-15","false","interacts with","Solyc07g062680.2 (interacts with) Solyc10g008880.3"
"interacts with","0.641962","Solyc07g062680.2 (interacts with) Solyc08g078800.1","1.0E-20","false","interacts with","Solyc07g062680.2 (interacts with) Solyc08g078800.1"
"interacts with","0.486573","Solyc07g062680.2 (interacts with) Solyc08g076590.3","1.0E-15","false","interacts with","Solyc07g062680.2 (interacts with) Solyc08g076590.3"
"interacts with","0.653946","Solyc07g062680.2 (interacts with) Solyc12g098370.2","1.0E-20","false","interacts with","Solyc07g062680.2 (interacts with) Solyc12g098370.2"
"interacts with","0.592899","Solyc10g084180.2 (interacts with) Solyc11g017470.2","1.0E-20","false","interacts with","Solyc10g084180.2 (interacts with) Solyc11g017470.2"
"interacts with","0.447966","Solyc02g090820.3 (interacts with) Solyc06g053720.2","1.0E-15","false","interacts with","Solyc02g090820.3 (interacts with) Solyc06g053720.2"
"interacts with","0.545001","Solyc10g084180.2 (interacts with) Solyc12g100140.2","1.0E-15","false","interacts with","Solyc10g084180.2 (interacts with) Solyc12g100140.2"
"interacts with","0.497137","Solyc02g090820.3 (interacts with) Solyc12g014610.2","1.0E-15","false","interacts with","Solyc02g090820.3 (interacts with) Solyc12g014610.2"
"interacts with","0.515326","Solyc10g084180.2 (interacts with) Solyc11g011260.1","1.0E-15","false","interacts with","Solyc10g084180.2 (interacts with) Solyc11g011260.1"
"interacts with","0.541058","Solyc02g090820.3 (interacts with) Solyc05g006650.3","1.0E-15","false","interacts with","Solyc02g090820.3 (interacts with) Solyc05g006650.3"
"interacts with","0.440633","Solyc02g090820.3 (interacts with) Solyc07g065570.2","1.0E-15","false","interacts with","Solyc02g090820.3 (interacts with) Solyc07g065570.2"
"interacts with","0.743767","Solyc02g090820.3 (interacts with) Solyc12g089240.2","1.0E-25","false","interacts with","Solyc02g090820.3 (interacts with) Solyc12g089240.2"
"interacts with","0.547917","Solyc02g090820.3 (interacts with) Solyc10g078430.2","1.0E-15","false","interacts with","Solyc02g090820.3 (interacts with) Solyc10g078430.2"
"interacts with","0.729728","Solyc02g090820.3 (interacts with) Solyc03g006000.3","1.0E-25","false","interacts with","Solyc02g090820.3 (interacts with) Solyc03g006000.3"
"interacts with","0.598978","Solyc03g118190.3 (interacts with) Solyc04g005800.3","1.0E-20","false","interacts with","Solyc03g118190.3 (interacts with) Solyc04g005800.3"
"interacts with","0.459862","Solyc02g091690.3 (interacts with) Solyc10g081320.1","1.0E-15","false","interacts with","Solyc02g091690.3 (interacts with) Solyc10g081320.1"
"interacts with","0.323603","Solyc02g091690.3 (interacts with) Solyc05g011810.3","1.0E-10","false","interacts with","Solyc02g091690.3 (interacts with) Solyc05g011810.3"
"interacts with","0.268768","Solyc02g090820.3 (interacts with) Solyc11g064800.2","1.0E-5","false","interacts with","Solyc02g090820.3 (interacts with) Solyc11g064800.2"
"interacts with","0.558659","Solyc03g118190.3 (interacts with) Solyc04g071160.3","1.0E-15","false","interacts with","Solyc03g118190.3 (interacts with) Solyc04g071160.3"
"interacts with","0.354006","Solyc02g090820.3 (interacts with) Solyc10g079150.2","1.0E-10","false","interacts with","Solyc02g090820.3 (interacts with) Solyc10g079150.2"
"interacts with","0.586492","Solyc03g118190.3 (interacts with) Solyc06g069430.3","1.0E-20","false","interacts with","Solyc03g118190.3 (interacts with) Solyc06g069430.3"
"interacts with","0.249759","Solyc02g091690.3 (interacts with) Solyc09g015110.2","1.0E-5","false","interacts with","Solyc02g091690.3 (interacts with) Solyc09g015110.2"
"interacts with","0.604451","Solyc03g118190.3 (interacts with) Solyc05g012020.3","1.0E-20","false","interacts with","Solyc03g118190.3 (interacts with) Solyc05g012020.3"
"interacts with","0.594921","Solyc03g118190.3 (interacts with) Solyc10g079050.2","1.0E-20","false","interacts with","Solyc03g118190.3 (interacts with) Solyc10g079050.2"
"interacts with","0.524943","Solyc02g091690.3 (interacts with) Solyc10g079050.2","1.0E-15","false","interacts with","Solyc02g091690.3 (interacts with) Solyc10g079050.2"
"interacts with","0.571937","Solyc03g118190.3 (interacts with) Solyc10g080770.2","1.0E-20","false","interacts with","Solyc03g118190.3 (interacts with) Solyc10g080770.2"
"interacts with","0.53642","Solyc02g091690.3 (interacts with) Solyc09g065670.3","1.0E-15","false","interacts with","Solyc02g091690.3 (interacts with) Solyc09g065670.3"
"interacts with","0.57893","Solyc03g118190.3 (interacts with) Solyc06g036170.1","1.0E-20","false","interacts with","Solyc03g118190.3 (interacts with) Solyc06g036170.1"
"interacts with","0.573255","Solyc02g091690.3 (interacts with) Solyc06g069430.3","1.0E-20","false","interacts with","Solyc02g091690.3 (interacts with) Solyc06g069430.3"
"interacts with","0.543159","Solyc02g090820.3 (interacts with) Solyc03g123430.3","1.0E-15","false","interacts with","Solyc02g090820.3 (interacts with) Solyc03g123430.3"
"interacts with","0.597548","Solyc03g118190.3 (interacts with) Solyc04g078640.2","1.0E-20","false","interacts with","Solyc03g118190.3 (interacts with) Solyc04g078640.2"
"interacts with","0.490917","Solyc02g090820.3 (interacts with) Solyc12g087830.2","1.0E-15","false","interacts with","Solyc02g090820.3 (interacts with) Solyc12g087830.2"
"interacts with","0.565214","Solyc03g118190.3 (interacts with) Solyc11g005380.2","1.0E-15","false","interacts with","Solyc03g118190.3 (interacts with) Solyc11g005380.2"
"interacts with","0.551109","Solyc02g091690.3 (interacts with) Solyc03g120620.3","1.0E-15","false","interacts with","Solyc02g091690.3 (interacts with) Solyc03g120620.3"
"interacts with","0.568873","Solyc02g090820.3 (interacts with) Solyc11g069890.2","1.0E-15","false","interacts with","Solyc02g090820.3 (interacts with) Solyc11g069890.2"
"interacts with","0.480992","Solyc03g118190.3 (interacts with) Solyc11g072150.2","1.0E-15","false","interacts with","Solyc03g118190.3 (interacts with) Solyc11g072150.2"
"interacts with","0.524361","Solyc02g091690.3 (interacts with) Solyc04g071160.3","1.0E-15","false","interacts with","Solyc02g091690.3 (interacts with) Solyc04g071160.3"
"interacts with","0.442633","Solyc02g090820.3 (interacts with) Solyc03g116100.3","1.0E-15","false","interacts with","Solyc02g090820.3 (interacts with) Solyc03g116100.3"
"interacts with","0.568221","Solyc02g090820.3 (interacts with) Solyc09g074640.3","1.0E-15","false","interacts with","Solyc02g090820.3 (interacts with) Solyc09g074640.3"
"interacts with","0.515191","Solyc02g091690.3 (interacts with) Solyc03g114720.3","1.0E-15","false","interacts with","Solyc02g091690.3 (interacts with) Solyc03g114720.3"
"interacts with","0.625258","Solyc02g090820.3 (interacts with) Solyc09g065670.3","1.0E-20","false","interacts with","Solyc02g090820.3 (interacts with) Solyc09g065670.3"
"interacts with","0.562749","Solyc02g091690.3 (interacts with) Solyc05g056120.3","1.0E-15","false","interacts with","Solyc02g091690.3 (interacts with) Solyc05g056120.3"
"interacts with","0.60374","Solyc02g090820.3 (interacts with) Solyc08g005430.3","1.0E-20","false","interacts with","Solyc02g090820.3 (interacts with) Solyc08g005430.3"
"interacts with","0.554789","Solyc02g091690.3 (interacts with) Solyc08g068320.3","1.0E-15","false","interacts with","Solyc02g091690.3 (interacts with) Solyc08g068320.3"
"interacts with","0.610659","Solyc02g090820.3 (interacts with) Solyc12g096500.2","1.0E-20","false","interacts with","Solyc02g090820.3 (interacts with) Solyc12g096500.2"
"interacts with","0.271372","Solyc02g091690.3 (interacts with) Solyc03g006830.3","1.0E-5","false","interacts with","Solyc02g091690.3 (interacts with) Solyc03g006830.3"
"interacts with","0.536791","Solyc02g091690.3 (interacts with) Solyc07g041640.3","1.0E-15","false","interacts with","Solyc02g091690.3 (interacts with) Solyc07g041640.3"
"interacts with","0.557942","Solyc02g090820.3 (interacts with) Solyc10g080540.2","1.0E-15","false","interacts with","Solyc02g090820.3 (interacts with) Solyc10g080540.2"
"interacts with","0.493847","Solyc08g065420.3 (interacts with) Solyc11g010340.2","1.0E-15","false","interacts with","Solyc08g065420.3 (interacts with) Solyc11g010340.2"
"interacts with","0.552093","Solyc08g065420.3 (interacts with) Solyc08g066500.3","1.0E-15","false","interacts with","Solyc08g065420.3 (interacts with) Solyc08g066500.3"
"interacts with","0.474885","Solyc02g090820.3 (interacts with) Solyc11g072150.2","1.0E-15","false","interacts with","Solyc02g090820.3 (interacts with) Solyc11g072150.2"
"interacts with","0.277637","Solyc08g065420.3 (interacts with) Solyc10g007970.2","1.0E-5","false","interacts with","Solyc08g065420.3 (interacts with) Solyc10g007970.2"
"interacts with","0.58092","Solyc02g090820.3 (interacts with) Solyc07g018010.3","1.0E-20","false","interacts with","Solyc02g090820.3 (interacts with) Solyc07g018010.3"
"interacts with","0.518448","Solyc08g065420.3 (interacts with) Solyc09g074640.3","1.0E-15","false","interacts with","Solyc08g065420.3 (interacts with) Solyc09g074640.3"
"interacts with","0.582215","Solyc02g091690.3 (interacts with) Solyc11g069190.2","1.0E-20","false","interacts with","Solyc02g091690.3 (interacts with) Solyc11g069190.2"
"interacts with","0.244794","Solyc02g090820.3 (interacts with) Solyc09g015110.2","1.0E-5","false","interacts with","Solyc02g090820.3 (interacts with) Solyc09g015110.2"
"interacts with","0.527483","Solyc08g065420.3 (interacts with) Solyc09g065670.3","1.0E-15","false","interacts with","Solyc08g065420.3 (interacts with) Solyc09g065670.3"
"interacts with","0.41836","Solyc02g091690.3 (interacts with) Solyc05g056040.3","1.0E-10","false","interacts with","Solyc02g091690.3 (interacts with) Solyc05g056040.3"
"interacts with","0.272896","Solyc02g090820.3 (interacts with) Solyc10g007970.2","1.0E-5","false","interacts with","Solyc02g090820.3 (interacts with) Solyc10g007970.2"
"interacts with","0.509876","Solyc08g065420.3 (interacts with) Solyc10g084340.2","1.0E-15","false","interacts with","Solyc08g065420.3 (interacts with) Solyc10g084340.2"
"interacts with","0.717754","Solyc02g090820.3 (interacts with) Solyc05g012020.3","1.0E-25","false","interacts with","Solyc02g090820.3 (interacts with) Solyc05g012020.3"
"interacts with","0.517292","Solyc08g065420.3 (interacts with) Solyc11g005380.2","1.0E-15","false","interacts with","Solyc08g065420.3 (interacts with) Solyc11g005380.2"
"interacts with","0.639186","Solyc02g090820.3 (interacts with) Solyc12g099760.2","1.0E-20","false","interacts with","Solyc02g090820.3 (interacts with) Solyc12g099760.2"
"interacts with","0.502893","Solyc08g065420.3 (interacts with) Solyc10g079070.2","1.0E-15","false","interacts with","Solyc08g065420.3 (interacts with) Solyc10g079070.2"
"interacts with","0.200485","Solyc02g090820.3 (interacts with) Solyc06g005310.3","1.0E-5","false","interacts with","Solyc02g090820.3 (interacts with) Solyc06g005310.3"
"interacts with","0.274105","Solyc03g097820.2 (interacts with) Solyc08g005870.2","1.0E-5","false","interacts with","Solyc03g097820.2 (interacts with) Solyc08g005870.2"
"interacts with","0.489071","Solyc03g097820.2 (interacts with) Solyc11g010340.2","1.0E-15","false","interacts with","Solyc03g097820.2 (interacts with) Solyc11g010340.2"
"interacts with","0.777256","Solyc02g090820.3 (interacts with) Solyc11g005380.2","1.0E-25","false","interacts with","Solyc02g090820.3 (interacts with) Solyc11g005380.2"
"interacts with","0.578718","Solyc03g097820.2 (interacts with) Solyc08g066500.3","1.0E-20","false","interacts with","Solyc03g097820.2 (interacts with) Solyc08g066500.3"
"interacts with","0.423029","Solyc02g090820.3 (interacts with) Solyc12g098620.2","1.0E-10","false","interacts with","Solyc02g090820.3 (interacts with) Solyc12g098620.2"
"interacts with","0.624343","Solyc03g097820.2 (interacts with) Solyc08g078800.1","1.0E-20","false","interacts with","Solyc03g097820.2 (interacts with) Solyc08g078800.1"
"interacts with","0.429033","Solyc02g090820.3 (interacts with) Solyc04g081020.3","1.0E-10","false","interacts with","Solyc02g090820.3 (interacts with) Solyc04g081020.3"
"interacts with","0.576309","Solyc02g090820.3 (interacts with) Solyc04g071770.3","1.0E-20","false","interacts with","Solyc02g090820.3 (interacts with) Solyc04g071770.3"
"interacts with","0.459646","Solyc02g090820.3 (interacts with) Solyc06g072040.1","1.0E-15","false","interacts with","Solyc02g090820.3 (interacts with) Solyc06g072040.1"
"interacts with","0.292801","Solyc03g097820.2 (interacts with) Solyc06g068870.3","1.0E-10","false","interacts with","Solyc03g097820.2 (interacts with) Solyc06g068870.3"
"interacts with","0.408908","Solyc02g090820.3 (interacts with) Solyc12g005830.2","1.0E-10","false","interacts with","Solyc02g090820.3 (interacts with) Solyc12g005830.2"
"interacts with","0.338756","Solyc03g097820.2 (interacts with) Solyc11g065840.2","1.0E-10","false","interacts with","Solyc03g097820.2 (interacts with) Solyc11g065840.2"
"interacts with","0.589687","Solyc03g097820.2 (interacts with) Solyc07g052960.2","1.0E-20","false","interacts with","Solyc03g097820.2 (interacts with) Solyc07g052960.2"
"interacts with","0.595481","Solyc02g090820.3 (interacts with) Solyc08g014030.1","1.0E-20","false","interacts with","Solyc02g090820.3 (interacts with) Solyc08g014030.1"
"interacts with","0.522478","Solyc02g090820.3 (interacts with) Solyc06g062670.3","1.0E-15","false","interacts with","Solyc02g090820.3 (interacts with) Solyc06g062670.3"
"interacts with","0.613495","Solyc06g075140.3 (interacts with) Solyc10g005330.3","1.0E-20","false","interacts with","Solyc06g075140.3 (interacts with) Solyc10g005330.3"
"interacts with","0.582401","Solyc06g075140.3 (interacts with) Solyc07g063970.3","1.0E-20","false","interacts with","Solyc06g075140.3 (interacts with) Solyc07g063970.3"
"interacts with","0.208583","Solyc06g075140.3 (interacts with) Solyc08g078590.1","1.0E-5","false","interacts with","Solyc06g075140.3 (interacts with) Solyc08g078590.1"
"interacts with","0.558511","Solyc06g075140.3 (interacts with) Solyc09g007260.3","1.0E-15","false","interacts with","Solyc06g075140.3 (interacts with) Solyc09g007260.3"
"interacts with","0.552635","Solyc06g075140.3 (interacts with) Solyc10g079070.2","1.0E-15","false","interacts with","Solyc06g075140.3 (interacts with) Solyc10g079070.2"
"interacts with","0.654056","Solyc02g090820.3 (interacts with) Solyc10g078700.2","1.0E-20","false","interacts with","Solyc02g090820.3 (interacts with) Solyc10g078700.2"
"interacts with","0.429745","Solyc09g018460.1 (interacts with) Solyc12g099140.2","1.0E-10","false","interacts with","Solyc09g018460.1 (interacts with) Solyc12g099140.2"
"interacts with","0.556957","Solyc06g075140.3 (interacts with) Solyc11g017470.2","1.0E-15","false","interacts with","Solyc06g075140.3 (interacts with) Solyc11g017470.2"
"interacts with","0.607874","Solyc09g018460.1 (interacts with) Solyc11g017470.2","1.0E-20","false","interacts with","Solyc09g018460.1 (interacts with) Solyc11g017470.2"
"interacts with","0.342225","Solyc06g075140.3 (interacts with) Solyc11g065840.2","1.0E-10","false","interacts with","Solyc06g075140.3 (interacts with) Solyc11g065840.2"
"interacts with","0.593039","Solyc02g090820.3 (interacts with) Solyc08g076860.3","1.0E-20","false","interacts with","Solyc02g090820.3 (interacts with) Solyc08g076860.3"
"interacts with","0.35153","Solyc09g018460.1 (interacts with) Solyc11g065840.2","1.0E-10","false","interacts with","Solyc09g018460.1 (interacts with) Solyc11g065840.2"
"interacts with","0.397912","Solyc06g075140.3 (interacts with) Solyc08g079120.2","1.0E-10","false","interacts with","Solyc06g075140.3 (interacts with) Solyc08g079120.2"
"interacts with","0.653994","Solyc02g090820.3 (interacts with) Solyc08g080150.1","1.0E-20","false","interacts with","Solyc02g090820.3 (interacts with) Solyc08g080150.1"
"interacts with","0.569632","Solyc06g075140.3 (interacts with) Solyc10g006880.3","1.0E-15","false","interacts with","Solyc06g075140.3 (interacts with) Solyc10g006880.3"
"interacts with","0.72268","Solyc02g090820.3 (interacts with) Solyc10g079070.2","1.0E-25","false","interacts with","Solyc02g090820.3 (interacts with) Solyc10g079070.2"
"interacts with","0.55187","Solyc06g075140.3 (interacts with) Solyc06g075510.3","1.0E-15","false","interacts with","Solyc06g075140.3 (interacts with) Solyc06g075510.3"
"interacts with","0.565411","Solyc06g075140.3 (interacts with) Solyc12g098370.2","1.0E-15","false","interacts with","Solyc06g075140.3 (interacts with) Solyc12g098370.2"
"interacts with","0.265654","Solyc09g018460.1 (interacts with) Solyc10g007970.2","1.0E-5","false","interacts with","Solyc09g018460.1 (interacts with) Solyc10g007970.2"
"interacts with","0.675129","Solyc01g096370.3 (interacts with) Solyc02g092050.3","1.0E-20","false","interacts with","Solyc01g096370.3 (interacts with) Solyc02g092050.3"
"interacts with","0.592482","Solyc09g018460.1 (interacts with) Solyc09g065670.3","1.0E-20","false","interacts with","Solyc09g018460.1 (interacts with) Solyc09g065670.3"
"interacts with","0.668831","Solyc01g096370.3 (interacts with) Solyc10g018780.2","1.0E-20","false","interacts with","Solyc01g096370.3 (interacts with) Solyc10g018780.2"
"interacts with","0.359691","Solyc09g018460.1 (interacts with) Solyc11g068480.2","1.0E-10","false","interacts with","Solyc09g018460.1 (interacts with) Solyc11g068480.2"
"interacts with","0.488434","Solyc01g096370.3 (interacts with) Solyc03g033660.3","1.0E-15","false","interacts with","Solyc01g096370.3 (interacts with) Solyc03g033660.3"
"interacts with","0.604563","Solyc01g096370.3 (interacts with) Solyc09g074640.3","1.0E-20","false","interacts with","Solyc01g096370.3 (interacts with) Solyc09g074640.3"
"interacts with","0.487444","Solyc09g018460.1 (interacts with) Solyc12g056860.2","1.0E-15","false","interacts with","Solyc09g018460.1 (interacts with) Solyc12g056860.2"
"interacts with","0.441572","Solyc01g096370.3 (interacts with) Solyc08g006490.2","1.0E-15","false","interacts with","Solyc01g096370.3 (interacts with) Solyc08g006490.2"
"interacts with","0.572293","Solyc01g096370.3 (interacts with) Solyc07g018010.3","1.0E-20","false","interacts with","Solyc01g096370.3 (interacts with) Solyc07g018010.3"
"interacts with","0.541668","Solyc09g018460.1 (interacts with) Solyc11g010340.2","1.0E-15","false","interacts with","Solyc09g018460.1 (interacts with) Solyc11g010340.2"
"interacts with","0.421175","Solyc07g065570.2 (interacts with) Solyc09g065670.3","1.0E-10","false","interacts with","Solyc07g065570.2 (interacts with) Solyc09g065670.3"
"interacts with","0.589538","Solyc09g018460.1 (interacts with) Solyc12g013620.2","1.0E-20","false","interacts with","Solyc09g018460.1 (interacts with) Solyc12g013620.2"
"interacts with","0.569601","Solyc01g096370.3 (interacts with) Solyc10g080540.2","1.0E-15","false","interacts with","Solyc01g096370.3 (interacts with) Solyc10g080540.2"
"interacts with","0.634882","Solyc09g018460.1 (interacts with) Solyc10g006880.3","1.0E-20","false","interacts with","Solyc09g018460.1 (interacts with) Solyc10g006880.3"
"interacts with","0.614782","Solyc01g096370.3 (interacts with) Solyc12g096500.2","1.0E-20","false","interacts with","Solyc01g096370.3 (interacts with) Solyc12g096500.2"
"interacts with","0.421312","Solyc07g065570.2 (interacts with) Solyc10g006880.3","1.0E-10","false","interacts with","Solyc07g065570.2 (interacts with) Solyc10g006880.3"
"interacts with","0.435977","Solyc07g065570.2 (interacts with) Solyc08g082630.3","1.0E-15","false","interacts with","Solyc07g065570.2 (interacts with) Solyc08g082630.3"
"interacts with","0.520699","Solyc01g096370.3 (interacts with) Solyc06g062460.3","1.0E-15","false","interacts with","Solyc01g096370.3 (interacts with) Solyc06g062460.3"
"interacts with","0.430501","Solyc07g065570.2 (interacts with) Solyc11g017470.2","1.0E-10","false","interacts with","Solyc07g065570.2 (interacts with) Solyc11g017470.2"
"interacts with","0.489713","Solyc01g096370.3 (interacts with) Solyc05g015330.1","1.0E-15","false","interacts with","Solyc01g096370.3 (interacts with) Solyc05g015330.1"
"interacts with","0.419423","Solyc07g065570.2 (interacts with) Solyc11g072470.2","1.0E-10","false","interacts with","Solyc07g065570.2 (interacts with) Solyc11g072470.2"
"interacts with","0.517364","Solyc01g096370.3 (interacts with) Solyc11g011890.2","1.0E-15","false","interacts with","Solyc01g096370.3 (interacts with) Solyc11g011890.2"
"interacts with","0.437731","Solyc07g065570.2 (interacts with) Solyc10g079070.2","1.0E-15","false","interacts with","Solyc07g065570.2 (interacts with) Solyc10g079070.2"
"interacts with","0.637118","Solyc01g096370.3 (interacts with) Solyc05g009880.3","1.0E-20","false","interacts with","Solyc01g096370.3 (interacts with) Solyc05g009880.3"
"interacts with","0.248141","Solyc07g065570.2 (interacts with) Solyc09g015110.2","1.0E-5","false","interacts with","Solyc07g065570.2 (interacts with) Solyc09g015110.2"
"interacts with","0.298255","Solyc01g096370.3 (interacts with) Solyc05g009660.3","1.0E-10","false","interacts with","Solyc01g096370.3 (interacts with) Solyc05g009660.3"
"interacts with","0.655321","Solyc01g096370.3 (interacts with) Solyc04g077490.3","1.0E-20","false","interacts with","Solyc01g096370.3 (interacts with) Solyc04g077490.3"
"interacts with","0.404378","Solyc07g065570.2 (interacts with) Solyc08g014030.1","1.0E-10","false","interacts with","Solyc07g065570.2 (interacts with) Solyc08g014030.1"
"interacts with","0.518002","Solyc01g096370.3 (interacts with) Solyc02g080260.3","1.0E-15","false","interacts with","Solyc01g096370.3 (interacts with) Solyc02g080260.3"
"interacts with","0.426228","Solyc07g065570.2 (interacts with) Solyc10g084340.2","1.0E-10","false","interacts with","Solyc07g065570.2 (interacts with) Solyc10g084340.2"
"interacts with","0.465991","Solyc01g096370.3 (interacts with) Solyc07g053590.3","1.0E-15","false","interacts with","Solyc01g096370.3 (interacts with) Solyc07g053590.3"
"interacts with","0.441876","Solyc07g065570.2 (interacts with) Solyc10g005330.3","1.0E-15","false","interacts with","Solyc07g065570.2 (interacts with) Solyc10g005330.3"
"interacts with","0.668319","Solyc01g096370.3 (interacts with) Solyc01g107170.2","1.0E-20","false","interacts with","Solyc01g096370.3 (interacts with) Solyc01g107170.2"
"interacts with","0.698909","Solyc01g096370.3 (interacts with) Solyc10g006880.3","1.0E-20","false","interacts with","Solyc01g096370.3 (interacts with) Solyc10g006880.3"
"interacts with","0.423327","Solyc07g065570.2 (interacts with) Solyc12g089240.2","1.0E-10","false","interacts with","Solyc07g065570.2 (interacts with) Solyc12g089240.2"
"interacts with","0.725371","Solyc01g096370.3 (interacts with) Solyc02g024070.3","1.0E-25","false","interacts with","Solyc01g096370.3 (interacts with) Solyc02g024070.3"
"interacts with","0.434119","Solyc07g065570.2 (interacts with) Solyc09g007260.3","1.0E-15","false","interacts with","Solyc07g065570.2 (interacts with) Solyc09g007260.3"
"interacts with","0.539654","Solyc01g096370.3 (interacts with) Solyc02g090220.3","1.0E-15","false","interacts with","Solyc01g096370.3 (interacts with) Solyc02g090220.3"
"interacts with","0.539999","Solyc01g096370.3 (interacts with) Solyc04g005320.3","1.0E-15","false","interacts with","Solyc01g096370.3 (interacts with) Solyc04g005320.3"
"interacts with","0.684874","Solyc01g096370.3 (interacts with) Solyc05g007180.3","1.0E-20","false","interacts with","Solyc01g096370.3 (interacts with) Solyc05g007180.3"
"interacts with","0.607614","Solyc01g096370.3 (interacts with) Solyc03g006800.1","1.0E-20","false","interacts with","Solyc01g096370.3 (interacts with) Solyc03g006800.1"
"interacts with","0.551462","Solyc01g096370.3 (interacts with) Solyc01g096470.3","1.0E-15","false","interacts with","Solyc01g096370.3 (interacts with) Solyc01g096470.3"
"interacts with","0.689885","Solyc01g096370.3 (interacts with) Solyc07g052960.2","1.0E-20","false","interacts with","Solyc01g096370.3 (interacts with) Solyc07g052960.2"
"interacts with","0.746312","Solyc01g096370.3 (interacts with) Solyc06g069430.3","1.0E-25","false","interacts with","Solyc01g096370.3 (interacts with) Solyc06g069430.3"
"interacts with","0.667054","Solyc01g096370.3 (interacts with) Solyc08g066500.3","1.0E-20","false","interacts with","Solyc01g096370.3 (interacts with) Solyc08g066500.3"
"interacts with","0.68834","Solyc01g096370.3 (interacts with) Solyc10g078700.2","1.0E-20","false","interacts with","Solyc01g096370.3 (interacts with) Solyc10g078700.2"
"interacts with","0.372234","Solyc01g096370.3 (interacts with) Solyc09g090790.3","1.0E-10","false","interacts with","Solyc01g096370.3 (interacts with) Solyc09g090790.3"
"interacts with","0.616353","Solyc01g096370.3 (interacts with) Solyc11g013480.2","1.0E-20","false","interacts with","Solyc01g096370.3 (interacts with) Solyc11g013480.2"
"interacts with","0.550166","Solyc01g096370.3 (interacts with) Solyc06g005130.3","1.0E-15","false","interacts with","Solyc01g096370.3 (interacts with) Solyc06g005130.3"
"interacts with","0.403646","Solyc01g096370.3 (interacts with) Solyc08g082890.3","1.0E-10","false","interacts with","Solyc01g096370.3 (interacts with) Solyc08g082890.3"
"interacts with","0.516961","Solyc01g096370.3 (interacts with) Solyc01g100460.3","1.0E-15","false","interacts with","Solyc01g096370.3 (interacts with) Solyc01g100460.3"
"interacts with","0.711179","Solyc01g096370.3 (interacts with) Solyc10g079070.2","1.0E-20","false","interacts with","Solyc01g096370.3 (interacts with) Solyc10g079070.2"
"interacts with","0.708038","Solyc01g096370.3 (interacts with) Solyc06g053610.3","1.0E-20","false","interacts with","Solyc01g096370.3 (interacts with) Solyc06g053610.3"
"interacts with","0.535753","Solyc01g096370.3 (interacts with) Solyc01g108140.3","1.0E-15","false","interacts with","Solyc01g096370.3 (interacts with) Solyc01g108140.3"
"interacts with","0.687339","Solyc01g096370.3 (interacts with) Solyc08g006530.3","1.0E-20","false","interacts with","Solyc01g096370.3 (interacts with) Solyc08g006530.3"
"interacts with","0.518158","Solyc01g096370.3 (interacts with) Solyc06g069385.1","1.0E-15","false","interacts with","Solyc01g096370.3 (interacts with) Solyc06g069385.1"
"interacts with","0.710712","Solyc01g096370.3 (interacts with) Solyc06g049040.3","1.0E-20","false","interacts with","Solyc01g096370.3 (interacts with) Solyc06g049040.3"
"interacts with","0.392525","Solyc01g096370.3 (interacts with) Solyc08g079120.2","1.0E-10","false","interacts with","Solyc01g096370.3 (interacts with) Solyc08g079120.2"
"interacts with","0.282671","Solyc01g096370.3 (interacts with) Solyc08g005870.2","1.0E-5","false","interacts with","Solyc01g096370.3 (interacts with) Solyc08g005870.2"
"interacts with","0.677479","Solyc01g096370.3 (interacts with) Solyc12g098370.2","1.0E-20","false","interacts with","Solyc01g096370.3 (interacts with) Solyc12g098370.2"
"interacts with","0.604965","Solyc01g096370.3 (interacts with) Solyc08g061140.3","1.0E-20","false","interacts with","Solyc01g096370.3 (interacts with) Solyc08g061140.3"
"interacts with","0.281079","Solyc04g054685.1 (interacts with) Solyc04g074810.3","1.0E-5","false","interacts with","Solyc04g054685.1 (interacts with) Solyc04g074810.3"
"interacts with","0.637636","Solyc01g096370.3 (interacts with) Solyc06g076270.3","1.0E-20","false","interacts with","Solyc01g096370.3 (interacts with) Solyc06g076270.3"
"interacts with","0.578097","Solyc01g096370.3 (interacts with) Solyc06g083900.3","1.0E-20","false","interacts with","Solyc01g096370.3 (interacts with) Solyc06g083900.3"
"interacts with","0.512014","Solyc05g052050.1 (interacts with) Solyc08g076860.3","1.0E-15","false","interacts with","Solyc05g052050.1 (interacts with) Solyc08g076860.3"
"interacts with","0.587739","Solyc01g096370.3 (interacts with) Solyc02g085340.1","1.0E-20","false","interacts with","Solyc01g096370.3 (interacts with) Solyc02g085340.1"
"interacts with","0.273122","Solyc04g054685.1 (interacts with) Solyc08g076860.3","1.0E-5","false","interacts with","Solyc04g054685.1 (interacts with) Solyc08g076860.3"
"interacts with","0.656198","Solyc01g096370.3 (interacts with) Solyc07g063970.3","1.0E-20","false","interacts with","Solyc01g096370.3 (interacts with) Solyc07g063970.3"
"interacts with","0.116474","Solyc05g052050.1 (interacts with) Solyc09g008390.2","0.1","false","interacts with","Solyc05g052050.1 (interacts with) Solyc09g008390.2"
"interacts with","0.668004","Solyc01g096370.3 (interacts with) Solyc06g061030.3","1.0E-20","false","interacts with","Solyc01g096370.3 (interacts with) Solyc06g061030.3"
"interacts with","0.553138","Solyc01g096370.3 (interacts with) Solyc06g075140.3","1.0E-15","false","interacts with","Solyc01g096370.3 (interacts with) Solyc06g075140.3"
"interacts with","0.279715","Solyc04g054685.1 (interacts with) Solyc12g089240.2","1.0E-5","false","interacts with","Solyc04g054685.1 (interacts with) Solyc12g089240.2"
"interacts with","0.458998","Solyc01g096370.3 (interacts with) Solyc12g056860.2","1.0E-15","false","interacts with","Solyc01g096370.3 (interacts with) Solyc12g056860.2"
"interacts with","0.274186","Solyc04g054685.1 (interacts with) Solyc11g005380.2","1.0E-5","false","interacts with","Solyc04g054685.1 (interacts with) Solyc11g005380.2"
"interacts with","0.641278","Solyc01g096370.3 (interacts with) Solyc02g087840.3","1.0E-20","false","interacts with","Solyc01g096370.3 (interacts with) Solyc02g087840.3"
"interacts with","0.525992","Solyc01g096370.3 (interacts with) Solyc02g093150.3","1.0E-15","false","interacts with","Solyc01g096370.3 (interacts with) Solyc02g093150.3"
"interacts with","0.630156","Solyc01g096370.3 (interacts with) Solyc10g084340.2","1.0E-20","false","interacts with","Solyc01g096370.3 (interacts with) Solyc10g084340.2"
"interacts with","0.754131","Solyc01g096370.3 (interacts with) Solyc09g007260.3","1.0E-25","false","interacts with","Solyc01g096370.3 (interacts with) Solyc09g007260.3"
"interacts with","0.654608","Solyc01g096370.3 (interacts with) Solyc02g077920.3","1.0E-20","false","interacts with","Solyc01g096370.3 (interacts with) Solyc02g077920.3"
"interacts with","0.639144","Solyc01g096370.3 (interacts with) Solyc07g062680.2","1.0E-20","false","interacts with","Solyc01g096370.3 (interacts with) Solyc07g062680.2"
"interacts with","0.527509","Solyc01g096370.3 (interacts with) Solyc04g005130.3","1.0E-15","false","interacts with","Solyc01g096370.3 (interacts with) Solyc04g005130.3"
"interacts with","0.684617","Solyc01g096370.3 (interacts with) Solyc03g112390.3","1.0E-20","false","interacts with","Solyc01g096370.3 (interacts with) Solyc03g112390.3"
"interacts with","0.50446","Solyc03g114850.3 (interacts with) Solyc11g011260.1","1.0E-15","false","interacts with","Solyc03g114850.3 (interacts with) Solyc11g011260.1"
"interacts with","0.658104","Solyc03g114850.3 (interacts with) Solyc06g048630.3","1.0E-20","false","interacts with","Solyc03g114850.3 (interacts with) Solyc06g048630.3"
"interacts with","0.58911","Solyc03g114850.3 (interacts with) Solyc11g017470.2","1.0E-20","false","interacts with","Solyc03g114850.3 (interacts with) Solyc11g017470.2"
"interacts with","0.540975","Solyc03g114850.3 (interacts with) Solyc10g084180.2","1.0E-15","false","interacts with","Solyc03g114850.3 (interacts with) Solyc10g084180.2"
"interacts with","0.487829","Solyc03g114850.3 (interacts with) Solyc04g009510.3","1.0E-15","false","interacts with","Solyc03g114850.3 (interacts with) Solyc04g009510.3"
"interacts with","0.564318","Solyc03g114850.3 (interacts with) Solyc05g053240.3","1.0E-15","false","interacts with","Solyc03g114850.3 (interacts with) Solyc05g053240.3"
"interacts with","0.364975","Solyc03g114850.3 (interacts with) Solyc06g082530.2","1.0E-10","false","interacts with","Solyc03g114850.3 (interacts with) Solyc06g082530.2"
"interacts with","0.481097","Solyc03g114850.3 (interacts with) Solyc12g099370.2","1.0E-15","false","interacts with","Solyc03g114850.3 (interacts with) Solyc12g099370.2"
"interacts with","0.644849","Solyc02g071990.3 (interacts with) Solyc07g066220.3","1.0E-20","false","interacts with","Solyc02g071990.3 (interacts with) Solyc07g066220.3"
"interacts with","0.573856","Solyc02g071990.3 (interacts with) Solyc10g055760.2","1.0E-20","false","interacts with","Solyc02g071990.3 (interacts with) Solyc10g055760.2"
"interacts with","0.645019","Solyc02g071990.3 (interacts with) Solyc04g056270.3","1.0E-20","false","interacts with","Solyc02g071990.3 (interacts with) Solyc04g056270.3"
"interacts with","0.641174","Solyc02g071990.3 (interacts with) Solyc10g078285.1","1.0E-20","false","interacts with","Solyc02g071990.3 (interacts with) Solyc10g078285.1"
"interacts with","0.321812","Solyc02g071990.3 (interacts with) Solyc10g079150.2","1.0E-10","false","interacts with","Solyc02g071990.3 (interacts with) Solyc10g079150.2"
"interacts with","0.641174","Solyc02g071990.3 (interacts with) Solyc10g078290.2","1.0E-20","false","interacts with","Solyc02g071990.3 (interacts with) Solyc10g078290.2"
"interacts with","0.492751","Solyc02g071990.3 (interacts with) Solyc05g052050.1","1.0E-15","false","interacts with","Solyc02g071990.3 (interacts with) Solyc05g052050.1"
"interacts with","0.690378","Solyc11g072470.2 (interacts with) Solyc12g013620.2","1.0E-20","false","interacts with","Solyc11g072470.2 (interacts with) Solyc12g013620.2"
"interacts with","0.509459","Solyc02g071990.3 (interacts with) Solyc04g009440.3","1.0E-15","false","interacts with","Solyc02g071990.3 (interacts with) Solyc04g009440.3"
"interacts with","0.464011","Solyc02g071990.3 (interacts with) Solyc04g009435.1","1.0E-15","false","interacts with","Solyc02g071990.3 (interacts with) Solyc04g009435.1"
"interacts with","0.357232","Solyc07g043620.3 (interacts with) Solyc11g068950.2","1.0E-10","false","interacts with","Solyc07g043620.3 (interacts with) Solyc11g068950.2"
"interacts with","0.399236","Solyc08g080120.3 (interacts with) Solyc12g087830.2","1.0E-10","false","interacts with","Solyc08g080120.3 (interacts with) Solyc12g087830.2"
"interacts with","0.43315","Solyc08g080120.3 (interacts with) Solyc10g079050.2","1.0E-15","false","interacts with","Solyc08g080120.3 (interacts with) Solyc10g079050.2"
"interacts with","0.352872","Solyc07g043620.3 (interacts with) Solyc09g009100.3","1.0E-10","false","interacts with","Solyc07g043620.3 (interacts with) Solyc09g009100.3"
"interacts with","0.176385","Solyc08g080120.3 (interacts with) Solyc12g008670.2","1.0E-5","false","interacts with","Solyc08g080120.3 (interacts with) Solyc12g008670.2"
"interacts with","0.366355","Solyc07g043620.3 (interacts with) Solyc08g078800.1","1.0E-10","false","interacts with","Solyc07g043620.3 (interacts with) Solyc08g078800.1"
"interacts with","0.483662","Solyc02g090310.1 (interacts with) Solyc12g013620.2","1.0E-15","false","interacts with","Solyc02g090310.1 (interacts with) Solyc12g013620.2"
"interacts with","0.510148","Solyc02g090310.1 (interacts with) Solyc11g044320.2","1.0E-15","false","interacts with","Solyc02g090310.1 (interacts with) Solyc11g044320.2"
"interacts with","0.344543","Solyc05g007880.3 (interacts with) Solyc08g082210.3","1.0E-10","false","interacts with","Solyc05g007880.3 (interacts with) Solyc08g082210.3"
"interacts with","0.500743","Solyc02g090310.1 (interacts with) Solyc05g012020.3","1.0E-15","false","interacts with","Solyc02g090310.1 (interacts with) Solyc05g012020.3"
"interacts with","0.356011","Solyc07g043620.3 (interacts with) Solyc08g060840.1","1.0E-10","false","interacts with","Solyc07g043620.3 (interacts with) Solyc08g060840.1"
"interacts with","0.480948","Solyc02g090310.1 (interacts with) Solyc03g117720.3","1.0E-15","false","interacts with","Solyc02g090310.1 (interacts with) Solyc03g117720.3"
"interacts with","0.499773","Solyc02g090310.1 (interacts with) Solyc09g007260.3","1.0E-15","false","interacts with","Solyc02g090310.1 (interacts with) Solyc09g007260.3"
"interacts with","0.503322","Solyc02g090310.1 (interacts with) Solyc09g072830.3","1.0E-15","false","interacts with","Solyc02g090310.1 (interacts with) Solyc09g072830.3"
"interacts with","0.520376","Solyc02g090310.1 (interacts with) Solyc08g063040.3","1.0E-15","false","interacts with","Solyc02g090310.1 (interacts with) Solyc08g063040.3"
"interacts with","0.526761","Solyc02g090310.1 (interacts with) Solyc04g078640.2","1.0E-15","false","interacts with","Solyc02g090310.1 (interacts with) Solyc04g078640.2"
"interacts with","0.491839","Solyc02g090310.1 (interacts with) Solyc07g041640.3","1.0E-15","false","interacts with","Solyc02g090310.1 (interacts with) Solyc07g041640.3"
"interacts with","0.499929","Solyc02g090310.1 (interacts with) Solyc05g007770.3","1.0E-15","false","interacts with","Solyc02g090310.1 (interacts with) Solyc05g007770.3"
"interacts with","0.482841","Solyc02g090310.1 (interacts with) Solyc07g052960.2","1.0E-15","false","interacts with","Solyc02g090310.1 (interacts with) Solyc07g052960.2"
"interacts with","0.266093","Solyc10g083567.1 (interacts with) Solyc12g089240.2","1.0E-5","false","interacts with","Solyc10g083567.1 (interacts with) Solyc12g089240.2"
"interacts with","0.136996","Solyc07g009580.1 (interacts with) Solyc09g009490.3","0.1","false","interacts with","Solyc07g009580.1 (interacts with) Solyc09g009490.3"
"interacts with","0.590755","Solyc08g029090.3 (interacts with) Solyc10g006880.3","1.0E-20","false","interacts with","Solyc08g029090.3 (interacts with) Solyc10g006880.3"
"interacts with","0.567799","Solyc08g029090.3 (interacts with) Solyc08g079100.3","1.0E-15","false","interacts with","Solyc08g029090.3 (interacts with) Solyc08g079100.3"
"interacts with","0.473123","Solyc08g029090.3 (interacts with) Solyc11g013150.1","1.0E-15","false","interacts with","Solyc08g029090.3 (interacts with) Solyc11g013150.1"
"interacts with","0.138202","Solyc05g055030.2 (interacts with) Solyc06g005090.3","0.1","false","interacts with","Solyc05g055030.2 (interacts with) Solyc06g005090.3"
"interacts with","0.204187","Solyc05g055030.2 (interacts with) Solyc11g069190.2","1.0E-5","false","interacts with","Solyc05g055030.2 (interacts with) Solyc11g069190.2"
"interacts with","0.154389","Solyc05g055030.2 (interacts with) Solyc08g081630.2","1.0E-5","false","interacts with","Solyc05g055030.2 (interacts with) Solyc08g081630.2"
"interacts with","0.470333","Solyc03g019710.3 (interacts with) Solyc03g112390.3","1.0E-15","false","interacts with","Solyc03g019710.3 (interacts with) Solyc03g112390.3"
"interacts with","0.491027","Solyc03g019710.3 (interacts with) Solyc06g063070.3","1.0E-15","false","interacts with","Solyc03g019710.3 (interacts with) Solyc06g063070.3"
"interacts with","0.469493","Solyc03g019710.3 (interacts with) Solyc10g005330.3","1.0E-15","false","interacts with","Solyc03g019710.3 (interacts with) Solyc10g005330.3"
"interacts with","0.463971","Solyc03g019710.3 (interacts with) Solyc06g083170.3","1.0E-15","false","interacts with","Solyc03g019710.3 (interacts with) Solyc06g083170.3"
"interacts with","0.461056","Solyc03g019710.3 (interacts with) Solyc04g077490.3","1.0E-15","false","interacts with","Solyc03g019710.3 (interacts with) Solyc04g077490.3"
"interacts with","0.479256","Solyc03g019710.3 (interacts with) Solyc06g053960.3","1.0E-15","false","interacts with","Solyc03g019710.3 (interacts with) Solyc06g053960.3"
"interacts with","0.445331","Solyc03g019710.3 (interacts with) Solyc08g076590.3","1.0E-15","false","interacts with","Solyc03g019710.3 (interacts with) Solyc08g076590.3"
"interacts with","0.494547","Solyc03g019710.3 (interacts with) Solyc09g082505.1","1.0E-15","false","interacts with","Solyc03g019710.3 (interacts with) Solyc09g082505.1"
"interacts with","0.470506","Solyc03g019710.3 (interacts with) Solyc06g049040.3","1.0E-15","false","interacts with","Solyc03g019710.3 (interacts with) Solyc06g049040.3"
"interacts with","0.465649","Solyc03g019710.3 (interacts with) Solyc05g007180.3","1.0E-15","false","interacts with","Solyc03g019710.3 (interacts with) Solyc05g007180.3"
"interacts with","0.465681","Solyc03g019710.3 (interacts with) Solyc11g010340.2","1.0E-15","false","interacts with","Solyc03g019710.3 (interacts with) Solyc11g010340.2"
"interacts with","0.509594","Solyc03g019710.3 (interacts with) Solyc07g063970.3","1.0E-15","false","interacts with","Solyc03g019710.3 (interacts with) Solyc07g063970.3"
"interacts with","0.464141","Solyc03g019710.3 (interacts with) Solyc10g079070.2","1.0E-15","false","interacts with","Solyc03g019710.3 (interacts with) Solyc10g079070.2"
"interacts with","0.494214","Solyc03g019710.3 (interacts with) Solyc04g078640.2","1.0E-15","false","interacts with","Solyc03g019710.3 (interacts with) Solyc04g078640.2"
"interacts with","0.491261","Solyc03g019710.3 (interacts with) Solyc06g036170.1","1.0E-15","false","interacts with","Solyc03g019710.3 (interacts with) Solyc06g036170.1"
"interacts with","0.475574","Solyc03g019710.3 (interacts with) Solyc09g018460.1","1.0E-15","false","interacts with","Solyc03g019710.3 (interacts with) Solyc09g018460.1"
"interacts with","0.465707","Solyc03g019710.3 (interacts with) Solyc06g075510.3","1.0E-15","false","interacts with","Solyc03g019710.3 (interacts with) Solyc06g075510.3"
"interacts with","0.471164","Solyc03g019710.3 (interacts with) Solyc04g074810.3","1.0E-15","false","interacts with","Solyc03g019710.3 (interacts with) Solyc04g074810.3"
"interacts with","0.480081","Solyc03g019710.3 (interacts with) Solyc09g065670.3","1.0E-15","false","interacts with","Solyc03g019710.3 (interacts with) Solyc09g065670.3"
"interacts with","0.204947","Solyc03g033730.1 (interacts with) Solyc06g061030.3","1.0E-5","false","interacts with","Solyc03g033730.1 (interacts with) Solyc06g061030.3"
"interacts with","0.492368","Solyc06g068390.1 (interacts with) Solyc11g013150.1","1.0E-15","false","interacts with","Solyc06g068390.1 (interacts with) Solyc11g013150.1"
"interacts with","0.461978","Solyc03g019710.3 (interacts with) Solyc03g097120.3","1.0E-15","false","interacts with","Solyc03g019710.3 (interacts with) Solyc03g097120.3"
"interacts with","0.646589","Solyc06g068390.1 (interacts with) Solyc06g076820.1","1.0E-20","false","interacts with","Solyc06g068390.1 (interacts with) Solyc06g076820.1"
"interacts with","0.119539","Solyc03g033730.1 (interacts with) Solyc12g038440.1","0.1","false","interacts with","Solyc03g033730.1 (interacts with) Solyc12g038440.1"
"interacts with","0.581979","Solyc06g068390.1 (interacts with) Solyc07g041640.3","1.0E-20","false","interacts with","Solyc06g068390.1 (interacts with) Solyc07g041640.3"
"interacts with","0.496084","Solyc03g019710.3 (interacts with) Solyc06g069430.3","1.0E-15","false","interacts with","Solyc03g019710.3 (interacts with) Solyc06g069430.3"
"interacts with","0.554827","Solyc06g068390.1 (interacts with) Solyc07g018010.3","1.0E-15","false","interacts with","Solyc06g068390.1 (interacts with) Solyc07g018010.3"
"interacts with","0.20567","Solyc03g033730.1 (interacts with) Solyc04g014830.2","1.0E-5","false","interacts with","Solyc03g033730.1 (interacts with) Solyc04g014830.2"
"interacts with","0.461072","Solyc03g019710.3 (interacts with) Solyc12g013620.2","1.0E-15","false","interacts with","Solyc03g019710.3 (interacts with) Solyc12g013620.2"
"interacts with","0.331447","Solyc02g063010.3 (interacts with) Solyc07g016180.3","1.0E-10","false","interacts with","Solyc02g063010.3 (interacts with) Solyc07g016180.3"
"interacts with","0.209276","Solyc03g033730.1 (interacts with) Solyc05g052410.2","1.0E-5","false","interacts with","Solyc03g033730.1 (interacts with) Solyc05g052410.2"
"interacts with","0.49542","Solyc03g019710.3 (interacts with) Solyc10g006880.3","1.0E-15","false","interacts with","Solyc03g019710.3 (interacts with) Solyc10g006880.3"
"interacts with","0.639849","Solyc06g068390.1 (interacts with) Solyc10g018780.2","1.0E-20","false","interacts with","Solyc06g068390.1 (interacts with) Solyc10g018780.2"
"interacts with","0.20734","Solyc03g033730.1 (interacts with) Solyc09g074640.3","1.0E-5","false","interacts with","Solyc03g033730.1 (interacts with) Solyc09g074640.3"
"interacts with","0.612439","Solyc06g068390.1 (interacts with) Solyc08g079100.3","1.0E-20","false","interacts with","Solyc06g068390.1 (interacts with) Solyc08g079100.3"
"interacts with","0.563585","Solyc06g068390.1 (interacts with) Solyc10g084340.2","1.0E-15","false","interacts with","Solyc06g068390.1 (interacts with) Solyc10g084340.2"
"interacts with","0.215795","Solyc03g033730.1 (interacts with) Solyc08g079100.3","1.0E-5","false","interacts with","Solyc03g033730.1 (interacts with) Solyc08g079100.3"
"interacts with","0.537518","Solyc06g068390.1 (interacts with) Solyc07g005400.3","1.0E-15","false","interacts with","Solyc06g068390.1 (interacts with) Solyc07g005400.3"
"interacts with","0.207484","Solyc03g033730.1 (interacts with) Solyc06g069430.3","1.0E-5","false","interacts with","Solyc03g033730.1 (interacts with) Solyc06g069430.3"
"interacts with","0.353737","Solyc02g063010.3 (interacts with) Solyc05g011810.3","1.0E-10","false","interacts with","Solyc02g063010.3 (interacts with) Solyc05g011810.3"
"interacts with","0.509478","Solyc03g093610.1 (interacts with) Solyc10g079070.2","1.0E-15","false","interacts with","Solyc03g093610.1 (interacts with) Solyc10g079070.2"
"interacts with","0.220319","Solyc03g033730.1 (interacts with) Solyc08g029090.3","1.0E-5","false","interacts with","Solyc03g033730.1 (interacts with) Solyc08g029090.3"
"interacts with","0.374089","Solyc02g063010.3 (interacts with) Solyc10g009110.1","1.0E-10","false","interacts with","Solyc02g063010.3 (interacts with) Solyc10g009110.1"
"interacts with","0.220319","Solyc03g033730.1 (interacts with) Solyc08g066500.3","1.0E-5","false","interacts with","Solyc03g033730.1 (interacts with) Solyc08g066500.3"
"interacts with","0.471609","Solyc03g093610.1 (interacts with) Solyc07g052700.3","1.0E-15","false","interacts with","Solyc03g093610.1 (interacts with) Solyc07g052700.3"
"interacts with","0.482235","Solyc03g093610.1 (interacts with) Solyc04g078640.2","1.0E-15","false","interacts with","Solyc03g093610.1 (interacts with) Solyc04g078640.2"
"interacts with","0.22199","Solyc02g063010.3 (interacts with) Solyc05g010517.1","1.0E-5","false","interacts with","Solyc02g063010.3 (interacts with) Solyc05g010517.1"
"interacts with","0.490217","Solyc03g093610.1 (interacts with) Solyc06g036170.1","1.0E-15","false","interacts with","Solyc03g093610.1 (interacts with) Solyc06g036170.1"
"interacts with","0.438473","Solyc03g093610.1 (interacts with) Solyc04g008050.3","1.0E-15","false","interacts with","Solyc03g093610.1 (interacts with) Solyc04g008050.3"
"interacts with","0.226651","Solyc03g033730.1 (interacts with) Solyc04g009510.3","1.0E-5","false","interacts with","Solyc03g033730.1 (interacts with) Solyc04g009510.3"
"interacts with","0.526098","Solyc03g093610.1 (interacts with) Solyc11g012510.2","1.0E-15","false","interacts with","Solyc03g093610.1 (interacts with) Solyc11g012510.2"
"interacts with","0.214108","Solyc03g033730.1 (interacts with) Solyc06g049040.3","1.0E-5","false","interacts with","Solyc03g033730.1 (interacts with) Solyc06g049040.3"
"interacts with","0.214642","Solyc03g033730.1 (interacts with) Solyc12g100140.2","1.0E-5","false","interacts with","Solyc03g033730.1 (interacts with) Solyc12g100140.2"
"interacts with","0.187034","Solyc03g093610.1 (interacts with) Solyc06g005310.3","1.0E-5","false","interacts with","Solyc03g093610.1 (interacts with) Solyc06g005310.3"
"interacts with","0.525492","Solyc03g093610.1 (interacts with) Solyc10g008880.3","1.0E-15","false","interacts with","Solyc03g093610.1 (interacts with) Solyc10g008880.3"
"interacts with","0.510669","Solyc03g093610.1 (interacts with) Solyc05g012020.3","1.0E-15","false","interacts with","Solyc03g093610.1 (interacts with) Solyc05g012020.3"
"interacts with","0.508398","Solyc03g093610.1 (interacts with) Solyc07g005400.3","1.0E-15","false","interacts with","Solyc03g093610.1 (interacts with) Solyc07g005400.3"
"interacts with","0.563515","Solyc03g093610.1 (interacts with) Solyc05g053240.3","1.0E-15","false","interacts with","Solyc03g093610.1 (interacts with) Solyc05g053240.3"
"interacts with","0.561638","Solyc04g014530.1 (interacts with) Solyc06g065440.1","1.0E-15","false","interacts with","Solyc04g014530.1 (interacts with) Solyc06g065440.1"
"interacts with","0.608482","Solyc04g014530.1 (interacts with) Solyc08g029090.3","1.0E-20","false","interacts with","Solyc04g014530.1 (interacts with) Solyc08g029090.3"
"interacts with","0.677413","Solyc04g014530.1 (interacts with) Solyc06g069430.3","1.0E-20","false","interacts with","Solyc04g014530.1 (interacts with) Solyc06g069430.3"
"interacts with","0.614604","Solyc04g014530.1 (interacts with) Solyc06g061030.3","1.0E-20","false","interacts with","Solyc04g014530.1 (interacts with) Solyc06g061030.3"
"interacts with","0.639696","Solyc04g014530.1 (interacts with) Solyc06g049040.3","1.0E-20","false","interacts with","Solyc04g014530.1 (interacts with) Solyc06g049040.3"
"interacts with","0.510845","Solyc04g014530.1 (interacts with) Solyc06g062670.3","1.0E-15","false","interacts with","Solyc04g014530.1 (interacts with) Solyc06g062670.3"
"interacts with","0.488817","Solyc04g014530.1 (interacts with) Solyc05g056040.3","1.0E-15","false","interacts with","Solyc04g014530.1 (interacts with) Solyc05g056040.3"
"interacts with","0.177703","Solyc04g014530.1 (interacts with) Solyc06g050950.3","1.0E-5","false","interacts with","Solyc04g014530.1 (interacts with) Solyc06g050950.3"
"interacts with","0.480039","Solyc06g051840.1 (interacts with) Solyc07g005400.3","1.0E-15","false","interacts with","Solyc06g051840.1 (interacts with) Solyc07g005400.3"
"interacts with","0.545379","Solyc04g014530.1 (interacts with) Solyc05g006650.3","1.0E-15","false","interacts with","Solyc04g014530.1 (interacts with) Solyc05g006650.3"
"interacts with","0.476978","Solyc06g051840.1 (interacts with) Solyc10g018780.2","1.0E-15","false","interacts with","Solyc06g051840.1 (interacts with) Solyc10g018780.2"
"interacts with","0.484527","Solyc06g051840.1 (interacts with) Solyc08g079100.3","1.0E-15","false","interacts with","Solyc06g051840.1 (interacts with) Solyc08g079100.3"
"interacts with","0.327418","Solyc04g014530.1 (interacts with) Solyc05g052850.3","1.0E-10","false","interacts with","Solyc04g014530.1 (interacts with) Solyc05g052850.3"
"interacts with","0.515638","Solyc06g051840.1 (interacts with) Solyc07g043580.3","1.0E-15","false","interacts with","Solyc06g051840.1 (interacts with) Solyc07g043580.3"
"interacts with","0.547473","Solyc04g014530.1 (interacts with) Solyc06g060740.2","1.0E-15","false","interacts with","Solyc04g014530.1 (interacts with) Solyc06g060740.2"
"interacts with","0.483389","Solyc06g051840.1 (interacts with) Solyc07g052960.2","1.0E-15","false","interacts with","Solyc06g051840.1 (interacts with) Solyc07g052960.2"
"interacts with","0.476003","Solyc06g051840.1 (interacts with) Solyc06g061030.3","1.0E-15","false","interacts with","Solyc06g051840.1 (interacts with) Solyc06g061030.3"
"interacts with","0.37479","Solyc08g082890.3 (interacts with) Solyc12g098520.2","1.0E-10","false","interacts with","Solyc08g082890.3 (interacts with) Solyc12g098520.2"
"interacts with","0.585772","Solyc01g096050.3 (interacts with) Solyc08g076860.3","1.0E-20","false","interacts with","Solyc01g096050.3 (interacts with) Solyc08g076860.3"
"interacts with","0.509457","Solyc01g096050.3 (interacts with) Solyc02g068200.1","1.0E-15","false","interacts with","Solyc01g096050.3 (interacts with) Solyc02g068200.1"
"interacts with","0.154235","Solyc01g096050.3 (interacts with) Solyc07g049130.1","1.0E-5","false","interacts with","Solyc01g096050.3 (interacts with) Solyc07g049130.1"
"interacts with","0.452442","Solyc01g096050.3 (interacts with) Solyc06g083590.3","1.0E-15","false","interacts with","Solyc01g096050.3 (interacts with) Solyc06g083590.3"
"interacts with","0.697344","Solyc01g096050.3 (interacts with) Solyc06g063070.3","1.0E-20","false","interacts with","Solyc01g096050.3 (interacts with) Solyc06g063070.3"
"interacts with","0.224738","Solyc01g096050.3 (interacts with) Solyc03g119370.2","1.0E-5","false","interacts with","Solyc01g096050.3 (interacts with) Solyc03g119370.2"
"interacts with","0.226081","Solyc01g096050.3 (interacts with) Solyc10g081490.2","1.0E-5","false","interacts with","Solyc01g096050.3 (interacts with) Solyc10g081490.2"
"interacts with","0.509601","Solyc01g096050.3 (interacts with) Solyc02g080260.3","1.0E-15","false","interacts with","Solyc01g096050.3 (interacts with) Solyc02g080260.3"
"interacts with","0.649834","Solyc01g096050.3 (interacts with) Solyc06g053960.3","1.0E-20","false","interacts with","Solyc01g096050.3 (interacts with) Solyc06g053960.3"
"interacts with","0.672276","Solyc01g096050.3 (interacts with) Solyc01g104650.3","1.0E-20","false","interacts with","Solyc01g096050.3 (interacts with) Solyc01g104650.3"
"interacts with","0.20811","Solyc02g084630.3 (interacts with) Solyc03g033730.1","1.0E-5","false","interacts with","Solyc02g084630.3 (interacts with) Solyc03g033730.1"
"interacts with","0.719151","Solyc01g096050.3 (interacts with) Solyc06g036170.1","1.0E-25","false","interacts with","Solyc01g096050.3 (interacts with) Solyc06g036170.1"
"interacts with","0.552599","Solyc02g084630.3 (interacts with) Solyc07g041640.3","1.0E-15","false","interacts with","Solyc02g084630.3 (interacts with) Solyc07g041640.3"
"interacts with","0.769573","Solyc01g096050.3 (interacts with) Solyc10g080770.2","1.0E-25","false","interacts with","Solyc01g096050.3 (interacts with) Solyc10g080770.2"
"interacts with","0.556058","Solyc02g084630.3 (interacts with) Solyc07g043580.3","1.0E-15","false","interacts with","Solyc02g084630.3 (interacts with) Solyc07g043580.3"
"interacts with","0.694019","Solyc01g096050.3 (interacts with) Solyc03g097120.3","1.0E-20","false","interacts with","Solyc01g096050.3 (interacts with) Solyc03g097120.3"
"interacts with","0.550952","Solyc02g084630.3 (interacts with) Solyc11g010710.2","1.0E-15","false","interacts with","Solyc02g084630.3 (interacts with) Solyc11g010710.2"
"interacts with","0.711989","Solyc01g096050.3 (interacts with) Solyc03g006000.3","1.0E-20","false","interacts with","Solyc01g096050.3 (interacts with) Solyc03g006000.3"
"interacts with","0.532728","Solyc02g084630.3 (interacts with) Solyc07g052960.2","1.0E-15","false","interacts with","Solyc02g084630.3 (interacts with) Solyc07g052960.2"
"interacts with","0.511933","Solyc02g084630.3 (interacts with) Solyc08g068320.3","1.0E-15","false","interacts with","Solyc02g084630.3 (interacts with) Solyc08g068320.3"
"interacts with","0.321069","Solyc01g096050.3 (interacts with) Solyc05g051380.3","1.0E-10","false","interacts with","Solyc01g096050.3 (interacts with) Solyc05g051380.3"
"interacts with","0.523584","Solyc02g084630.3 (interacts with) Solyc03g112390.3","1.0E-15","false","interacts with","Solyc02g084630.3 (interacts with) Solyc03g112390.3"
"interacts with","0.693296","Solyc01g096050.3 (interacts with) Solyc12g089240.2","1.0E-20","false","interacts with","Solyc01g096050.3 (interacts with) Solyc12g089240.2"
"interacts with","0.506989","Solyc02g084630.3 (interacts with) Solyc11g072600.2","1.0E-15","false","interacts with","Solyc02g084630.3 (interacts with) Solyc11g072600.2"
"interacts with","0.756809","Solyc01g096050.3 (interacts with) Solyc11g005380.2","1.0E-25","false","interacts with","Solyc01g096050.3 (interacts with) Solyc11g005380.2"
"interacts with","0.556236","Solyc02g084630.3 (interacts with) Solyc10g006880.3","1.0E-15","false","interacts with","Solyc02g084630.3 (interacts with) Solyc10g006880.3"
"interacts with","0.568762","Solyc02g084630.3 (interacts with) Solyc03g115120.1","1.0E-15","false","interacts with","Solyc02g084630.3 (interacts with) Solyc03g115120.1"
"interacts with","0.520003","Solyc02g084630.3 (interacts with) Solyc08g006260.2","1.0E-15","false","interacts with","Solyc02g084630.3 (interacts with) Solyc08g006260.2"
"interacts with","0.553346","Solyc02g084630.3 (interacts with) Solyc08g079100.3","1.0E-15","false","interacts with","Solyc02g084630.3 (interacts with) Solyc08g079100.3"
"interacts with","0.434801","Solyc01g096050.3 (interacts with) Solyc06g053720.2","1.0E-15","false","interacts with","Solyc01g096050.3 (interacts with) Solyc06g053720.2"
"interacts with","0.578193","Solyc02g084630.3 (interacts with) Solyc04g014830.2","1.0E-20","false","interacts with","Solyc02g084630.3 (interacts with) Solyc04g014830.2"
"interacts with","0.668212","Solyc01g096050.3 (interacts with) Solyc12g099760.2","1.0E-20","false","interacts with","Solyc01g096050.3 (interacts with) Solyc12g099760.2"
"interacts with","0.632813","Solyc02g084630.3 (interacts with) Solyc06g076820.1","1.0E-20","false","interacts with","Solyc02g084630.3 (interacts with) Solyc06g076820.1"
"interacts with","0.547334","Solyc12g098370.2 (interacts with) Solyc12g100140.2","1.0E-15","false","interacts with","Solyc12g098370.2 (interacts with) Solyc12g100140.2"
"interacts with","0.524919","Solyc02g084630.3 (interacts with) Solyc10g084180.2","1.0E-15","false","interacts with","Solyc02g084630.3 (interacts with) Solyc10g084180.2"
"interacts with","0.602347","Solyc02g084630.3 (interacts with) Solyc03g119540.3","1.0E-20","false","interacts with","Solyc02g084630.3 (interacts with) Solyc03g119540.3"
"interacts with","0.378679","Solyc08g079120.2 (interacts with) Solyc11g005380.2","1.0E-10","false","interacts with","Solyc08g079120.2 (interacts with) Solyc11g005380.2"
"interacts with","0.536694","Solyc02g084630.3 (interacts with) Solyc06g061030.3","1.0E-15","false","interacts with","Solyc02g084630.3 (interacts with) Solyc06g061030.3"
"interacts with","0.403958","Solyc08g079120.2 (interacts with) Solyc11g010340.2","1.0E-10","false","interacts with","Solyc08g079120.2 (interacts with) Solyc11g010340.2"
"interacts with","0.512181","Solyc02g084630.3 (interacts with) Solyc11g072470.2","1.0E-15","false","interacts with","Solyc02g084630.3 (interacts with) Solyc11g072470.2"
"interacts with","0.380774","Solyc08g079120.2 (interacts with) Solyc09g018460.1","1.0E-10","false","interacts with","Solyc08g079120.2 (interacts with) Solyc09g018460.1"
"interacts with","0.544602","Solyc02g084630.3 (interacts with) Solyc03g113620.3","1.0E-15","false","interacts with","Solyc02g084630.3 (interacts with) Solyc03g113620.3"
"interacts with","0.272014","Solyc04g076527.1 (interacts with) Solyc10g078700.2","1.0E-5","false","interacts with","Solyc04g076527.1 (interacts with) Solyc10g078700.2"
"interacts with","0.603779","Solyc02g084630.3 (interacts with) Solyc12g100140.2","1.0E-20","false","interacts with","Solyc02g084630.3 (interacts with) Solyc12g100140.2"
"interacts with","0.146048","Solyc04g076527.1 (interacts with) Solyc05g051420.2","0.1","false","interacts with","Solyc04g076527.1 (interacts with) Solyc05g051420.2"
"interacts with","0.548132","Solyc02g084630.3 (interacts with) Solyc03g113270.3","1.0E-15","false","interacts with","Solyc02g084630.3 (interacts with) Solyc03g113270.3"
"interacts with","0.263552","Solyc04g076527.1 (interacts with) Solyc05g012020.3","1.0E-5","false","interacts with","Solyc04g076527.1 (interacts with) Solyc05g012020.3"
"interacts with","0.554984","Solyc02g084630.3 (interacts with) Solyc08g078300.3","1.0E-15","false","interacts with","Solyc02g084630.3 (interacts with) Solyc08g078300.3"
"interacts with","0.266977","Solyc04g076527.1 (interacts with) Solyc08g022080.3","1.0E-5","false","interacts with","Solyc04g076527.1 (interacts with) Solyc08g022080.3"
"interacts with","0.505533","Solyc02g084630.3 (interacts with) Solyc08g063040.3","1.0E-15","false","interacts with","Solyc02g084630.3 (interacts with) Solyc08g063040.3"
"interacts with","0.277343","Solyc04g076527.1 (interacts with) Solyc10g006880.3","1.0E-5","false","interacts with","Solyc04g076527.1 (interacts with) Solyc10g006880.3"
"interacts with","0.434962","Solyc02g084630.3 (interacts with) Solyc05g015840.3","1.0E-15","false","interacts with","Solyc02g084630.3 (interacts with) Solyc05g015840.3"
"interacts with","0.285996","Solyc04g076527.1 (interacts with) Solyc07g055100.3","1.0E-5","false","interacts with","Solyc04g076527.1 (interacts with) Solyc07g055100.3"
"interacts with","0.514831","Solyc02g084630.3 (interacts with) Solyc06g051840.1","1.0E-15","false","interacts with","Solyc02g084630.3 (interacts with) Solyc06g051840.1"
"interacts with","0.264256","Solyc04g076527.1 (interacts with) Solyc11g072150.2","1.0E-5","false","interacts with","Solyc04g076527.1 (interacts with) Solyc11g072150.2"
"interacts with","0.274415","Solyc04g076527.1 (interacts with) Solyc10g005330.3","1.0E-5","false","interacts with","Solyc04g076527.1 (interacts with) Solyc10g005330.3"
"interacts with","0.523177","Solyc02g084630.3 (interacts with) Solyc03g044300.3","1.0E-15","false","interacts with","Solyc02g084630.3 (interacts with) Solyc03g044300.3"
"interacts with","0.503242","Solyc02g084630.3 (interacts with) Solyc09g066060.2","1.0E-15","false","interacts with","Solyc02g084630.3 (interacts with) Solyc09g066060.2"
"interacts with","0.503767","Solyc02g084630.3 (interacts with) Solyc08g082630.3","1.0E-15","false","interacts with","Solyc02g084630.3 (interacts with) Solyc08g082630.3"
"interacts with","0.469297","Solyc02g084630.3 (interacts with) Solyc12g008350.2","1.0E-15","false","interacts with","Solyc02g084630.3 (interacts with) Solyc12g008350.2"
"interacts with","0.637099","Solyc02g084630.3 (interacts with) Solyc06g068390.1","1.0E-20","false","interacts with","Solyc02g084630.3 (interacts with) Solyc06g068390.1"
"interacts with","0.55257","Solyc02g084630.3 (interacts with) Solyc10g079070.2","1.0E-15","false","interacts with","Solyc02g084630.3 (interacts with) Solyc10g079070.2"
"interacts with","0.51759","Solyc02g084630.3 (interacts with) Solyc07g018010.3","1.0E-15","false","interacts with","Solyc02g084630.3 (interacts with) Solyc07g018010.3"
"interacts with","0.50506","Solyc02g084630.3 (interacts with) Solyc07g055100.3","1.0E-15","false","interacts with","Solyc02g084630.3 (interacts with) Solyc07g055100.3"
"interacts with","0.519828","Solyc02g084630.3 (interacts with) Solyc12g096500.2","1.0E-15","false","interacts with","Solyc02g084630.3 (interacts with) Solyc12g096500.2"
"interacts with","0.293865","Solyc10g008160.3 (interacts with) Solyc10g078430.2","1.0E-10","false","interacts with","Solyc10g008160.3 (interacts with) Solyc10g078430.2"
"interacts with","0.116439","Solyc10g008160.3 (interacts with) Solyc12g038440.1","0.1","false","interacts with","Solyc10g008160.3 (interacts with) Solyc12g038440.1"
"interacts with","0.291569","Solyc10g008160.3 (interacts with) Solyc11g005380.2","1.0E-10","false","interacts with","Solyc10g008160.3 (interacts with) Solyc11g005380.2"
"interacts with","0.546217","Solyc10g080540.2 (interacts with) Solyc12g099760.2","1.0E-15","false","interacts with","Solyc10g080540.2 (interacts with) Solyc12g099760.2"
"interacts with","0.539992","Solyc10g080540.2 (interacts with) Solyc12g089240.2","1.0E-15","false","interacts with","Solyc10g080540.2 (interacts with) Solyc12g089240.2"
"interacts with","0.554883","Solyc10g080540.2 (interacts with) Solyc12g098370.2","1.0E-15","false","interacts with","Solyc10g080540.2 (interacts with) Solyc12g098370.2"
"interacts with","0.520199","Solyc10g080540.2 (interacts with) Solyc10g080770.2","1.0E-15","false","interacts with","Solyc10g080540.2 (interacts with) Solyc10g080770.2"
"interacts with","0.520757","Solyc04g078770.3 (interacts with) Solyc06g069430.3","1.0E-15","false","interacts with","Solyc04g078770.3 (interacts with) Solyc06g069430.3"
"interacts with","0.316941","Solyc04g078770.3 (interacts with) Solyc05g051380.3","1.0E-10","false","interacts with","Solyc04g078770.3 (interacts with) Solyc05g051380.3"
"interacts with","0.513841","Solyc04g078770.3 (interacts with) Solyc08g082630.3","1.0E-15","false","interacts with","Solyc04g078770.3 (interacts with) Solyc08g082630.3"
"interacts with","0.273063","Solyc02g071730.3 (interacts with) Solyc05g012020.3","1.0E-5","false","interacts with","Solyc02g071730.3 (interacts with) Solyc05g012020.3"
"interacts with","0.512567","Solyc04g078770.3 (interacts with) Solyc07g018290.3","1.0E-15","false","interacts with","Solyc04g078770.3 (interacts with) Solyc07g018290.3"
"interacts with","0.530527","Solyc04g078770.3 (interacts with) Solyc06g053960.3","1.0E-15","false","interacts with","Solyc04g078770.3 (interacts with) Solyc06g053960.3"
"interacts with","0.210219","Solyc04g078770.3 (interacts with) Solyc08g076710.3","1.0E-5","false","interacts with","Solyc04g078770.3 (interacts with) Solyc08g076710.3"
"interacts with","0.562668","Solyc04g078770.3 (interacts with) Solyc06g083170.3","1.0E-15","false","interacts with","Solyc04g078770.3 (interacts with) Solyc06g083170.3"
"interacts with","0.512215","Solyc04g078770.3 (interacts with) Solyc08g076370.3","1.0E-15","false","interacts with","Solyc04g078770.3 (interacts with) Solyc08g076370.3"
"interacts with","0.117247","Solyc02g071730.3 (interacts with) Solyc09g008390.2","0.1","false","interacts with","Solyc02g071730.3 (interacts with) Solyc09g008390.2"
"interacts with","0.564452","Solyc03g117720.3 (interacts with) Solyc08g063040.3","1.0E-15","false","interacts with","Solyc03g117720.3 (interacts with) Solyc08g063040.3"
"interacts with","0.408653","Solyc03g117720.3 (interacts with) Solyc12g098620.2","1.0E-10","false","interacts with","Solyc03g117720.3 (interacts with) Solyc12g098620.2"
"interacts with","0.608816","Solyc03g117720.3 (interacts with) Solyc11g010710.2","1.0E-20","false","interacts with","Solyc03g117720.3 (interacts with) Solyc11g010710.2"
"interacts with","0.563519","Solyc10g078700.2 (interacts with) Solyc10g084180.2","1.0E-15","false","interacts with","Solyc10g078700.2 (interacts with) Solyc10g084180.2"
"interacts with","0.47893","Solyc03g117720.3 (interacts with) Solyc11g013150.1","1.0E-15","false","interacts with","Solyc03g117720.3 (interacts with) Solyc11g013150.1"
"interacts with","0.536734","Solyc10g078700.2 (interacts with) Solyc10g080540.2","1.0E-15","false","interacts with","Solyc10g078700.2 (interacts with) Solyc10g080540.2"
"interacts with","0.566324","Solyc03g117720.3 (interacts with) Solyc06g065040.3","1.0E-15","false","interacts with","Solyc03g117720.3 (interacts with) Solyc06g065040.3"
"interacts with","0.389727","Solyc10g078700.2 (interacts with) Solyc12g005420.2","1.0E-10","false","interacts with","Solyc10g078700.2 (interacts with) Solyc12g005420.2"
"interacts with","0.514203","Solyc03g117720.3 (interacts with) Solyc05g006650.3","1.0E-15","false","interacts with","Solyc03g117720.3 (interacts with) Solyc05g006650.3"
"interacts with","0.72813","Solyc10g078700.2 (interacts with) Solyc11g017470.2","1.0E-25","false","interacts with","Solyc10g078700.2 (interacts with) Solyc11g017470.2"
"interacts with","0.580514","Solyc03g117720.3 (interacts with) Solyc03g123430.3","1.0E-20","false","interacts with","Solyc03g117720.3 (interacts with) Solyc03g123430.3"
"interacts with","0.28074","Solyc08g005870.2 (interacts with) Solyc08g066500.3","1.0E-5","false","interacts with","Solyc08g005870.2 (interacts with) Solyc08g066500.3"
"interacts with","0.8067","Solyc10g078700.2 (interacts with) Solyc10g079070.2","1.0E-25","false","interacts with","Solyc10g078700.2 (interacts with) Solyc10g079070.2"
"interacts with","0.553856","Solyc03g117720.3 (interacts with) Solyc11g069190.2","1.0E-15","false","interacts with","Solyc03g117720.3 (interacts with) Solyc11g069190.2"
"interacts with","0.665524","Solyc10g078700.2 (interacts with) Solyc12g089240.2","1.0E-20","false","interacts with","Solyc10g078700.2 (interacts with) Solyc12g089240.2"
"interacts with","0.534797","Solyc03g117720.3 (interacts with) Solyc12g007180.2","1.0E-15","false","interacts with","Solyc03g117720.3 (interacts with) Solyc12g007180.2"
"interacts with","0.51295","Solyc02g087840.3 (interacts with) Solyc11g010710.2","1.0E-15","false","interacts with","Solyc02g087840.3 (interacts with) Solyc11g010710.2"
"interacts with","0.566176","Solyc03g117720.3 (interacts with) Solyc10g079070.2","1.0E-15","false","interacts with","Solyc03g117720.3 (interacts with) Solyc10g079070.2"
"interacts with","0.525707","Solyc02g068200.1 (interacts with) Solyc08g076860.3","1.0E-15","false","interacts with","Solyc02g068200.1 (interacts with) Solyc08g076860.3"
"interacts with","0.540287","Solyc02g087840.3 (interacts with) Solyc09g072830.3","1.0E-15","false","interacts with","Solyc02g087840.3 (interacts with) Solyc09g072830.3"
"interacts with","0.795298","Solyc10g078700.2 (interacts with) Solyc12g098370.2","1.0E-25","false","interacts with","Solyc10g078700.2 (interacts with) Solyc12g098370.2"
"interacts with","0.526042","Solyc03g117720.3 (interacts with) Solyc07g052700.3","1.0E-15","false","interacts with","Solyc03g117720.3 (interacts with) Solyc07g052700.3"
"interacts with","0.596969","Solyc02g087840.3 (interacts with) Solyc09g007260.3","1.0E-20","false","interacts with","Solyc02g087840.3 (interacts with) Solyc09g007260.3"
"interacts with","0.466685","Solyc11g010340.2 (interacts with) Solyc12g056860.2","1.0E-15","false","interacts with","Solyc11g010340.2 (interacts with) Solyc12g056860.2"
"interacts with","0.711409","Solyc10g078700.2 (interacts with) Solyc12g013620.2","1.0E-20","false","interacts with","Solyc10g078700.2 (interacts with) Solyc12g013620.2"
"interacts with","0.339538","Solyc03g117720.3 (interacts with) Solyc06g074170.3","1.0E-10","false","interacts with","Solyc03g117720.3 (interacts with) Solyc06g074170.3"
"interacts with","0.572056","Solyc02g087840.3 (interacts with) Solyc04g014530.1","1.0E-20","false","interacts with","Solyc02g087840.3 (interacts with) Solyc04g014530.1"
"interacts with","0.453796","Solyc10g078700.2 (interacts with) Solyc12g099370.2","1.0E-15","false","interacts with","Solyc10g078700.2 (interacts with) Solyc12g099370.2"
"interacts with","0.594196","Solyc03g117720.3 (interacts with) Solyc06g076820.1","1.0E-20","false","interacts with","Solyc03g117720.3 (interacts with) Solyc06g076820.1"
"interacts with","0.239363","Solyc02g068200.1 (interacts with) Solyc09g015110.2","1.0E-5","false","interacts with","Solyc02g068200.1 (interacts with) Solyc09g015110.2"
"interacts with","0.56093","Solyc02g087840.3 (interacts with) Solyc02g093150.3","1.0E-15","false","interacts with","Solyc02g087840.3 (interacts with) Solyc02g093150.3"
"interacts with","0.676009","Solyc10g078700.2 (interacts with) Solyc12g099760.2","1.0E-20","false","interacts with","Solyc10g078700.2 (interacts with) Solyc12g099760.2"
"interacts with","0.458703","Solyc10g078700.2 (interacts with) Solyc12g044610.2","1.0E-15","false","interacts with","Solyc10g078700.2 (interacts with) Solyc12g044610.2"
"interacts with","0.563114","Solyc03g117720.3 (interacts with) Solyc09g010840.1","1.0E-15","false","interacts with","Solyc03g117720.3 (interacts with) Solyc09g010840.1"
"interacts with","0.39506","Solyc02g068200.1 (interacts with) Solyc08g082890.3","1.0E-10","false","interacts with","Solyc02g068200.1 (interacts with) Solyc08g082890.3"
"interacts with","0.206645","Solyc02g087840.3 (interacts with) Solyc03g033730.1","1.0E-5","false","interacts with","Solyc02g087840.3 (interacts with) Solyc03g033730.1"
"interacts with","0.348865","Solyc11g010340.2 (interacts with) Solyc11g068480.2","1.0E-10","false","interacts with","Solyc11g010340.2 (interacts with) Solyc11g068480.2"
"interacts with","0.463054","Solyc03g117720.3 (interacts with) Solyc06g069850.3","1.0E-15","false","interacts with","Solyc03g117720.3 (interacts with) Solyc06g069850.3"
"interacts with","0.497269","Solyc02g068200.1 (interacts with) Solyc06g069430.3","1.0E-15","false","interacts with","Solyc02g068200.1 (interacts with) Solyc06g069430.3"
"interacts with","0.596528","Solyc02g087840.3 (interacts with) Solyc05g012020.3","1.0E-20","false","interacts with","Solyc02g087840.3 (interacts with) Solyc05g012020.3"
"interacts with","0.439214","Solyc03g117720.3 (interacts with) Solyc10g081320.1","1.0E-15","false","interacts with","Solyc03g117720.3 (interacts with) Solyc10g081320.1"
"interacts with","0.217483","Solyc02g068200.1 (interacts with) Solyc03g119370.2","1.0E-5","false","interacts with","Solyc02g068200.1 (interacts with) Solyc03g119370.2"
"interacts with","0.612855","Solyc02g087840.3 (interacts with) Solyc04g014830.2","1.0E-20","false","interacts with","Solyc02g087840.3 (interacts with) Solyc04g014830.2"
"interacts with","0.37429","Solyc07g063420.3 (interacts with) Solyc09g090790.3","1.0E-10","false","interacts with","Solyc07g063420.3 (interacts with) Solyc09g090790.3"
"interacts with","0.560033","Solyc03g117720.3 (interacts with) Solyc08g082630.3","1.0E-15","false","interacts with","Solyc03g117720.3 (interacts with) Solyc08g082630.3"
"interacts with","0.275723","Solyc02g068200.1 (interacts with) Solyc04g054685.1","1.0E-5","false","interacts with","Solyc02g068200.1 (interacts with) Solyc04g054685.1"
"interacts with","0.608327","Solyc02g087840.3 (interacts with) Solyc04g078640.2","1.0E-20","false","interacts with","Solyc02g087840.3 (interacts with) Solyc04g078640.2"
"interacts with","0.217947","Solyc07g063420.3 (interacts with) Solyc08g076710.3","1.0E-5","false","interacts with","Solyc07g063420.3 (interacts with) Solyc08g076710.3"
"interacts with","0.532612","Solyc03g123430.3 (interacts with) Solyc08g080150.1","1.0E-15","false","interacts with","Solyc03g123430.3 (interacts with) Solyc08g080150.1"
"interacts with","0.517729","Solyc03g117720.3 (interacts with) Solyc11g072600.2","1.0E-15","false","interacts with","Solyc03g117720.3 (interacts with) Solyc11g072600.2"
"interacts with","0.518879","Solyc02g068200.1 (interacts with) Solyc06g063070.3","1.0E-15","false","interacts with","Solyc02g068200.1 (interacts with) Solyc06g063070.3"
"interacts with","0.237026","Solyc02g087840.3 (interacts with) Solyc04g016000.3","1.0E-5","false","interacts with","Solyc02g087840.3 (interacts with) Solyc04g016000.3"
"interacts with","0.543605","Solyc03g117720.3 (interacts with) Solyc08g005430.3","1.0E-15","false","interacts with","Solyc03g117720.3 (interacts with) Solyc08g005430.3"
"interacts with","0.614152","Solyc02g087840.3 (interacts with) Solyc06g061030.3","1.0E-20","false","interacts with","Solyc02g087840.3 (interacts with) Solyc06g061030.3"
"interacts with","0.60354","Solyc07g063420.3 (interacts with) Solyc12g013620.2","1.0E-20","false","interacts with","Solyc07g063420.3 (interacts with) Solyc12g013620.2"
"interacts with","0.545357","Solyc03g123430.3 (interacts with) Solyc10g079070.2","1.0E-15","false","interacts with","Solyc03g123430.3 (interacts with) Solyc10g079070.2"
"interacts with","0.547551","Solyc03g117720.3 (interacts with) Solyc03g120620.3","1.0E-15","false","interacts with","Solyc03g117720.3 (interacts with) Solyc03g120620.3"
"interacts with","0.529144","Solyc02g068200.1 (interacts with) Solyc03g026020.3","1.0E-15","false","interacts with","Solyc02g068200.1 (interacts with) Solyc03g026020.3"
"interacts with","0.589341","Solyc02g087840.3 (interacts with) Solyc10g006880.3","1.0E-20","false","interacts with","Solyc02g087840.3 (interacts with) Solyc10g006880.3"
"interacts with","0.611086","Solyc07g063420.3 (interacts with) Solyc10g006880.3","1.0E-20","false","interacts with","Solyc07g063420.3 (interacts with) Solyc10g006880.3"
"interacts with","0.557312","Solyc03g123430.3 (interacts with) Solyc06g061030.3","1.0E-15","false","interacts with","Solyc03g123430.3 (interacts with) Solyc06g061030.3"
"interacts with","0.5437","Solyc03g117720.3 (interacts with) Solyc11g044320.2","1.0E-15","false","interacts with","Solyc03g117720.3 (interacts with) Solyc11g044320.2"
"interacts with","0.515106","Solyc02g068200.1 (interacts with) Solyc04g045430.3","1.0E-15","false","interacts with","Solyc02g068200.1 (interacts with) Solyc04g045430.3"
"interacts with","0.597714","Solyc02g087840.3 (interacts with) Solyc08g079100.3","1.0E-20","false","interacts with","Solyc02g087840.3 (interacts with) Solyc08g079100.3"
"interacts with","0.485572","Solyc03g123430.3 (interacts with) Solyc06g069850.3","1.0E-15","false","interacts with","Solyc03g123430.3 (interacts with) Solyc06g069850.3"
"interacts with","0.440193","Solyc03g117720.3 (interacts with) Solyc11g012510.2","1.0E-15","false","interacts with","Solyc03g117720.3 (interacts with) Solyc11g012510.2"
"interacts with","0.478424","Solyc02g068200.1 (interacts with) Solyc04g077510.3","1.0E-15","false","interacts with","Solyc02g068200.1 (interacts with) Solyc04g077510.3"
"interacts with","0.637084","Solyc07g063420.3 (interacts with) Solyc07g063970.3","1.0E-20","false","interacts with","Solyc07g063420.3 (interacts with) Solyc07g063970.3"
"interacts with","0.458174","Solyc03g123430.3 (interacts with) Solyc10g081320.1","1.0E-15","false","interacts with","Solyc03g123430.3 (interacts with) Solyc10g081320.1"
"interacts with","0.641914","Solyc03g117720.3 (interacts with) Solyc08g079100.3","1.0E-20","false","interacts with","Solyc03g117720.3 (interacts with) Solyc08g079100.3"
"interacts with","0.493103","Solyc02g087840.3 (interacts with) Solyc07g065500.2","1.0E-15","false","interacts with","Solyc02g087840.3 (interacts with) Solyc07g065500.2"
"interacts with","0.310012","Solyc07g063420.3 (interacts with) Solyc08g076230.1","1.0E-10","false","interacts with","Solyc07g063420.3 (interacts with) Solyc08g076230.1"
"interacts with","0.514507","Solyc03g123430.3 (interacts with) Solyc12g096500.2","1.0E-15","false","interacts with","Solyc03g123430.3 (interacts with) Solyc12g096500.2"
"interacts with","0.420093","Solyc01g059950.1 (interacts with) Solyc02g090820.3","1.0E-10","false","interacts with","Solyc01g059950.1 (interacts with) Solyc02g090820.3"
"interacts with","0.483402","Solyc02g068200.1 (interacts with) Solyc11g017470.2","1.0E-15","false","interacts with","Solyc02g068200.1 (interacts with) Solyc11g017470.2"
"interacts with","0.348412","Solyc07g063420.3 (interacts with) Solyc11g068480.2","1.0E-10","false","interacts with","Solyc07g063420.3 (interacts with) Solyc11g068480.2"
"interacts with","0.421844","Solyc03g123430.3 (interacts with) Solyc11g012510.2","1.0E-10","false","interacts with","Solyc03g123430.3 (interacts with) Solyc11g012510.2"
"interacts with","0.393463","Solyc01g059950.1 (interacts with) Solyc07g018010.3","1.0E-10","false","interacts with","Solyc01g059950.1 (interacts with) Solyc07g018010.3"
"interacts with","0.239625","Solyc02g068200.1 (interacts with) Solyc04g016000.3","1.0E-5","false","interacts with","Solyc02g068200.1 (interacts with) Solyc04g016000.3"
"interacts with","0.578651","Solyc07g063420.3 (interacts with) Solyc09g082505.1","1.0E-20","false","interacts with","Solyc07g063420.3 (interacts with) Solyc09g082505.1"
"interacts with","0.566723","Solyc03g123430.3 (interacts with) Solyc06g069430.3","1.0E-15","false","interacts with","Solyc03g123430.3 (interacts with) Solyc06g069430.3"
"interacts with","0.491474","Solyc02g068200.1 (interacts with) Solyc06g036170.1","1.0E-15","false","interacts with","Solyc02g068200.1 (interacts with) Solyc06g036170.1"
"interacts with","0.598083","Solyc02g087840.3 (interacts with) Solyc10g005330.3","1.0E-20","false","interacts with","Solyc02g087840.3 (interacts with) Solyc10g005330.3"
"interacts with","0.504757","Solyc07g063420.3 (interacts with) Solyc12g056860.2","1.0E-15","false","interacts with","Solyc07g063420.3 (interacts with) Solyc12g056860.2"
"interacts with","0.542483","Solyc03g123430.3 (interacts with) Solyc08g029090.3","1.0E-15","false","interacts with","Solyc03g123430.3 (interacts with) Solyc08g029090.3"
"interacts with","0.397223","Solyc01g059950.1 (interacts with) Solyc06g036170.1","1.0E-10","false","interacts with","Solyc01g059950.1 (interacts with) Solyc06g036170.1"
"interacts with","0.491299","Solyc02g068200.1 (interacts with) Solyc04g078640.2","1.0E-15","false","interacts with","Solyc02g068200.1 (interacts with) Solyc04g078640.2"
"interacts with","0.539692","Solyc02g087840.3 (interacts with) Solyc03g114720.3","1.0E-15","false","interacts with","Solyc02g087840.3 (interacts with) Solyc03g114720.3"
"interacts with","0.523562","Solyc07g063420.3 (interacts with) Solyc11g010340.2","1.0E-15","false","interacts with","Solyc07g063420.3 (interacts with) Solyc11g010340.2"
"interacts with","0.530313","Solyc03g123430.3 (interacts with) Solyc08g005430.3","1.0E-15","false","interacts with","Solyc03g123430.3 (interacts with) Solyc08g005430.3"
"interacts with","0.370217","Solyc02g068200.1 (interacts with) Solyc12g005830.2","1.0E-10","false","interacts with","Solyc02g068200.1 (interacts with) Solyc12g005830.2"
"interacts with","0.517349","Solyc02g087840.3 (interacts with) Solyc06g062670.3","1.0E-15","false","interacts with","Solyc02g087840.3 (interacts with) Solyc06g062670.3"
"interacts with","0.549953","Solyc03g123430.3 (interacts with) Solyc08g082630.3","1.0E-15","false","interacts with","Solyc03g123430.3 (interacts with) Solyc08g082630.3"
"interacts with","0.390344","Solyc01g059950.1 (interacts with) Solyc08g080150.1","1.0E-10","false","interacts with","Solyc01g059950.1 (interacts with) Solyc08g080150.1"
"interacts with","0.483428","Solyc02g068200.1 (interacts with) Solyc07g066220.3","1.0E-15","false","interacts with","Solyc02g068200.1 (interacts with) Solyc07g066220.3"
"interacts with","0.594568","Solyc02g087840.3 (interacts with) Solyc06g049040.3","1.0E-20","false","interacts with","Solyc02g087840.3 (interacts with) Solyc06g049040.3"
"interacts with","0.594037","Solyc03g123430.3 (interacts with) Solyc08g079100.3","1.0E-20","false","interacts with","Solyc03g123430.3 (interacts with) Solyc08g079100.3"
"interacts with","0.415523","Solyc01g059950.1 (interacts with) Solyc01g107170.2","1.0E-10","false","interacts with","Solyc01g059950.1 (interacts with) Solyc01g107170.2"
"interacts with","0.515593","Solyc02g087840.3 (interacts with) Solyc06g069385.1","1.0E-15","false","interacts with","Solyc02g087840.3 (interacts with) Solyc06g069385.1"
"interacts with","0.514478","Solyc03g123430.3 (interacts with) Solyc06g065440.1","1.0E-15","false","interacts with","Solyc03g123430.3 (interacts with) Solyc06g065440.1"
"interacts with","0.395787","Solyc01g059950.1 (interacts with) Solyc11g069190.2","1.0E-10","false","interacts with","Solyc01g059950.1 (interacts with) Solyc11g069190.2"
"interacts with","0.488866","Solyc02g068200.1 (interacts with) Solyc10g080770.2","1.0E-15","false","interacts with","Solyc02g068200.1 (interacts with) Solyc10g080770.2"
"interacts with","0.588188","Solyc02g087840.3 (interacts with) Solyc03g113620.3","1.0E-20","false","interacts with","Solyc02g087840.3 (interacts with) Solyc03g113620.3"
"interacts with","0.297735","Solyc03g123430.3 (interacts with) Solyc11g062060.2","1.0E-10","false","interacts with","Solyc03g123430.3 (interacts with) Solyc11g062060.2"
"interacts with","0.432702","Solyc01g059950.1 (interacts with) Solyc05g012020.3","1.0E-15","false","interacts with","Solyc01g059950.1 (interacts with) Solyc05g012020.3"
"interacts with","0.551794","Solyc02g087840.3 (interacts with) Solyc12g100140.2","1.0E-15","false","interacts with","Solyc02g087840.3 (interacts with) Solyc12g100140.2"
"interacts with","0.547817","Solyc03g123430.3 (interacts with) Solyc07g041640.3","1.0E-15","false","interacts with","Solyc03g123430.3 (interacts with) Solyc07g041640.3"
"interacts with","0.394473","Solyc01g059950.1 (interacts with) Solyc04g077510.3","1.0E-10","false","interacts with","Solyc01g059950.1 (interacts with) Solyc04g077510.3"
"interacts with","0.509924","Solyc02g068200.1 (interacts with) Solyc03g006000.3","1.0E-15","false","interacts with","Solyc02g068200.1 (interacts with) Solyc03g006000.3"
"interacts with","0.54003","Solyc02g087840.3 (interacts with) Solyc03g123430.3","1.0E-15","false","interacts with","Solyc02g087840.3 (interacts with) Solyc03g123430.3"
"interacts with","0.436924","Solyc01g057300.2 (interacts with) Solyc08g076590.3","1.0E-15","false","interacts with","Solyc01g057300.2 (interacts with) Solyc08g076590.3"
"interacts with","0.147845","Solyc02g068200.1 (interacts with) Solyc06g005090.3","0.1","false","interacts with","Solyc02g068200.1 (interacts with) Solyc06g005090.3"
"interacts with","0.649296","Solyc02g087840.3 (interacts with) Solyc12g098370.2","1.0E-20","false","interacts with","Solyc02g087840.3 (interacts with) Solyc12g098370.2"
"interacts with","0.462817","Solyc01g057300.2 (interacts with) Solyc08g078800.1","1.0E-15","false","interacts with","Solyc01g057300.2 (interacts with) Solyc08g078800.1"
"interacts with","0.510113","Solyc03g123430.3 (interacts with) Solyc11g013150.1","1.0E-15","false","interacts with","Solyc03g123430.3 (interacts with) Solyc11g013150.1"
"interacts with","0.524975","Solyc02g068200.1 (interacts with) Solyc03g097120.3","1.0E-15","false","interacts with","Solyc02g068200.1 (interacts with) Solyc03g097120.3"
"interacts with","0.351314","Solyc01g057300.2 (interacts with) Solyc11g068480.2","1.0E-10","false","interacts with","Solyc01g057300.2 (interacts with) Solyc11g068480.2"
"interacts with","0.553137","Solyc03g123430.3 (interacts with) Solyc04g014530.1","1.0E-15","false","interacts with","Solyc03g123430.3 (interacts with) Solyc04g014530.1"
"interacts with","0.590621","Solyc07g018010.3 (interacts with) Solyc12g089240.2","1.0E-20","false","interacts with","Solyc07g018010.3 (interacts with) Solyc12g089240.2"
"interacts with","0.530155","Solyc02g068200.1 (interacts with) Solyc11g005380.2","1.0E-15","false","interacts with","Solyc02g068200.1 (interacts with) Solyc11g005380.2"
"interacts with","0.437924","Solyc01g057300.2 (interacts with) Solyc04g077510.3","1.0E-15","false","interacts with","Solyc01g057300.2 (interacts with) Solyc04g077510.3"
"interacts with","0.492303","Solyc07g018010.3 (interacts with) Solyc11g010710.2","1.0E-15","false","interacts with","Solyc07g018010.3 (interacts with) Solyc11g010710.2"
"interacts with","0.480107","Solyc02g068200.1 (interacts with) Solyc12g089240.2","1.0E-15","false","interacts with","Solyc02g068200.1 (interacts with) Solyc12g089240.2"
"interacts with","0.535336","Solyc02g087840.3 (interacts with) Solyc08g029090.3","1.0E-15","false","interacts with","Solyc02g087840.3 (interacts with) Solyc08g029090.3"
"interacts with","0.238301","Solyc03g123430.3 (interacts with) Solyc11g069500.2","1.0E-5","false","interacts with","Solyc03g123430.3 (interacts with) Solyc11g069500.2"
"interacts with","0.573933","Solyc07g018010.3 (interacts with) Solyc07g043580.3","1.0E-20","false","interacts with","Solyc07g018010.3 (interacts with) Solyc07g043580.3"
"interacts with","0.448384","Solyc02g068200.1 (interacts with) Solyc04g080790.3","1.0E-15","false","interacts with","Solyc02g068200.1 (interacts with) Solyc04g080790.3"
"interacts with","0.593384","Solyc02g087840.3 (interacts with) Solyc06g069430.3","1.0E-20","false","interacts with","Solyc02g087840.3 (interacts with) Solyc06g069430.3"
"interacts with","0.637057","Solyc02g087840.3 (interacts with) Solyc10g078700.2","1.0E-20","false","interacts with","Solyc02g087840.3 (interacts with) Solyc10g078700.2"
"interacts with","0.505669","Solyc01g057300.2 (interacts with) Solyc11g010340.2","1.0E-15","false","interacts with","Solyc01g057300.2 (interacts with) Solyc11g010340.2"
"interacts with","0.5384","Solyc03g123430.3 (interacts with) Solyc06g069385.1","1.0E-15","false","interacts with","Solyc03g123430.3 (interacts with) Solyc06g069385.1"
"interacts with","0.608657","Solyc02g087840.3 (interacts with) Solyc03g121840.3","1.0E-20","false","interacts with","Solyc02g087840.3 (interacts with) Solyc03g121840.3"
"interacts with","0.596453","Solyc07g018010.3 (interacts with) Solyc12g098370.2","1.0E-20","false","interacts with","Solyc07g018010.3 (interacts with) Solyc12g098370.2"
"interacts with","0.343528","Solyc02g087840.3 (interacts with) Solyc05g005240.2","1.0E-10","false","interacts with","Solyc02g087840.3 (interacts with) Solyc05g005240.2"
"interacts with","0.535385","Solyc03g123430.3 (interacts with) Solyc05g012020.3","1.0E-15","false","interacts with","Solyc03g123430.3 (interacts with) Solyc05g012020.3"
"interacts with","0.556336","Solyc07g018010.3 (interacts with) Solyc08g014030.1","1.0E-15","false","interacts with","Solyc07g018010.3 (interacts with) Solyc08g014030.1"
"interacts with","0.554346","Solyc02g090220.3 (interacts with) Solyc04g045430.3","1.0E-15","false","interacts with","Solyc02g090220.3 (interacts with) Solyc04g045430.3"
"interacts with","0.578272","Solyc02g087840.3 (interacts with) Solyc06g065440.1","1.0E-20","false","interacts with","Solyc02g087840.3 (interacts with) Solyc06g065440.1"
"interacts with","0.568623","Solyc03g123430.3 (interacts with) Solyc12g098370.2","1.0E-15","false","interacts with","Solyc03g123430.3 (interacts with) Solyc12g098370.2"
"interacts with","0.24363","Solyc07g018010.3 (interacts with) Solyc09g015110.2","1.0E-5","false","interacts with","Solyc07g018010.3 (interacts with) Solyc09g015110.2"
"interacts with","0.449371","Solyc01g057300.2 (interacts with) Solyc04g077490.3","1.0E-15","false","interacts with","Solyc01g057300.2 (interacts with) Solyc04g077490.3"
"interacts with","0.612979","Solyc07g018010.3 (interacts with) Solyc10g079070.2","1.0E-20","false","interacts with","Solyc07g018010.3 (interacts with) Solyc10g079070.2"
"interacts with","0.502995","Solyc02g090220.3 (interacts with) Solyc08g061140.3","1.0E-15","false","interacts with","Solyc02g090220.3 (interacts with) Solyc08g061140.3"
"interacts with","0.453173","Solyc01g057300.2 (interacts with) Solyc02g077920.3","1.0E-15","false","interacts with","Solyc01g057300.2 (interacts with) Solyc02g077920.3"
"interacts with","0.436926","Solyc07g018010.3 (interacts with) Solyc08g077110.3","1.0E-15","false","interacts with","Solyc07g018010.3 (interacts with) Solyc08g077110.3"
"interacts with","0.512349","Solyc02g090220.3 (interacts with) Solyc07g062680.2","1.0E-15","false","interacts with","Solyc02g090220.3 (interacts with) Solyc07g062680.2"
"interacts with","0.453112","Solyc01g057300.2 (interacts with) Solyc07g062680.2","1.0E-15","false","interacts with","Solyc01g057300.2 (interacts with) Solyc07g062680.2"
"interacts with","0.534636","Solyc02g090220.3 (interacts with) Solyc09g007260.3","1.0E-15","false","interacts with","Solyc02g090220.3 (interacts with) Solyc09g007260.3"
"interacts with","0.57721","Solyc07g018010.3 (interacts with) Solyc08g080150.1","1.0E-20","false","interacts with","Solyc07g018010.3 (interacts with) Solyc08g080150.1"
"interacts with","0.499118","Solyc02g090220.3 (interacts with) Solyc03g026020.3","1.0E-15","false","interacts with","Solyc02g090220.3 (interacts with) Solyc03g026020.3"
"interacts with","0.25864","Solyc07g018010.3 (interacts with) Solyc07g026680.2","1.0E-5","false","interacts with","Solyc07g018010.3 (interacts with) Solyc07g026680.2"
"interacts with","0.523351","Solyc02g090220.3 (interacts with) Solyc04g077490.3","1.0E-15","false","interacts with","Solyc02g090220.3 (interacts with) Solyc04g077490.3"
"interacts with","0.309053","Solyc07g018010.3 (interacts with) Solyc09g083360.3","1.0E-10","false","interacts with","Solyc07g018010.3 (interacts with) Solyc09g083360.3"
"interacts with","0.540807","Solyc07g018010.3 (interacts with) Solyc10g086640.2","1.0E-15","false","interacts with","Solyc07g018010.3 (interacts with) Solyc10g086640.2"
"interacts with","0.455737","Solyc01g057300.2 (interacts with) Solyc09g065670.3","1.0E-15","false","interacts with","Solyc01g057300.2 (interacts with) Solyc09g065670.3"
"interacts with","0.542194","Solyc07g018010.3 (interacts with) Solyc11g072600.2","1.0E-15","false","interacts with","Solyc07g018010.3 (interacts with) Solyc11g072600.2"
"interacts with","0.616079","Solyc07g018010.3 (interacts with) Solyc10g006880.3","1.0E-20","false","interacts with","Solyc07g018010.3 (interacts with) Solyc10g006880.3"
"interacts with","0.545634","Solyc02g090220.3 (interacts with) Solyc04g077510.3","1.0E-15","false","interacts with","Solyc02g090220.3 (interacts with) Solyc04g077510.3"
"interacts with","0.567533","Solyc07g018010.3 (interacts with) Solyc10g018780.2","1.0E-15","false","interacts with","Solyc07g018010.3 (interacts with) Solyc10g018780.2"
"interacts with","0.448731","Solyc01g057300.2 (interacts with) Solyc08g066500.3","1.0E-15","false","interacts with","Solyc01g057300.2 (interacts with) Solyc08g066500.3"
"interacts with","0.558262","Solyc07g018010.3 (interacts with) Solyc11g072500.2","1.0E-15","false","interacts with","Solyc07g018010.3 (interacts with) Solyc11g072500.2"
"interacts with","0.506267","Solyc02g090220.3 (interacts with) Solyc09g082505.1","1.0E-15","false","interacts with","Solyc02g090220.3 (interacts with) Solyc09g082505.1"
"interacts with","0.629019","Solyc07g018010.3 (interacts with) Solyc10g078700.2","1.0E-20","false","interacts with","Solyc07g018010.3 (interacts with) Solyc10g078700.2"
"interacts with","0.451643","Solyc01g057300.2 (interacts with) Solyc08g065420.3","1.0E-15","false","interacts with","Solyc01g057300.2 (interacts with) Solyc08g065420.3"
"interacts with","0.702564","Solyc08g080150.1 (interacts with) Solyc12g098370.2","1.0E-20","false","interacts with","Solyc08g080150.1 (interacts with) Solyc12g098370.2"
"interacts with","0.509214","Solyc02g090220.3 (interacts with) Solyc07g063970.3","1.0E-15","false","interacts with","Solyc02g090220.3 (interacts with) Solyc07g063970.3"
"interacts with","0.455497","Solyc01g057300.2 (interacts with) Solyc03g097820.2","1.0E-15","false","interacts with","Solyc01g057300.2 (interacts with) Solyc03g097820.2"
"interacts with","0.628313","Solyc08g080150.1 (interacts with) Solyc09g074640.3","1.0E-20","false","interacts with","Solyc08g080150.1 (interacts with) Solyc09g074640.3"
"interacts with","0.506432","Solyc02g090220.3 (interacts with) Solyc06g053610.3","1.0E-15","false","interacts with","Solyc02g090220.3 (interacts with) Solyc06g053610.3"
"interacts with","0.71236","Solyc08g080150.1 (interacts with) Solyc10g078700.2","1.0E-25","false","interacts with","Solyc08g080150.1 (interacts with) Solyc10g078700.2"
"interacts with","0.529533","Solyc02g090220.3 (interacts with) Solyc04g078640.2","1.0E-15","false","interacts with","Solyc02g090220.3 (interacts with) Solyc04g078640.2"
"interacts with","0.453226","Solyc08g080150.1 (interacts with) Solyc12g044610.2","1.0E-15","false","interacts with","Solyc08g080150.1 (interacts with) Solyc12g044610.2"
"interacts with","0.546389","Solyc02g090220.3 (interacts with) Solyc02g092050.3","1.0E-15","false","interacts with","Solyc02g090220.3 (interacts with) Solyc02g092050.3"
"interacts with","0.662904","Solyc08g080150.1 (interacts with) Solyc11g069190.2","1.0E-20","false","interacts with","Solyc08g080150.1 (interacts with) Solyc11g069190.2"
"interacts with","0.455814","Solyc01g057300.2 (interacts with) Solyc09g018460.1","1.0E-15","false","interacts with","Solyc01g057300.2 (interacts with) Solyc09g018460.1"
"interacts with","0.660357","Solyc08g080150.1 (interacts with) Solyc11g017470.2","1.0E-20","false","interacts with","Solyc08g080150.1 (interacts with) Solyc11g017470.2"
"interacts with","0.51286","Solyc02g090220.3 (interacts with) Solyc06g069430.3","1.0E-15","false","interacts with","Solyc02g090220.3 (interacts with) Solyc06g069430.3"
"interacts with","0.545988","Solyc08g080150.1 (interacts with) Solyc10g009080.3","1.0E-15","false","interacts with","Solyc08g080150.1 (interacts with) Solyc10g009080.3"
"interacts with","0.501471","Solyc02g090220.3 (interacts with) Solyc03g097120.3","1.0E-15","false","interacts with","Solyc02g090220.3 (interacts with) Solyc03g097120.3"
"interacts with","0.439578","Solyc08g080150.1 (interacts with) Solyc12g098620.2","1.0E-15","false","interacts with","Solyc08g080150.1 (interacts with) Solyc12g098620.2"
"interacts with","0.510515","Solyc02g090220.3 (interacts with) Solyc08g066500.3","1.0E-15","false","interacts with","Solyc02g090220.3 (interacts with) Solyc08g066500.3"
"interacts with","0.74419","Solyc08g080150.1 (interacts with) Solyc10g079070.2","1.0E-25","false","interacts with","Solyc08g080150.1 (interacts with) Solyc10g079070.2"
"interacts with","0.373709","Solyc02g090220.3 (interacts with) Solyc08g082890.3","1.0E-10","false","interacts with","Solyc02g090220.3 (interacts with) Solyc08g082890.3"
"interacts with","0.616933","Solyc11g069190.2 (interacts with) Solyc11g072470.2","1.0E-20","false","interacts with","Solyc11g069190.2 (interacts with) Solyc11g072470.2"
"interacts with","0.514131","Solyc11g069190.2 (interacts with) Solyc11g069890.2","1.0E-15","false","interacts with","Solyc11g069190.2 (interacts with) Solyc11g069890.2"
"interacts with","0.435405","Solyc11g069190.2 (interacts with) Solyc12g098620.2","1.0E-15","false","interacts with","Solyc11g069190.2 (interacts with) Solyc12g098620.2"
"interacts with","0.495297","Solyc11g069190.2 (interacts with) Solyc12g014610.2","1.0E-15","false","interacts with","Solyc11g069190.2 (interacts with) Solyc12g014610.2"
"interacts with","0.267425","Solyc09g065670.3 (interacts with) Solyc10g007970.2","1.0E-5","false","interacts with","Solyc09g065670.3 (interacts with) Solyc10g007970.2"
"interacts with","0.720291","Solyc09g065670.3 (interacts with) Solyc10g084340.2","1.0E-25","false","interacts with","Solyc09g065670.3 (interacts with) Solyc10g084340.2"
"interacts with","0.704376","Solyc09g065670.3 (interacts with) Solyc11g069190.2","1.0E-20","false","interacts with","Solyc09g065670.3 (interacts with) Solyc11g069190.2"
"interacts with","0.508001","Solyc09g065670.3 (interacts with) Solyc11g011890.2","1.0E-15","false","interacts with","Solyc09g065670.3 (interacts with) Solyc11g011890.2"
"interacts with","0.61595","Solyc09g065670.3 (interacts with) Solyc11g010340.2","1.0E-20","false","interacts with","Solyc09g065670.3 (interacts with) Solyc11g010340.2"
"interacts with","0.365621","Solyc09g065670.3 (interacts with) Solyc12g005420.2","1.0E-10","false","interacts with","Solyc09g065670.3 (interacts with) Solyc12g005420.2"
"interacts with","0.380893","Solyc12g005420.2 (interacts with) Solyc12g098370.2","1.0E-10","false","interacts with","Solyc12g005420.2 (interacts with) Solyc12g098370.2"
"interacts with","0.525883","Solyc09g065670.3 (interacts with) Solyc11g069890.2","1.0E-15","false","interacts with","Solyc09g065670.3 (interacts with) Solyc11g069890.2"
"interacts with","0.732228","Solyc09g065670.3 (interacts with) Solyc10g005330.3","1.0E-25","false","interacts with","Solyc09g065670.3 (interacts with) Solyc10g005330.3"
"interacts with","0.417265","Solyc09g065670.3 (interacts with) Solyc12g098620.2","1.0E-10","false","interacts with","Solyc09g065670.3 (interacts with) Solyc12g098620.2"
"interacts with","0.378339","Solyc09g065670.3 (interacts with) Solyc09g090790.3","1.0E-10","false","interacts with","Solyc09g065670.3 (interacts with) Solyc09g090790.3"
"interacts with","0.657007","Solyc09g065670.3 (interacts with) Solyc10g079050.2","1.0E-20","false","interacts with","Solyc09g065670.3 (interacts with) Solyc10g079050.2"
"interacts with","0.658099","Solyc09g065670.3 (interacts with) Solyc10g018780.2","1.0E-20","false","interacts with","Solyc09g065670.3 (interacts with) Solyc10g018780.2"
"interacts with","0.553505","Solyc09g065670.3 (interacts with) Solyc10g080540.2","1.0E-15","false","interacts with","Solyc09g065670.3 (interacts with) Solyc10g080540.2"
"interacts with","0.657906","Solyc01g107170.2 (interacts with) Solyc04g077510.3","1.0E-20","false","interacts with","Solyc01g107170.2 (interacts with) Solyc04g077510.3"
"interacts with","0.427833","Solyc09g065670.3 (interacts with) Solyc10g081320.1","1.0E-10","false","interacts with","Solyc09g065670.3 (interacts with) Solyc10g081320.1"
"interacts with","0.343481","Solyc01g107170.2 (interacts with) Solyc11g068480.2","1.0E-10","false","interacts with","Solyc01g107170.2 (interacts with) Solyc11g068480.2"
"interacts with","0.480858","Solyc01g107170.2 (interacts with) Solyc08g076590.3","1.0E-15","false","interacts with","Solyc01g107170.2 (interacts with) Solyc08g076590.3"
"interacts with","0.674536","Solyc01g107170.2 (interacts with) Solyc06g049040.3","1.0E-20","false","interacts with","Solyc01g107170.2 (interacts with) Solyc06g049040.3"
"interacts with","0.300353","Solyc09g065670.3 (interacts with) Solyc10g078610.1","1.0E-10","false","interacts with","Solyc09g065670.3 (interacts with) Solyc10g078610.1"
"interacts with","0.549936","Solyc01g107170.2 (interacts with) Solyc06g062670.3","1.0E-15","false","interacts with","Solyc01g107170.2 (interacts with) Solyc06g062670.3"
"interacts with","0.560664","Solyc04g074810.3 (interacts with) Solyc07g063420.3","1.0E-15","false","interacts with","Solyc04g074810.3 (interacts with) Solyc07g063420.3"
"interacts with","0.520575","Solyc01g107170.2 (interacts with) Solyc06g069385.1","1.0E-15","false","interacts with","Solyc01g107170.2 (interacts with) Solyc06g069385.1"
"interacts with","0.598156","Solyc04g074810.3 (interacts with) Solyc04g077490.3","1.0E-20","false","interacts with","Solyc04g074810.3 (interacts with) Solyc04g077490.3"
"interacts with","0.649431","Solyc01g107170.2 (interacts with) Solyc03g121400.1","1.0E-20","false","interacts with","Solyc01g107170.2 (interacts with) Solyc03g121400.1"
"interacts with","0.611812","Solyc04g074810.3 (interacts with) Solyc08g076370.3","1.0E-20","false","interacts with","Solyc04g074810.3 (interacts with) Solyc08g076370.3"
"interacts with","0.580105","Solyc01g107170.2 (interacts with) Solyc01g108940.2","1.0E-20","false","interacts with","Solyc01g107170.2 (interacts with) Solyc01g108940.2"
"interacts with","0.781497","Solyc01g107170.2 (interacts with) Solyc02g090820.3","1.0E-25","false","interacts with","Solyc01g107170.2 (interacts with) Solyc02g090820.3"
"interacts with","0.328493","Solyc04g074810.3 (interacts with) Solyc11g068480.2","1.0E-10","false","interacts with","Solyc04g074810.3 (interacts with) Solyc11g068480.2"
"interacts with","0.766523","Solyc01g107170.2 (interacts with) Solyc10g079070.2","1.0E-25","false","interacts with","Solyc01g107170.2 (interacts with) Solyc10g079070.2"
"interacts with","0.679447","Solyc01g107170.2 (interacts with) Solyc11g013480.2","1.0E-20","false","interacts with","Solyc01g107170.2 (interacts with) Solyc11g013480.2"
"interacts with","0.621053","Solyc04g074810.3 (interacts with) Solyc06g053960.3","1.0E-20","false","interacts with","Solyc04g074810.3 (interacts with) Solyc06g053960.3"
"interacts with","0.276162","Solyc04g074810.3 (interacts with) Solyc08g005870.2","1.0E-5","false","interacts with","Solyc04g074810.3 (interacts with) Solyc08g005870.2"
"interacts with","0.745106","Solyc01g107170.2 (interacts with) Solyc11g005380.2","1.0E-25","false","interacts with","Solyc01g107170.2 (interacts with) Solyc11g005380.2"
"interacts with","0.58915","Solyc04g074810.3 (interacts with) Solyc11g010340.2","1.0E-20","false","interacts with","Solyc04g074810.3 (interacts with) Solyc11g010340.2"
"interacts with","0.413435","Solyc01g107170.2 (interacts with) Solyc12g098620.2","1.0E-10","false","interacts with","Solyc01g107170.2 (interacts with) Solyc12g098620.2"
"interacts with","0.412751","Solyc04g074810.3 (interacts with) Solyc08g079120.2","1.0E-10","false","interacts with","Solyc04g074810.3 (interacts with) Solyc08g079120.2"
"interacts with","0.683838","Solyc01g107170.2 (interacts with) Solyc02g077920.3","1.0E-20","false","interacts with","Solyc01g107170.2 (interacts with) Solyc02g077920.3"
"interacts with","0.641053","Solyc01g107170.2 (interacts with) Solyc07g062680.2","1.0E-20","false","interacts with","Solyc01g107170.2 (interacts with) Solyc07g062680.2"
"interacts with","0.568723","Solyc04g074810.3 (interacts with) Solyc08g006530.3","1.0E-15","false","interacts with","Solyc04g074810.3 (interacts with) Solyc08g006530.3"
"interacts with","0.556478","Solyc11g011890.2 (interacts with) Solyc11g069190.2","1.0E-15","false","interacts with","Solyc11g011890.2 (interacts with) Solyc11g069190.2"
"interacts with","0.683533","Solyc01g107170.2 (interacts with) Solyc09g007260.3","1.0E-20","false","interacts with","Solyc01g107170.2 (interacts with) Solyc09g007260.3"
"interacts with","0.497616","Solyc11g011890.2 (interacts with) Solyc12g100140.2","1.0E-15","false","interacts with","Solyc11g011890.2 (interacts with) Solyc12g100140.2"
"interacts with","0.273416","Solyc01g107170.2 (interacts with) Solyc10g007970.2","1.0E-5","false","interacts with","Solyc01g107170.2 (interacts with) Solyc10g007970.2"
"interacts with","0.56773","Solyc04g074810.3 (interacts with) Solyc06g062460.3","1.0E-15","false","interacts with","Solyc04g074810.3 (interacts with) Solyc06g062460.3"
"interacts with","0.507482","Solyc11g011890.2 (interacts with) Solyc11g017470.2","1.0E-15","false","interacts with","Solyc11g011890.2 (interacts with) Solyc11g017470.2"
"interacts with","0.807655","Solyc01g107170.2 (interacts with) Solyc05g012020.3","1.0E-25","false","interacts with","Solyc01g107170.2 (interacts with) Solyc05g012020.3"
"interacts with","0.631848","Solyc04g074810.3 (interacts with) Solyc10g079070.2","1.0E-20","false","interacts with","Solyc04g074810.3 (interacts with) Solyc10g079070.2"
"interacts with","0.518249","Solyc11g011890.2 (interacts with) Solyc11g072470.2","1.0E-15","false","interacts with","Solyc11g011890.2 (interacts with) Solyc11g072470.2"
"interacts with","0.626303","Solyc01g107170.2 (interacts with) Solyc10g084340.2","1.0E-20","false","interacts with","Solyc01g107170.2 (interacts with) Solyc10g084340.2"
"interacts with","0.540389","Solyc05g015330.1 (interacts with) Solyc10g006880.3","1.0E-15","false","interacts with","Solyc05g015330.1 (interacts with) Solyc10g006880.3"
"interacts with","0.663932","Solyc01g107170.2 (interacts with) Solyc12g099760.2","1.0E-20","false","interacts with","Solyc01g107170.2 (interacts with) Solyc12g099760.2"
"interacts with","0.605666","Solyc04g074810.3 (interacts with) Solyc09g018460.1","1.0E-20","false","interacts with","Solyc04g074810.3 (interacts with) Solyc09g018460.1"
"interacts with","0.49884","Solyc05g015330.1 (interacts with) Solyc09g082505.1","1.0E-15","false","interacts with","Solyc05g015330.1 (interacts with) Solyc09g082505.1"
"interacts with","0.660982","Solyc01g107170.2 (interacts with) Solyc06g061030.3","1.0E-20","false","interacts with","Solyc01g107170.2 (interacts with) Solyc06g061030.3"
"interacts with","0.541594","Solyc05g015330.1 (interacts with) Solyc12g098370.2","1.0E-15","false","interacts with","Solyc05g015330.1 (interacts with) Solyc12g098370.2"
"interacts with","0.615786","Solyc04g074810.3 (interacts with) Solyc09g065670.3","1.0E-20","false","interacts with","Solyc04g074810.3 (interacts with) Solyc09g065670.3"
"interacts with","0.490095","Solyc05g015330.1 (interacts with) Solyc06g073980.3","1.0E-15","false","interacts with","Solyc05g015330.1 (interacts with) Solyc06g073980.3"
"interacts with","0.61764","Solyc01g107170.2 (interacts with) Solyc02g085340.1","1.0E-20","false","interacts with","Solyc01g107170.2 (interacts with) Solyc02g085340.1"
"interacts with","0.52832","Solyc05g015330.1 (interacts with) Solyc10g078700.2","1.0E-15","false","interacts with","Solyc05g015330.1 (interacts with) Solyc10g078700.2"
"interacts with","0.490075","Solyc01g107170.2 (interacts with) Solyc05g050220.3","1.0E-15","false","interacts with","Solyc01g107170.2 (interacts with) Solyc05g050220.3"
"interacts with","0.58921","Solyc04g074810.3 (interacts with) Solyc08g066500.3","1.0E-20","false","interacts with","Solyc04g074810.3 (interacts with) Solyc08g066500.3"
"interacts with","0.525293","Solyc05g015330.1 (interacts with) Solyc10g018780.2","1.0E-15","false","interacts with","Solyc05g015330.1 (interacts with) Solyc10g018780.2"
"interacts with","0.403644","Solyc01g107170.2 (interacts with) Solyc12g005830.2","1.0E-10","false","interacts with","Solyc01g107170.2 (interacts with) Solyc12g005830.2"
"interacts with","0.629238","Solyc04g074810.3 (interacts with) Solyc06g069430.3","1.0E-20","false","interacts with","Solyc04g074810.3 (interacts with) Solyc06g069430.3"
"interacts with","0.487962","Solyc05g015330.1 (interacts with) Solyc06g036170.1","1.0E-15","false","interacts with","Solyc05g015330.1 (interacts with) Solyc06g036170.1"
"interacts with","0.781142","Solyc01g107170.2 (interacts with) Solyc06g036170.1","1.0E-25","false","interacts with","Solyc01g107170.2 (interacts with) Solyc06g036170.1"
"interacts with","0.32849","Solyc04g074810.3 (interacts with) Solyc11g065840.2","1.0E-10","false","interacts with","Solyc04g074810.3 (interacts with) Solyc11g065840.2"
"interacts with","0.525433","Solyc05g015330.1 (interacts with) Solyc10g079070.2","1.0E-15","false","interacts with","Solyc05g015330.1 (interacts with) Solyc10g079070.2"
"interacts with","0.387911","Solyc01g107170.2 (interacts with) Solyc04g081020.3","1.0E-10","false","interacts with","Solyc01g107170.2 (interacts with) Solyc04g081020.3"
"interacts with","0.488042","Solyc05g015330.1 (interacts with) Solyc07g063970.3","1.0E-15","false","interacts with","Solyc05g015330.1 (interacts with) Solyc07g063970.3"
"interacts with","0.501009","Solyc01g107170.2 (interacts with) Solyc07g065500.2","1.0E-15","false","interacts with","Solyc01g107170.2 (interacts with) Solyc07g065500.2"
"interacts with","0.30176","Solyc04g074810.3 (interacts with) Solyc06g068870.3","1.0E-10","false","interacts with","Solyc04g074810.3 (interacts with) Solyc06g068870.3"
"interacts with","0.51938","Solyc05g015330.1 (interacts with) Solyc10g005330.3","1.0E-15","false","interacts with","Solyc05g015330.1 (interacts with) Solyc10g005330.3"
"interacts with","0.778557","Solyc01g107170.2 (interacts with) Solyc03g097120.3","1.0E-25","false","interacts with","Solyc01g107170.2 (interacts with) Solyc03g097120.3"
"interacts with","0.428576","Solyc01g107170.2 (interacts with) Solyc12g099140.2","1.0E-10","false","interacts with","Solyc01g107170.2 (interacts with) Solyc12g099140.2"
"interacts with","0.581509","Solyc04g074810.3 (interacts with) Solyc09g007260.3","1.0E-20","false","interacts with","Solyc04g074810.3 (interacts with) Solyc09g007260.3"
"interacts with","0.494946","Solyc05g015330.1 (interacts with) Solyc05g051460.3","1.0E-15","false","interacts with","Solyc05g015330.1 (interacts with) Solyc05g051460.3"
"interacts with","0.538324","Solyc01g107170.2 (interacts with) Solyc11g069890.2","1.0E-15","false","interacts with","Solyc01g107170.2 (interacts with) Solyc11g069890.2"
"interacts with","0.493757","Solyc05g015330.1 (interacts with) Solyc06g063070.3","1.0E-15","false","interacts with","Solyc05g015330.1 (interacts with) Solyc06g063070.3"
"interacts with","0.59235","Solyc01g107170.2 (interacts with) Solyc08g063040.3","1.0E-20","false","interacts with","Solyc01g107170.2 (interacts with) Solyc08g063040.3"
"interacts with","0.471237","Solyc12g044610.2 (interacts with) Solyc12g089240.2","1.0E-15","false","interacts with","Solyc12g044610.2 (interacts with) Solyc12g089240.2"
"interacts with","0.445112","Solyc01g107170.2 (interacts with) Solyc03g116100.3","1.0E-15","false","interacts with","Solyc01g107170.2 (interacts with) Solyc03g116100.3"
"interacts with","0.597291","Solyc04g074810.3 (interacts with) Solyc11g005380.2","1.0E-20","false","interacts with","Solyc04g074810.3 (interacts with) Solyc11g005380.2"
"interacts with","0.475724","Solyc12g044610.2 (interacts with) Solyc12g096500.2","1.0E-15","false","interacts with","Solyc12g044610.2 (interacts with) Solyc12g096500.2"
"interacts with","0.405679","Solyc02g065490.3 (interacts with) Solyc07g043580.3","1.0E-10","false","interacts with","Solyc02g065490.3 (interacts with) Solyc07g043580.3"
"interacts with","0.546055","Solyc01g107170.2 (interacts with) Solyc03g123430.3","1.0E-15","false","interacts with","Solyc01g107170.2 (interacts with) Solyc03g123430.3"
"interacts with","0.492346","Solyc04g074810.3 (interacts with) Solyc12g056860.2","1.0E-15","false","interacts with","Solyc04g074810.3 (interacts with) Solyc12g056860.2"
"interacts with","0.386779","Solyc02g065490.3 (interacts with) Solyc09g007260.3","1.0E-10","false","interacts with","Solyc02g065490.3 (interacts with) Solyc09g007260.3"
"interacts with","0.380522","Solyc02g065490.3 (interacts with) Solyc08g063040.3","1.0E-10","false","interacts with","Solyc02g065490.3 (interacts with) Solyc08g063040.3"
"interacts with","0.552212","Solyc01g107170.2 (interacts with) Solyc06g062460.3","1.0E-15","false","interacts with","Solyc01g107170.2 (interacts with) Solyc06g062460.3"
"interacts with","0.383935","Solyc02g065490.3 (interacts with) Solyc07g062680.2","1.0E-10","false","interacts with","Solyc02g065490.3 (interacts with) Solyc07g062680.2"
"interacts with","0.367013","Solyc02g065490.3 (interacts with) Solyc03g112390.3","1.0E-10","false","interacts with","Solyc02g065490.3 (interacts with) Solyc03g112390.3"
"interacts with","0.258443","Solyc02g065490.3 (interacts with) Solyc03g095980.3","1.0E-5","false","interacts with","Solyc02g065490.3 (interacts with) Solyc03g095980.3"
"interacts with","0.610523","Solyc01g107170.2 (interacts with) Solyc12g096500.2","1.0E-20","false","interacts with","Solyc01g107170.2 (interacts with) Solyc12g096500.2"
"interacts with","0.578385","Solyc04g074810.3 (interacts with) Solyc06g036170.1","1.0E-20","false","interacts with","Solyc04g074810.3 (interacts with) Solyc06g036170.1"
"interacts with","0.370572","Solyc02g065490.3 (interacts with) Solyc05g007180.3","1.0E-10","false","interacts with","Solyc02g065490.3 (interacts with) Solyc05g007180.3"
"interacts with","0.307345","Solyc01g107170.2 (interacts with) Solyc10g078610.1","1.0E-10","false","interacts with","Solyc01g107170.2 (interacts with) Solyc10g078610.1"
"interacts with","0.387767","Solyc02g065490.3 (interacts with) Solyc06g065040.3","1.0E-10","false","interacts with","Solyc02g065490.3 (interacts with) Solyc06g065040.3"
"interacts with","0.621684","Solyc04g074810.3 (interacts with) Solyc07g063970.3","1.0E-20","false","interacts with","Solyc04g074810.3 (interacts with) Solyc07g063970.3"
"interacts with","0.253634","Solyc01g107170.2 (interacts with) Solyc09g015110.2","1.0E-5","false","interacts with","Solyc01g107170.2 (interacts with) Solyc09g015110.2"
"interacts with","0.36991","Solyc02g065490.3 (interacts with) Solyc03g117720.3","1.0E-10","false","interacts with","Solyc02g065490.3 (interacts with) Solyc03g117720.3"
"interacts with","0.569846","Solyc01g107170.2 (interacts with) Solyc07g018010.3","1.0E-15","false","interacts with","Solyc01g107170.2 (interacts with) Solyc07g018010.3"
"interacts with","0.613769","Solyc01g107170.2 (interacts with) Solyc09g074640.3","1.0E-20","false","interacts with","Solyc01g107170.2 (interacts with) Solyc09g074640.3"
"interacts with","0.388457","Solyc02g065490.3 (interacts with) Solyc06g076820.1","1.0E-10","false","interacts with","Solyc02g065490.3 (interacts with) Solyc06g076820.1"
"interacts with","0.671901","Solyc01g107170.2 (interacts with) Solyc09g065670.3","1.0E-20","false","interacts with","Solyc01g107170.2 (interacts with) Solyc09g065670.3"
"interacts with","0.625181","Solyc04g074810.3 (interacts with) Solyc10g006880.3","1.0E-20","false","interacts with","Solyc04g074810.3 (interacts with) Solyc10g006880.3"
"interacts with","0.366781","Solyc02g065490.3 (interacts with) Solyc07g052700.3","1.0E-10","false","interacts with","Solyc02g065490.3 (interacts with) Solyc07g052700.3"
"interacts with","0.655479","Solyc01g107170.2 (interacts with) Solyc02g092050.3","1.0E-20","false","interacts with","Solyc01g107170.2 (interacts with) Solyc02g092050.3"
"interacts with","0.371903","Solyc02g065490.3 (interacts with) Solyc04g078640.2","1.0E-10","false","interacts with","Solyc02g065490.3 (interacts with) Solyc04g078640.2"
"interacts with","0.585256","Solyc01g107170.2 (interacts with) Solyc08g029090.3","1.0E-20","false","interacts with","Solyc01g107170.2 (interacts with) Solyc08g029090.3"
"interacts with","0.370004","Solyc02g065490.3 (interacts with) Solyc05g051460.3","1.0E-10","false","interacts with","Solyc02g065490.3 (interacts with) Solyc05g051460.3"
"interacts with","0.626845","Solyc01g107170.2 (interacts with) Solyc08g005430.3","1.0E-20","false","interacts with","Solyc01g107170.2 (interacts with) Solyc08g005430.3"
"interacts with","0.397639","Solyc02g065490.3 (interacts with) Solyc07g042260.3","1.0E-10","false","interacts with","Solyc02g065490.3 (interacts with) Solyc07g042260.3"
"interacts with","0.654447","Solyc01g107170.2 (interacts with) Solyc07g052960.2","1.0E-20","false","interacts with","Solyc01g107170.2 (interacts with) Solyc07g052960.2"
"interacts with","0.390748","Solyc02g065490.3 (interacts with) Solyc08g066500.3","1.0E-10","false","interacts with","Solyc02g065490.3 (interacts with) Solyc08g066500.3"
"interacts with","0.715622","Solyc01g107170.2 (interacts with) Solyc12g089240.2","1.0E-25","false","interacts with","Solyc01g107170.2 (interacts with) Solyc12g089240.2"
"interacts with","0.366097","Solyc02g065490.3 (interacts with) Solyc03g044300.3","1.0E-10","false","interacts with","Solyc02g065490.3 (interacts with) Solyc03g044300.3"
"interacts with","0.38464","Solyc02g065490.3 (interacts with) Solyc10g018780.2","1.0E-10","false","interacts with","Solyc02g065490.3 (interacts with) Solyc10g018780.2"
"interacts with","0.370529","Solyc02g065490.3 (interacts with) Solyc10g078700.2","1.0E-10","false","interacts with","Solyc02g065490.3 (interacts with) Solyc10g078700.2"
"interacts with","0.686319","Solyc01g107170.2 (interacts with) Solyc05g007180.3","1.0E-20","false","interacts with","Solyc01g107170.2 (interacts with) Solyc05g007180.3"
"interacts with","0.370178","Solyc02g065490.3 (interacts with) Solyc03g121840.3","1.0E-10","false","interacts with","Solyc02g065490.3 (interacts with) Solyc03g121840.3"
"interacts with","0.536888","Solyc01g107170.2 (interacts with) Solyc05g006650.3","1.0E-15","false","interacts with","Solyc01g107170.2 (interacts with) Solyc05g006650.3"
"interacts with","0.522381","Solyc01g107170.2 (interacts with) Solyc12g014610.2","1.0E-15","false","interacts with","Solyc01g107170.2 (interacts with) Solyc12g014610.2"
"interacts with","0.517393","Solyc01g107170.2 (interacts with) Solyc08g065420.3","1.0E-15","false","interacts with","Solyc01g107170.2 (interacts with) Solyc08g065420.3"
"interacts with","0.368509","Solyc02g077840.1 (interacts with) Solyc03g112390.3","1.0E-10","false","interacts with","Solyc02g077840.1 (interacts with) Solyc03g112390.3"
"interacts with","0.429461","Solyc01g107170.2 (interacts with) Solyc03g006320.1","1.0E-10","false","interacts with","Solyc01g107170.2 (interacts with) Solyc03g006320.1"
"interacts with","0.348613","Solyc02g077840.1 (interacts with) Solyc05g015840.3","1.0E-10","false","interacts with","Solyc02g077840.1 (interacts with) Solyc05g015840.3"
"interacts with","0.714099","Solyc01g107170.2 (interacts with) Solyc10g080770.2","1.0E-25","false","interacts with","Solyc01g107170.2 (interacts with) Solyc10g080770.2"
"interacts with","0.138771","Solyc02g077840.1 (interacts with) Solyc07g064000.1","0.1","false","interacts with","Solyc02g077840.1 (interacts with) Solyc07g064000.1"
"interacts with","0.355266","Solyc02g077840.1 (interacts with) Solyc06g083170.3","1.0E-10","false","interacts with","Solyc02g077840.1 (interacts with) Solyc06g083170.3"
"interacts with","0.305793","Solyc01g107170.2 (interacts with) Solyc05g051380.3","1.0E-10","false","interacts with","Solyc01g107170.2 (interacts with) Solyc05g051380.3"
"interacts with","0.358486","Solyc02g077840.1 (interacts with) Solyc09g007260.3","1.0E-10","false","interacts with","Solyc02g077840.1 (interacts with) Solyc09g007260.3"
"interacts with","0.335394","Solyc01g107170.2 (interacts with) Solyc10g079150.2","1.0E-10","false","interacts with","Solyc01g107170.2 (interacts with) Solyc10g079150.2"
"interacts with","0.156128","Solyc02g077840.1 (interacts with) Solyc11g061750.2","1.0E-5","false","interacts with","Solyc02g077840.1 (interacts with) Solyc11g061750.2"
"interacts with","0.361239","Solyc02g077840.1 (interacts with) Solyc05g056040.3","1.0E-10","false","interacts with","Solyc02g077840.1 (interacts with) Solyc05g056040.3"
"interacts with","0.430782","Solyc02g077840.1 (interacts with) Solyc06g082590.1","1.0E-10","false","interacts with","Solyc02g077840.1 (interacts with) Solyc06g082590.1"
"interacts with","0.350716","Solyc02g077840.1 (interacts with) Solyc12g014610.2","1.0E-10","false","interacts with","Solyc02g077840.1 (interacts with) Solyc12g014610.2"
"interacts with","0.345813","Solyc02g077840.1 (interacts with) Solyc07g005400.3","1.0E-10","false","interacts with","Solyc02g077840.1 (interacts with) Solyc07g005400.3"
"interacts with","0.15063","Solyc02g077840.1 (interacts with) Solyc10g086130.2","1.0E-5","false","interacts with","Solyc02g077840.1 (interacts with) Solyc10g086130.2"
"interacts with","0.324225","Solyc02g077840.1 (interacts with) Solyc08g078340.3","1.0E-10","false","interacts with","Solyc02g077840.1 (interacts with) Solyc08g078340.3"
"interacts with","0.382423","Solyc02g077840.1 (interacts with) Solyc07g052700.3","1.0E-10","false","interacts with","Solyc02g077840.1 (interacts with) Solyc07g052700.3"
"interacts with","0.34421","Solyc02g077840.1 (interacts with) Solyc03g033660.3","1.0E-10","false","interacts with","Solyc02g077840.1 (interacts with) Solyc03g033660.3"
"interacts with","0.350439","Solyc02g077840.1 (interacts with) Solyc10g018780.2","1.0E-10","false","interacts with","Solyc02g077840.1 (interacts with) Solyc10g018780.2"
"interacts with","0.348492","Solyc02g077840.1 (interacts with) Solyc03g121840.3","1.0E-10","false","interacts with","Solyc02g077840.1 (interacts with) Solyc03g121840.3"
"interacts with","0.395544","Solyc02g077840.1 (interacts with) Solyc11g012510.2","1.0E-10","false","interacts with","Solyc02g077840.1 (interacts with) Solyc11g012510.2"
"interacts with","0.365565","Solyc02g077840.1 (interacts with) Solyc06g069430.3","1.0E-10","false","interacts with","Solyc02g077840.1 (interacts with) Solyc06g069430.3"
"interacts with","0.316775","Solyc05g051380.3 (interacts with) Solyc05g052410.2","1.0E-10","false","interacts with","Solyc05g051380.3 (interacts with) Solyc05g052410.2"
"interacts with","0.31678","Solyc05g051380.3 (interacts with) Solyc11g072500.2","1.0E-10","false","interacts with","Solyc05g051380.3 (interacts with) Solyc11g072500.2"
"interacts with","0.311914","Solyc05g051380.3 (interacts with) Solyc10g018780.2","1.0E-10","false","interacts with","Solyc05g051380.3 (interacts with) Solyc10g018780.2"
"interacts with","0.310339","Solyc05g051380.3 (interacts with) Solyc06g069430.3","1.0E-10","false","interacts with","Solyc05g051380.3 (interacts with) Solyc06g069430.3"
"interacts with","0.314455","Solyc05g051380.3 (interacts with) Solyc08g066500.3","1.0E-10","false","interacts with","Solyc05g051380.3 (interacts with) Solyc08g066500.3"
"interacts with","0.151751","Solyc05g051380.3 (interacts with) Solyc07g049130.1","1.0E-5","false","interacts with","Solyc05g051380.3 (interacts with) Solyc07g049130.1"
"interacts with","0.31427","Solyc05g051380.3 (interacts with) Solyc10g079070.2","1.0E-10","false","interacts with","Solyc05g051380.3 (interacts with) Solyc10g079070.2"
"interacts with","0.30486","Solyc05g051380.3 (interacts with) Solyc07g018010.3","1.0E-10","false","interacts with","Solyc05g051380.3 (interacts with) Solyc07g018010.3"
"interacts with","0.307776","Solyc05g051380.3 (interacts with) Solyc06g053960.3","1.0E-10","false","interacts with","Solyc05g051380.3 (interacts with) Solyc06g053960.3"
"interacts with","0.306723","Solyc05g051380.3 (interacts with) Solyc08g078300.3","1.0E-10","false","interacts with","Solyc05g051380.3 (interacts with) Solyc08g078300.3"
"interacts with","0.31151","Solyc05g051380.3 (interacts with) Solyc10g084340.2","1.0E-10","false","interacts with","Solyc05g051380.3 (interacts with) Solyc10g084340.2"
"interacts with","0.317164","Solyc05g051380.3 (interacts with) Solyc12g099760.2","1.0E-10","false","interacts with","Solyc05g051380.3 (interacts with) Solyc12g099760.2"
"interacts with","0.484851","Solyc05g007770.3 (interacts with) Solyc12g014610.2","1.0E-15","false","interacts with","Solyc05g007770.3 (interacts with) Solyc12g014610.2"
"interacts with","0.538373","Solyc05g007770.3 (interacts with) Solyc05g053240.3","1.0E-15","false","interacts with","Solyc05g007770.3 (interacts with) Solyc05g053240.3"
"interacts with","0.54644","Solyc02g077370.1 (interacts with) Solyc08g062490.3","1.0E-15","false","interacts with","Solyc02g077370.1 (interacts with) Solyc08g062490.3"
"interacts with","0.322972","Solyc05g051380.3 (interacts with) Solyc11g005380.2","1.0E-10","false","interacts with","Solyc05g051380.3 (interacts with) Solyc11g005380.2"
"interacts with","0.610446","Solyc05g007770.3 (interacts with) Solyc12g099760.2","1.0E-20","false","interacts with","Solyc05g007770.3 (interacts with) Solyc12g099760.2"
"interacts with","0.542154","Solyc06g083900.3 (interacts with) Solyc07g063970.3","1.0E-15","false","interacts with","Solyc06g083900.3 (interacts with) Solyc07g063970.3"
"interacts with","0.652181","Solyc05g007770.3 (interacts with) Solyc11g069190.2","1.0E-20","false","interacts with","Solyc05g007770.3 (interacts with) Solyc11g069190.2"
"interacts with","0.41592","Solyc02g077370.1 (interacts with) Solyc12g056790.2","1.0E-10","false","interacts with","Solyc02g077370.1 (interacts with) Solyc12g056790.2"
"interacts with","0.699307","Solyc05g007770.3 (interacts with) Solyc05g012020.3","1.0E-20","false","interacts with","Solyc05g007770.3 (interacts with) Solyc05g012020.3"
"interacts with","0.410427","Solyc02g077370.1 (interacts with) Solyc03g093890.3","1.0E-10","false","interacts with","Solyc02g077370.1 (interacts with) Solyc03g093890.3"
"interacts with","0.434854","Solyc03g006320.1 (interacts with) Solyc12g089240.2","1.0E-15","false","interacts with","Solyc03g006320.1 (interacts with) Solyc12g089240.2"
"interacts with","0.331338","Solyc02g077370.1 (interacts with) Solyc04g051360.3","1.0E-10","false","interacts with","Solyc02g077370.1 (interacts with) Solyc04g051360.3"
"interacts with","0.499617","Solyc05g007770.3 (interacts with) Solyc11g010710.2","1.0E-15","false","interacts with","Solyc05g007770.3 (interacts with) Solyc11g010710.2"
"interacts with","0.539949","Solyc06g083900.3 (interacts with) Solyc08g079100.3","1.0E-15","false","interacts with","Solyc06g083900.3 (interacts with) Solyc08g079100.3"
"interacts with","0.453438","Solyc03g006320.1 (interacts with) Solyc05g012020.3","1.0E-15","false","interacts with","Solyc03g006320.1 (interacts with) Solyc05g012020.3"
"interacts with","0.681752","Solyc05g007770.3 (interacts with) Solyc12g013620.2","1.0E-20","false","interacts with","Solyc05g007770.3 (interacts with) Solyc12g013620.2"
"interacts with","0.426368","Solyc03g006320.1 (interacts with) Solyc11g069190.2","1.0E-10","false","interacts with","Solyc03g006320.1 (interacts with) Solyc11g069190.2"
"interacts with","0.678751","Solyc05g007770.3 (interacts with) Solyc10g006880.3","1.0E-20","false","interacts with","Solyc05g007770.3 (interacts with) Solyc10g006880.3"
"interacts with","0.147073","Solyc02g077370.1 (interacts with) Solyc07g053680.2","0.1","false","interacts with","Solyc02g077370.1 (interacts with) Solyc07g053680.2"
"interacts with","0.669124","Solyc05g007770.3 (interacts with) Solyc11g044320.2","1.0E-20","false","interacts with","Solyc05g007770.3 (interacts with) Solyc11g044320.2"
"interacts with","0.54206","Solyc06g083900.3 (interacts with) Solyc10g006880.3","1.0E-15","false","interacts with","Solyc06g083900.3 (interacts with) Solyc10g006880.3"
"interacts with","0.1174","Solyc02g077370.1 (interacts with) Solyc09g008390.2","0.1","false","interacts with","Solyc02g077370.1 (interacts with) Solyc09g008390.2"
"interacts with","0.456669","Solyc03g006320.1 (interacts with) Solyc12g099760.2","1.0E-15","false","interacts with","Solyc03g006320.1 (interacts with) Solyc12g099760.2"
"interacts with","0.438485","Solyc05g007770.3 (interacts with) Solyc12g010410.2","1.0E-15","false","interacts with","Solyc05g007770.3 (interacts with) Solyc12g010410.2"
"interacts with","0.464227","Solyc06g083900.3 (interacts with) Solyc07g053590.3","1.0E-15","false","interacts with","Solyc06g083900.3 (interacts with) Solyc07g053590.3"
"interacts with","0.452905","Solyc03g006320.1 (interacts with) Solyc06g061030.3","1.0E-15","false","interacts with","Solyc03g006320.1 (interacts with) Solyc06g061030.3"
"interacts with","0.263518","Solyc05g007770.3 (interacts with) Solyc05g053330.3","1.0E-5","false","interacts with","Solyc05g007770.3 (interacts with) Solyc05g053330.3"
"interacts with","0.561525","Solyc06g083900.3 (interacts with) Solyc07g063420.3","1.0E-15","false","interacts with","Solyc06g083900.3 (interacts with) Solyc07g063420.3"
"interacts with","0.381784","Solyc02g077370.1 (interacts with) Solyc04g009440.3","1.0E-10","false","interacts with","Solyc02g077370.1 (interacts with) Solyc04g009440.3"
"interacts with","0.426441","Solyc03g006320.1 (interacts with) Solyc08g006530.3","1.0E-10","false","interacts with","Solyc03g006320.1 (interacts with) Solyc08g006530.3"
"interacts with","0.488425","Solyc05g007770.3 (interacts with) Solyc05g050220.3","1.0E-15","false","interacts with","Solyc05g007770.3 (interacts with) Solyc05g050220.3"
"interacts with","0.436316","Solyc03g006320.1 (interacts with) Solyc05g007770.3","1.0E-15","false","interacts with","Solyc03g006320.1 (interacts with) Solyc05g007770.3"
"interacts with","0.421716","Solyc03g006320.1 (interacts with) Solyc07g042260.3","1.0E-10","false","interacts with","Solyc03g006320.1 (interacts with) Solyc07g042260.3"
"interacts with","0.626977","Solyc05g007770.3 (interacts with) Solyc11g072470.2","1.0E-20","false","interacts with","Solyc05g007770.3 (interacts with) Solyc11g072470.2"
"interacts with","0.299399","Solyc02g077370.1 (interacts with) Solyc05g055030.2","1.0E-10","false","interacts with","Solyc02g077370.1 (interacts with) Solyc05g055030.2"
"interacts with","0.432097","Solyc03g006320.1 (interacts with) Solyc07g055100.3","1.0E-15","false","interacts with","Solyc03g006320.1 (interacts with) Solyc07g055100.3"
"interacts with","0.651466","Solyc05g007770.3 (interacts with) Solyc11g017470.2","1.0E-20","false","interacts with","Solyc05g007770.3 (interacts with) Solyc11g017470.2"
"interacts with","0.437313","Solyc03g006320.1 (interacts with) Solyc08g080150.1","1.0E-15","false","interacts with","Solyc03g006320.1 (interacts with) Solyc08g080150.1"
"interacts with","0.176403","Solyc05g007770.3 (interacts with) Solyc06g050950.3","1.0E-5","false","interacts with","Solyc05g007770.3 (interacts with) Solyc06g050950.3"
"interacts with","0.37782","Solyc06g083900.3 (interacts with) Solyc08g079120.2","1.0E-10","false","interacts with","Solyc06g083900.3 (interacts with) Solyc08g079120.2"
"interacts with","0.317184","Solyc02g077370.1 (interacts with) Solyc11g062060.2","1.0E-10","false","interacts with","Solyc02g077370.1 (interacts with) Solyc11g062060.2"
"interacts with","0.444491","Solyc03g006320.1 (interacts with) Solyc07g052700.3","1.0E-15","false","interacts with","Solyc03g006320.1 (interacts with) Solyc07g052700.3"
"interacts with","0.477776","Solyc06g083900.3 (interacts with) Solyc12g056860.2","1.0E-15","false","interacts with","Solyc06g083900.3 (interacts with) Solyc12g056860.2"
"interacts with","0.385513","Solyc02g077370.1 (interacts with) Solyc09g014990.3","1.0E-10","false","interacts with","Solyc02g077370.1 (interacts with) Solyc09g014990.3"
"interacts with","0.467078","Solyc03g006320.1 (interacts with) Solyc06g036170.1","1.0E-15","false","interacts with","Solyc03g006320.1 (interacts with) Solyc06g036170.1"
"interacts with","0.539692","Solyc05g007770.3 (interacts with) Solyc12g007070.2","1.0E-15","false","interacts with","Solyc05g007770.3 (interacts with) Solyc12g007070.2"
"interacts with","0.447717","Solyc03g006320.1 (interacts with) Solyc03g119740.3","1.0E-15","false","interacts with","Solyc03g006320.1 (interacts with) Solyc03g119740.3"
"interacts with","0.435372","Solyc03g006320.1 (interacts with) Solyc08g079100.3","1.0E-15","false","interacts with","Solyc03g006320.1 (interacts with) Solyc08g079100.3"
"interacts with","0.625453","Solyc05g007770.3 (interacts with) Solyc06g063070.3","1.0E-20","false","interacts with","Solyc05g007770.3 (interacts with) Solyc06g063070.3"
"interacts with","0.436945","Solyc03g006320.1 (interacts with) Solyc03g120890.3","1.0E-15","false","interacts with","Solyc03g006320.1 (interacts with) Solyc03g120890.3"
"interacts with","0.475349","Solyc05g007770.3 (interacts with) Solyc12g099140.2","1.0E-15","false","interacts with","Solyc05g007770.3 (interacts with) Solyc12g099140.2"
"interacts with","0.430692","Solyc03g006320.1 (interacts with) Solyc11g013480.2","1.0E-10","false","interacts with","Solyc03g006320.1 (interacts with) Solyc11g013480.2"
"interacts with","0.443968","Solyc03g006320.1 (interacts with) Solyc03g121840.3","1.0E-15","false","interacts with","Solyc03g006320.1 (interacts with) Solyc03g121840.3"
"interacts with","0.429944","Solyc03g006320.1 (interacts with) Solyc03g097120.3","1.0E-10","false","interacts with","Solyc03g006320.1 (interacts with) Solyc03g097120.3"
"interacts with","0.43938","Solyc03g006320.1 (interacts with) Solyc08g066500.3","1.0E-15","false","interacts with","Solyc03g006320.1 (interacts with) Solyc08g066500.3"
"interacts with","0.668473","Solyc05g007770.3 (interacts with) Solyc10g018780.2","1.0E-20","false","interacts with","Solyc05g007770.3 (interacts with) Solyc10g018780.2"
"interacts with","0.447492","Solyc03g006320.1 (interacts with) Solyc03g044300.3","1.0E-15","false","interacts with","Solyc03g006320.1 (interacts with) Solyc03g044300.3"
"interacts with","0.660184","Solyc05g007770.3 (interacts with) Solyc10g078700.2","1.0E-20","false","interacts with","Solyc05g007770.3 (interacts with) Solyc10g078700.2"
"interacts with","0.435837","Solyc03g006320.1 (interacts with) Solyc10g006880.3","1.0E-15","false","interacts with","Solyc03g006320.1 (interacts with) Solyc10g006880.3"
"interacts with","0.65591","Solyc05g007770.3 (interacts with) Solyc06g073980.3","1.0E-20","false","interacts with","Solyc05g007770.3 (interacts with) Solyc06g073980.3"
"interacts with","0.547233","Solyc05g007770.3 (interacts with) Solyc07g052760.2","1.0E-15","false","interacts with","Solyc05g007770.3 (interacts with) Solyc07g052760.2"
"interacts with","0.630582","Solyc05g007770.3 (interacts with) Solyc10g079070.2","1.0E-20","false","interacts with","Solyc05g007770.3 (interacts with) Solyc10g079070.2"
"interacts with","0.633666","Solyc05g007770.3 (interacts with) Solyc05g051460.3","1.0E-20","false","interacts with","Solyc05g007770.3 (interacts with) Solyc05g051460.3"
"interacts with","0.613829","Solyc03g006800.1 (interacts with) Solyc11g072470.2","1.0E-20","false","interacts with","Solyc03g006800.1 (interacts with) Solyc11g072470.2"
"interacts with","0.629121","Solyc03g006800.1 (interacts with) Solyc11g017470.2","1.0E-20","false","interacts with","Solyc03g006800.1 (interacts with) Solyc11g017470.2"
"interacts with","0.622775","Solyc03g006800.1 (interacts with) Solyc05g007770.3","1.0E-20","false","interacts with","Solyc03g006800.1 (interacts with) Solyc05g007770.3"
"interacts with","0.581984","Solyc03g006800.1 (interacts with) Solyc07g052960.2","1.0E-20","false","interacts with","Solyc03g006800.1 (interacts with) Solyc07g052960.2"
"interacts with","0.338725","Solyc06g068360.3 (interacts with) Solyc07g063420.3","1.0E-10","false","interacts with","Solyc06g068360.3 (interacts with) Solyc07g063420.3"
"interacts with","0.536726","Solyc03g006800.1 (interacts with) Solyc12g007070.2","1.0E-15","false","interacts with","Solyc03g006800.1 (interacts with) Solyc12g007070.2"
"interacts with","0.33038","Solyc06g068360.3 (interacts with) Solyc12g096500.2","1.0E-10","false","interacts with","Solyc06g068360.3 (interacts with) Solyc12g096500.2"
"interacts with","0.582149","Solyc03g006800.1 (interacts with) Solyc10g079070.2","1.0E-20","false","interacts with","Solyc03g006800.1 (interacts with) Solyc10g079070.2"
"interacts with","0.337692","Solyc06g068360.3 (interacts with) Solyc11g008830.2","1.0E-10","false","interacts with","Solyc06g068360.3 (interacts with) Solyc11g008830.2"
"interacts with","0.528707","Solyc03g006800.1 (interacts with) Solyc07g052760.2","1.0E-15","false","interacts with","Solyc03g006800.1 (interacts with) Solyc07g052760.2"
"interacts with","0.366861","Solyc06g068360.3 (interacts with) Solyc07g062680.2","1.0E-10","false","interacts with","Solyc06g068360.3 (interacts with) Solyc07g062680.2"
"interacts with","0.579231","Solyc03g006800.1 (interacts with) Solyc04g078640.2","1.0E-20","false","interacts with","Solyc03g006800.1 (interacts with) Solyc04g078640.2"
"interacts with","0.33526","Solyc06g068360.3 (interacts with) Solyc07g063970.3","1.0E-10","false","interacts with","Solyc06g068360.3 (interacts with) Solyc07g063970.3"
"interacts with","0.60304","Solyc03g006800.1 (interacts with) Solyc10g018780.2","1.0E-20","false","interacts with","Solyc03g006800.1 (interacts with) Solyc10g018780.2"
"interacts with","0.359649","Solyc06g068360.3 (interacts with) Solyc12g098370.2","1.0E-10","false","interacts with","Solyc06g068360.3 (interacts with) Solyc12g098370.2"
"interacts with","0.610425","Solyc03g006800.1 (interacts with) Solyc10g078700.2","1.0E-20","false","interacts with","Solyc03g006800.1 (interacts with) Solyc10g078700.2"
"interacts with","0.599208","Solyc03g006800.1 (interacts with) Solyc05g012020.3","1.0E-20","false","interacts with","Solyc03g006800.1 (interacts with) Solyc05g012020.3"
"interacts with","0.344683","Solyc06g068360.3 (interacts with) Solyc08g066500.3","1.0E-10","false","interacts with","Solyc06g068360.3 (interacts with) Solyc08g066500.3"
"interacts with","0.612213","Solyc03g006800.1 (interacts with) Solyc11g069190.2","1.0E-20","false","interacts with","Solyc03g006800.1 (interacts with) Solyc11g069190.2"
"interacts with","0.341351","Solyc06g068360.3 (interacts with) Solyc06g083900.3","1.0E-10","false","interacts with","Solyc06g068360.3 (interacts with) Solyc06g083900.3"
"interacts with","0.585316","Solyc03g006800.1 (interacts with) Solyc11g044320.2","1.0E-20","false","interacts with","Solyc03g006800.1 (interacts with) Solyc11g044320.2"
"interacts with","0.583683","Solyc03g006800.1 (interacts with) Solyc12g013620.2","1.0E-20","false","interacts with","Solyc03g006800.1 (interacts with) Solyc12g013620.2"
"interacts with","0.640952","Solyc03g006800.1 (interacts with) Solyc10g006880.3","1.0E-20","false","interacts with","Solyc03g006800.1 (interacts with) Solyc10g006880.3"
"interacts with","0.571159","Solyc06g005130.3 (interacts with) Solyc10g005330.3","1.0E-15","false","interacts with","Solyc06g005130.3 (interacts with) Solyc10g005330.3"
"interacts with","0.210694","Solyc06g005130.3 (interacts with) Solyc08g078590.1","1.0E-5","false","interacts with","Solyc06g005130.3 (interacts with) Solyc08g078590.1"
"interacts with","0.198749","Solyc02g063430.3 (interacts with) Solyc03g098260.2","1.0E-5","false","interacts with","Solyc02g063430.3 (interacts with) Solyc03g098260.2"
"interacts with","0.351249","Solyc02g063430.3 (interacts with) Solyc06g068360.3","1.0E-10","false","interacts with","Solyc02g063430.3 (interacts with) Solyc06g068360.3"
"interacts with","0.568437","Solyc06g005130.3 (interacts with) Solyc06g083170.3","1.0E-15","false","interacts with","Solyc06g005130.3 (interacts with) Solyc06g083170.3"
"interacts with","0.548903","Solyc02g063430.3 (interacts with) Solyc03g097820.2","1.0E-15","false","interacts with","Solyc02g063430.3 (interacts with) Solyc03g097820.2"
"interacts with","0.542086","Solyc02g063430.3 (interacts with) Solyc04g005320.3","1.0E-15","false","interacts with","Solyc02g063430.3 (interacts with) Solyc04g005320.3"
"interacts with","0.594245","Solyc06g005130.3 (interacts with) Solyc06g069430.3","1.0E-20","false","interacts with","Solyc06g005130.3 (interacts with) Solyc06g069430.3"
"interacts with","0.506992","Solyc02g063430.3 (interacts with) Solyc02g090220.3","1.0E-15","false","interacts with","Solyc02g063430.3 (interacts with) Solyc02g090220.3"
"interacts with","0.53485","Solyc06g005130.3 (interacts with) Solyc06g049040.3","1.0E-15","false","interacts with","Solyc06g005130.3 (interacts with) Solyc06g049040.3"
"interacts with","0.643882","Solyc02g063430.3 (interacts with) Solyc03g097120.3","1.0E-20","false","interacts with","Solyc02g063430.3 (interacts with) Solyc03g097120.3"
"interacts with","0.482574","Solyc02g063430.3 (interacts with) Solyc07g053590.3","1.0E-15","false","interacts with","Solyc02g063430.3 (interacts with) Solyc07g053590.3"
"interacts with","0.544985","Solyc06g005130.3 (interacts with) Solyc10g006880.3","1.0E-15","false","interacts with","Solyc06g005130.3 (interacts with) Solyc10g006880.3"
"interacts with","0.568825","Solyc02g063430.3 (interacts with) Solyc04g014360.3","1.0E-15","false","interacts with","Solyc02g063430.3 (interacts with) Solyc04g014360.3"
"interacts with","0.541998","Solyc06g005130.3 (interacts with) Solyc06g073980.3","1.0E-15","false","interacts with","Solyc06g005130.3 (interacts with) Solyc06g073980.3"
"interacts with","0.640155","Solyc02g063430.3 (interacts with) Solyc10g006880.3","1.0E-20","false","interacts with","Solyc02g063430.3 (interacts with) Solyc10g006880.3"
"interacts with","0.572145","Solyc06g005130.3 (interacts with) Solyc10g018780.2","1.0E-20","false","interacts with","Solyc06g005130.3 (interacts with) Solyc10g018780.2"
"interacts with","0.599254","Solyc02g063430.3 (interacts with) Solyc06g083900.3","1.0E-20","false","interacts with","Solyc02g063430.3 (interacts with) Solyc06g083900.3"
"interacts with","0.55485","Solyc06g005130.3 (interacts with) Solyc08g079100.3","1.0E-15","false","interacts with","Solyc06g005130.3 (interacts with) Solyc08g079100.3"
"interacts with","0.544044","Solyc02g063430.3 (interacts with) Solyc04g005130.3","1.0E-15","false","interacts with","Solyc02g063430.3 (interacts with) Solyc04g005130.3"
"interacts with","0.634953","Solyc02g063430.3 (interacts with) Solyc07g052960.2","1.0E-20","false","interacts with","Solyc02g063430.3 (interacts with) Solyc07g052960.2"
"interacts with","0.337349","Solyc02g063430.3 (interacts with) Solyc11g065840.2","1.0E-10","false","interacts with","Solyc02g063430.3 (interacts with) Solyc11g065840.2"
"interacts with","0.637084","Solyc02g063430.3 (interacts with) Solyc09g007260.3","1.0E-20","false","interacts with","Solyc02g063430.3 (interacts with) Solyc09g007260.3"
"interacts with","0.670403","Solyc02g063430.3 (interacts with) Solyc05g007180.3","1.0E-20","false","interacts with","Solyc02g063430.3 (interacts with) Solyc05g007180.3"
"interacts with","0.47713","Solyc02g063430.3 (interacts with) Solyc12g056860.2","1.0E-15","false","interacts with","Solyc02g063430.3 (interacts with) Solyc12g056860.2"
"interacts with","0.727319","Solyc07g055100.3 (interacts with) Solyc10g006880.3","1.0E-25","false","interacts with","Solyc07g055100.3 (interacts with) Solyc10g006880.3"
"interacts with","0.691331","Solyc07g055100.3 (interacts with) Solyc12g013620.2","1.0E-20","false","interacts with","Solyc07g055100.3 (interacts with) Solyc12g013620.2"
"interacts with","0.563735","Solyc02g063430.3 (interacts with) Solyc03g113760.3","1.0E-15","false","interacts with","Solyc02g063430.3 (interacts with) Solyc03g113760.3"
"interacts with","0.660527","Solyc07g055100.3 (interacts with) Solyc10g018780.2","1.0E-20","false","interacts with","Solyc07g055100.3 (interacts with) Solyc10g018780.2"
"interacts with","0.668254","Solyc07g055100.3 (interacts with) Solyc10g078700.2","1.0E-20","false","interacts with","Solyc07g055100.3 (interacts with) Solyc10g078700.2"
"interacts with","0.639559","Solyc07g055100.3 (interacts with) Solyc12g098370.2","1.0E-20","false","interacts with","Solyc07g055100.3 (interacts with) Solyc12g098370.2"
"interacts with","0.613404","Solyc07g055100.3 (interacts with) Solyc08g080150.1","1.0E-20","false","interacts with","Solyc07g055100.3 (interacts with) Solyc08g080150.1"
"interacts with","0.435351","Solyc07g055100.3 (interacts with) Solyc12g099140.2","1.0E-15","false","interacts with","Solyc07g055100.3 (interacts with) Solyc12g099140.2"
"interacts with","0.540034","Solyc07g055100.3 (interacts with) Solyc10g080540.2","1.0E-15","false","interacts with","Solyc07g055100.3 (interacts with) Solyc10g080540.2"
"interacts with","0.629543","Solyc06g048630.3 (interacts with) Solyc08g079100.3","1.0E-20","false","interacts with","Solyc06g048630.3 (interacts with) Solyc08g079100.3"
"interacts with","0.64401","Solyc06g048630.3 (interacts with) Solyc10g018780.2","1.0E-20","false","interacts with","Solyc06g048630.3 (interacts with) Solyc10g018780.2"
"interacts with","0.604454","Solyc06g048630.3 (interacts with) Solyc08g078800.1","1.0E-20","false","interacts with","Solyc06g048630.3 (interacts with) Solyc08g078800.1"
"interacts with","0.319207","Solyc02g063430.3 (interacts with) Solyc10g078610.1","1.0E-10","false","interacts with","Solyc02g063430.3 (interacts with) Solyc10g078610.1"
"interacts with","0.632927","Solyc06g048630.3 (interacts with) Solyc10g006880.3","1.0E-20","false","interacts with","Solyc06g048630.3 (interacts with) Solyc10g006880.3"
"interacts with","0.607162","Solyc02g063430.3 (interacts with) Solyc10g018780.2","1.0E-20","false","interacts with","Solyc02g063430.3 (interacts with) Solyc10g018780.2"
"interacts with","0.589385","Solyc06g048630.3 (interacts with) Solyc11g017470.2","1.0E-20","false","interacts with","Solyc06g048630.3 (interacts with) Solyc11g017470.2"
"interacts with","0.220311","Solyc02g063430.3 (interacts with) Solyc08g076710.3","1.0E-5","false","interacts with","Solyc02g063430.3 (interacts with) Solyc08g076710.3"
"interacts with","0.193287","Solyc01g090320.3 (interacts with) Solyc06g051840.1","1.0E-5","false","interacts with","Solyc01g090320.3 (interacts with) Solyc06g051840.1"
"interacts with","0.561367","Solyc02g063430.3 (interacts with) Solyc11g072500.2","1.0E-15","false","interacts with","Solyc02g063430.3 (interacts with) Solyc11g072500.2"
"interacts with","0.513131","Solyc06g048630.3 (interacts with) Solyc06g051840.1","1.0E-15","false","interacts with","Solyc06g048630.3 (interacts with) Solyc06g051840.1"
"interacts with","0.645591","Solyc06g048630.3 (interacts with) Solyc07g052960.2","1.0E-20","false","interacts with","Solyc06g048630.3 (interacts with) Solyc07g052960.2"
"interacts with","0.596356","Solyc02g063430.3 (interacts with) Solyc04g074810.3","1.0E-20","false","interacts with","Solyc02g063430.3 (interacts with) Solyc04g074810.3"
"interacts with","0.581098","Solyc06g048630.3 (interacts with) Solyc10g005330.3","1.0E-20","false","interacts with","Solyc06g048630.3 (interacts with) Solyc10g005330.3"
"interacts with","0.648107","Solyc02g063430.3 (interacts with) Solyc08g066500.3","1.0E-20","false","interacts with","Solyc02g063430.3 (interacts with) Solyc08g066500.3"
"interacts with","0.19766","Solyc01g090320.3 (interacts with) Solyc11g065700.2","1.0E-5","false","interacts with","Solyc01g090320.3 (interacts with) Solyc11g065700.2"
"interacts with","0.527573","Solyc07g052760.2 (interacts with) Solyc08g080150.1","1.0E-15","false","interacts with","Solyc07g052760.2 (interacts with) Solyc08g080150.1"
"interacts with","0.541731","Solyc07g052760.2 (interacts with) Solyc10g079070.2","1.0E-15","false","interacts with","Solyc07g052760.2 (interacts with) Solyc10g079070.2"
"interacts with","0.521498","Solyc07g052760.2 (interacts with) Solyc08g068320.3","1.0E-15","false","interacts with","Solyc07g052760.2 (interacts with) Solyc08g068320.3"
"interacts with","0.0999043","Solyc01g009645.1 (interacts with) Solyc05g017897.1","0.1","false","interacts with","Solyc01g009645.1 (interacts with) Solyc05g017897.1"
"interacts with","0.53874","Solyc07g052760.2 (interacts with) Solyc11g069190.2","1.0E-15","false","interacts with","Solyc07g052760.2 (interacts with) Solyc11g069190.2"
"interacts with","0.509047","Solyc02g063430.3 (interacts with) Solyc02g080260.3","1.0E-15","false","interacts with","Solyc02g063430.3 (interacts with) Solyc02g080260.3"
"interacts with","0.517393","Solyc07g052760.2 (interacts with) Solyc11g044320.2","1.0E-15","false","interacts with","Solyc07g052760.2 (interacts with) Solyc11g044320.2"
"interacts with","0.528408","Solyc07g052760.2 (interacts with) Solyc10g006880.3","1.0E-15","false","interacts with","Solyc07g052760.2 (interacts with) Solyc10g006880.3"
"interacts with","0.638217","Solyc02g063430.3 (interacts with) Solyc06g053960.3","1.0E-20","false","interacts with","Solyc02g063430.3 (interacts with) Solyc06g053960.3"
"interacts with","0.5174","Solyc07g052760.2 (interacts with) Solyc09g066060.2","1.0E-15","false","interacts with","Solyc07g052760.2 (interacts with) Solyc09g066060.2"
"interacts with","0.602705","Solyc02g063430.3 (interacts with) Solyc03g113270.3","1.0E-20","false","interacts with","Solyc02g063430.3 (interacts with) Solyc03g113270.3"
"interacts with","0.541832","Solyc07g052760.2 (interacts with) Solyc10g018780.2","1.0E-15","false","interacts with","Solyc07g052760.2 (interacts with) Solyc10g018780.2"
"interacts with","0.561154","Solyc07g052760.2 (interacts with) Solyc10g078700.2","1.0E-15","false","interacts with","Solyc07g052760.2 (interacts with) Solyc10g078700.2"
"interacts with","0.640138","Solyc02g063430.3 (interacts with) Solyc06g049040.3","1.0E-20","false","interacts with","Solyc02g063430.3 (interacts with) Solyc06g049040.3"
"interacts with","0.543661","Solyc07g052760.2 (interacts with) Solyc12g098370.2","1.0E-15","false","interacts with","Solyc07g052760.2 (interacts with) Solyc12g098370.2"
"interacts with","0.119613","Solyc05g018438.1 (interacts with) Solyc06g042951.1","0.1","false","interacts with","Solyc05g018438.1 (interacts with) Solyc06g042951.1"
"interacts with","0.399254","Solyc02g063430.3 (interacts with) Solyc08g079120.2","1.0E-10","false","interacts with","Solyc02g063430.3 (interacts with) Solyc08g079120.2"
"interacts with","0.149697","Solyc05g018438.1 (interacts with) Solyc05g055030.2","0.1","false","interacts with","Solyc05g018438.1 (interacts with) Solyc05g055030.2"
"interacts with","0.294924","Solyc02g063430.3 (interacts with) Solyc08g005870.2","1.0E-10","false","interacts with","Solyc02g063430.3 (interacts with) Solyc08g005870.2"
"interacts with","0.440548","Solyc07g063830.3 (interacts with) Solyc09g065670.3","1.0E-15","false","interacts with","Solyc07g063830.3 (interacts with) Solyc09g065670.3"
"interacts with","0.130745","Solyc01g009645.1 (interacts with) Solyc05g052050.1","0.1","false","interacts with","Solyc01g009645.1 (interacts with) Solyc05g052050.1"
"interacts with","0.471951","Solyc07g063830.3 (interacts with) Solyc08g006530.3","1.0E-15","false","interacts with","Solyc07g063830.3 (interacts with) Solyc08g006530.3"
"interacts with","0.353341","Solyc02g063430.3 (interacts with) Solyc02g078130.3","1.0E-10","false","interacts with","Solyc02g063430.3 (interacts with) Solyc02g078130.3"
"interacts with","0.647291","Solyc10g079070.2 (interacts with) Solyc12g096500.2","1.0E-20","false","interacts with","Solyc10g079070.2 (interacts with) Solyc12g096500.2"
"interacts with","0.452424","Solyc07g063830.3 (interacts with) Solyc11g013480.2","1.0E-15","false","interacts with","Solyc07g063830.3 (interacts with) Solyc11g013480.2"
"interacts with","0.555331","Solyc10g079070.2 (interacts with) Solyc10g080540.2","1.0E-15","false","interacts with","Solyc10g079070.2 (interacts with) Solyc10g080540.2"
"interacts with","0.707777","Solyc10g079070.2 (interacts with) Solyc11g017470.2","1.0E-20","false","interacts with","Solyc10g079070.2 (interacts with) Solyc11g017470.2"
"interacts with","0.119808","Solyc01g009645.1 (interacts with) Solyc05g051420.2","0.1","false","interacts with","Solyc01g009645.1 (interacts with) Solyc05g051420.2"
"interacts with","0.134961","Solyc05g018438.1 (interacts with) Solyc06g069310.3","0.1","false","interacts with","Solyc05g018438.1 (interacts with) Solyc06g069310.3"
"interacts with","0.587655","Solyc10g079070.2 (interacts with) Solyc10g084380.1","1.0E-20","false","interacts with","Solyc10g079070.2 (interacts with) Solyc10g084380.1"
"interacts with","0.580561","Solyc10g079070.2 (interacts with) Solyc10g084180.2","1.0E-20","false","interacts with","Solyc10g079070.2 (interacts with) Solyc10g084180.2"
"interacts with","0.618079","Solyc10g079070.2 (interacts with) Solyc11g044320.2","1.0E-20","false","interacts with","Solyc10g079070.2 (interacts with) Solyc11g044320.2"
"interacts with","0.14198","Solyc06g005090.3 (interacts with) Solyc08g079120.2","0.1","false","interacts with","Solyc06g005090.3 (interacts with) Solyc08g079120.2"
"interacts with","0.128729","Solyc01g009645.1 (interacts with) Solyc02g071990.3","0.1","false","interacts with","Solyc01g009645.1 (interacts with) Solyc02g071990.3"
"interacts with","0.348352","Solyc10g079070.2 (interacts with) Solyc10g079150.2","1.0E-10","false","interacts with","Solyc10g079070.2 (interacts with) Solyc10g079150.2"
"interacts with","0.107415","Solyc01g009645.1 (interacts with) Solyc09g066045.1","0.1","false","interacts with","Solyc01g009645.1 (interacts with) Solyc09g066045.1"
"interacts with","0.669824","Solyc10g079070.2 (interacts with) Solyc11g013480.2","1.0E-20","false","interacts with","Solyc10g079070.2 (interacts with) Solyc11g013480.2"
"interacts with","0.701539","Solyc10g079070.2 (interacts with) Solyc12g089240.2","1.0E-20","false","interacts with","Solyc10g079070.2 (interacts with) Solyc12g089240.2"
"interacts with","0.491351","Solyc11g013150.1 (interacts with) Solyc12g098370.2","1.0E-15","false","interacts with","Solyc11g013150.1 (interacts with) Solyc12g098370.2"
"interacts with","0.478062","Solyc11g013150.1 (interacts with) Solyc12g096500.2","1.0E-15","false","interacts with","Solyc11g013150.1 (interacts with) Solyc12g096500.2"
"interacts with","0.556362","Solyc10g079070.2 (interacts with) Solyc11g069890.2","1.0E-15","false","interacts with","Solyc10g079070.2 (interacts with) Solyc11g069890.2"
"interacts with","0.478853","Solyc11g013150.1 (interacts with) Solyc11g072600.2","1.0E-15","false","interacts with","Solyc11g013150.1 (interacts with) Solyc11g072600.2"
"interacts with","0.408645","Solyc10g079070.2 (interacts with) Solyc12g098620.2","1.0E-10","false","interacts with","Solyc10g079070.2 (interacts with) Solyc12g098620.2"
"interacts with","0.123981","Solyc01g009645.1 (interacts with) Solyc05g007880.3","0.1","false","interacts with","Solyc01g009645.1 (interacts with) Solyc05g007880.3"
"interacts with","0.485318","Solyc11g013150.1 (interacts with) Solyc11g069190.2","1.0E-15","false","interacts with","Solyc11g013150.1 (interacts with) Solyc11g069190.2"
"interacts with","0.377184","Solyc10g079070.2 (interacts with) Solyc12g005420.2","1.0E-10","false","interacts with","Solyc10g079070.2 (interacts with) Solyc12g005420.2"
"interacts with","0.121227","Solyc01g009645.1 (interacts with) Solyc04g005610.3","0.1","false","interacts with","Solyc01g009645.1 (interacts with) Solyc04g005610.3"
"interacts with","0.668087","Solyc10g079070.2 (interacts with) Solyc11g069190.2","1.0E-20","false","interacts with","Solyc10g079070.2 (interacts with) Solyc11g069190.2"
"interacts with","0.529909","Solyc10g079070.2 (interacts with) Solyc11g011890.2","1.0E-15","false","interacts with","Solyc10g079070.2 (interacts with) Solyc11g011890.2"
"interacts with","0.470785","Solyc10g079070.2 (interacts with) Solyc12g044610.2","1.0E-15","false","interacts with","Solyc10g079070.2 (interacts with) Solyc12g044610.2"
"interacts with","0.49858","Solyc10g079070.2 (interacts with) Solyc12g014610.2","1.0E-15","false","interacts with","Solyc10g079070.2 (interacts with) Solyc12g014610.2"
"interacts with","0.581585","Solyc10g079070.2 (interacts with) Solyc12g100140.2","1.0E-20","false","interacts with","Solyc10g079070.2 (interacts with) Solyc12g100140.2"
"interacts with","0.680028","Solyc10g079070.2 (interacts with) Solyc12g099760.2","1.0E-20","false","interacts with","Solyc10g079070.2 (interacts with) Solyc12g099760.2"
"interacts with","0.457442","Solyc10g079070.2 (interacts with) Solyc12g099370.2","1.0E-15","false","interacts with","Solyc10g079070.2 (interacts with) Solyc12g099370.2"
"interacts with","0.761743","Solyc10g079070.2 (interacts with) Solyc12g098370.2","1.0E-25","false","interacts with","Solyc10g079070.2 (interacts with) Solyc12g098370.2"
"interacts with","0.683042","Solyc10g079070.2 (interacts with) Solyc10g084340.2","1.0E-20","false","interacts with","Solyc10g079070.2 (interacts with) Solyc10g084340.2"
"interacts with","0.564232","Solyc10g079070.2 (interacts with) Solyc11g069510.2","1.0E-15","false","interacts with","Solyc10g079070.2 (interacts with) Solyc11g069510.2"
"interacts with","0.130945","Solyc01g009645.1 (interacts with) Solyc02g063010.3","0.1","false","interacts with","Solyc01g009645.1 (interacts with) Solyc02g063010.3"
"interacts with","0.538349","Solyc04g005320.3 (interacts with) Solyc05g007180.3","1.0E-15","false","interacts with","Solyc04g005320.3 (interacts with) Solyc05g007180.3"
"interacts with","0.33607","Solyc02g078130.3 (interacts with) Solyc04g074810.3","1.0E-10","false","interacts with","Solyc02g078130.3 (interacts with) Solyc04g074810.3"
"interacts with","0.2516","Solyc04g005320.3 (interacts with) Solyc09g009250.3","1.0E-5","false","interacts with","Solyc04g005320.3 (interacts with) Solyc09g009250.3"
"interacts with","0.54468","Solyc02g021680.3 (interacts with) Solyc08g014030.1","1.0E-15","false","interacts with","Solyc02g021680.3 (interacts with) Solyc08g014030.1"
"interacts with","0.277004","Solyc04g005320.3 (interacts with) Solyc08g005870.2","1.0E-5","false","interacts with","Solyc04g005320.3 (interacts with) Solyc08g005870.2"
"interacts with","0.545753","Solyc02g021680.3 (interacts with) Solyc03g117720.3","1.0E-15","false","interacts with","Solyc02g021680.3 (interacts with) Solyc03g117720.3"
"interacts with","0.555803","Solyc04g005320.3 (interacts with) Solyc10g005330.3","1.0E-15","false","interacts with","Solyc04g005320.3 (interacts with) Solyc10g005330.3"
"interacts with","0.538269","Solyc02g021680.3 (interacts with) Solyc12g007180.2","1.0E-15","false","interacts with","Solyc02g021680.3 (interacts with) Solyc12g007180.2"
"interacts with","0.327026","Solyc02g078130.3 (interacts with) Solyc06g069430.3","1.0E-10","false","interacts with","Solyc02g078130.3 (interacts with) Solyc06g069430.3"
"interacts with","0.225039","Solyc02g021680.3 (interacts with) Solyc08g008600.3","1.0E-5","false","interacts with","Solyc02g021680.3 (interacts with) Solyc08g008600.3"
"interacts with","0.333053","Solyc02g078130.3 (interacts with) Solyc08g066500.3","1.0E-10","false","interacts with","Solyc02g078130.3 (interacts with) Solyc08g066500.3"
"interacts with","0.550555","Solyc04g005320.3 (interacts with) Solyc06g083170.3","1.0E-15","false","interacts with","Solyc04g005320.3 (interacts with) Solyc06g083170.3"
"interacts with","0.535524","Solyc02g021680.3 (interacts with) Solyc11g069890.2","1.0E-15","false","interacts with","Solyc02g021680.3 (interacts with) Solyc11g069890.2"
"interacts with","0.124278","Solyc04g005320.3 (interacts with) Solyc09g066045.1","0.1","false","interacts with","Solyc04g005320.3 (interacts with) Solyc09g066045.1"
"interacts with","0.331948","Solyc02g021680.3 (interacts with) Solyc05g005240.2","1.0E-10","false","interacts with","Solyc02g021680.3 (interacts with) Solyc05g005240.2"
"interacts with","0.56553","Solyc04g005320.3 (interacts with) Solyc06g069430.3","1.0E-15","false","interacts with","Solyc04g005320.3 (interacts with) Solyc06g069430.3"
"interacts with","0.559979","Solyc02g021680.3 (interacts with) Solyc06g065440.1","1.0E-15","false","interacts with","Solyc02g021680.3 (interacts with) Solyc06g065440.1"
"interacts with","0.329296","Solyc02g078130.3 (interacts with) Solyc06g083900.3","1.0E-10","false","interacts with","Solyc02g078130.3 (interacts with) Solyc06g083900.3"
"interacts with","0.642964","Solyc02g021680.3 (interacts with) Solyc10g079050.2","1.0E-20","false","interacts with","Solyc02g021680.3 (interacts with) Solyc10g079050.2"
"interacts with","0.536193","Solyc04g005320.3 (interacts with) Solyc10g006880.3","1.0E-15","false","interacts with","Solyc04g005320.3 (interacts with) Solyc10g006880.3"
"interacts with","0.555296","Solyc02g021680.3 (interacts with) Solyc06g068390.1","1.0E-15","false","interacts with","Solyc02g021680.3 (interacts with) Solyc06g068390.1"
"interacts with","0.535454","Solyc04g005320.3 (interacts with) Solyc08g066500.3","1.0E-15","false","interacts with","Solyc04g005320.3 (interacts with) Solyc08g066500.3"
"interacts with","0.613622","Solyc02g021680.3 (interacts with) Solyc03g121840.3","1.0E-20","false","interacts with","Solyc02g021680.3 (interacts with) Solyc03g121840.3"
"interacts with","0.34718","Solyc02g078130.3 (interacts with) Solyc08g006530.3","1.0E-10","false","interacts with","Solyc02g078130.3 (interacts with) Solyc08g006530.3"
"interacts with","0.596555","Solyc02g021680.3 (interacts with) Solyc09g066060.2","1.0E-20","false","interacts with","Solyc02g021680.3 (interacts with) Solyc09g066060.2"
"interacts with","0.210502","Solyc04g005320.3 (interacts with) Solyc08g076710.3","1.0E-5","false","interacts with","Solyc04g005320.3 (interacts with) Solyc08g076710.3"
"interacts with","0.580396","Solyc02g021680.3 (interacts with) Solyc03g044300.3","1.0E-20","false","interacts with","Solyc02g021680.3 (interacts with) Solyc03g044300.3"
"interacts with","0.336771","Solyc02g078130.3 (interacts with) Solyc06g053610.3","1.0E-10","false","interacts with","Solyc02g078130.3 (interacts with) Solyc06g053610.3"
"interacts with","0.540364","Solyc04g005320.3 (interacts with) Solyc09g065670.3","1.0E-15","false","interacts with","Solyc04g005320.3 (interacts with) Solyc09g065670.3"
"interacts with","0.641146","Solyc02g021680.3 (interacts with) Solyc06g069430.3","1.0E-20","false","interacts with","Solyc02g021680.3 (interacts with) Solyc06g069430.3"
"interacts with","0.17171","Solyc06g009710.3 (interacts with) Solyc08g014030.1","1.0E-5","false","interacts with","Solyc06g009710.3 (interacts with) Solyc08g014030.1"
"interacts with","0.546683","Solyc04g005320.3 (interacts with) Solyc04g074810.3","1.0E-15","false","interacts with","Solyc04g005320.3 (interacts with) Solyc04g074810.3"
"interacts with","0.585497","Solyc02g021680.3 (interacts with) Solyc08g006530.3","1.0E-20","false","interacts with","Solyc02g021680.3 (interacts with) Solyc08g006530.3"
"interacts with","0.560959","Solyc04g005320.3 (interacts with) Solyc07g063970.3","1.0E-15","false","interacts with","Solyc04g005320.3 (interacts with) Solyc07g063970.3"
"interacts with","0.602151","Solyc02g021680.3 (interacts with) Solyc05g051460.3","1.0E-20","false","interacts with","Solyc02g021680.3 (interacts with) Solyc05g051460.3"
"interacts with","0.328885","Solyc02g078130.3 (interacts with) Solyc08g078800.1","1.0E-10","false","interacts with","Solyc02g078130.3 (interacts with) Solyc08g078800.1"
"interacts with","0.533705","Solyc04g005320.3 (interacts with) Solyc04g078640.2","1.0E-15","false","interacts with","Solyc04g005320.3 (interacts with) Solyc04g078640.2"
"interacts with","0.344676","Solyc02g078130.3 (interacts with) Solyc05g007180.3","1.0E-10","false","interacts with","Solyc02g078130.3 (interacts with) Solyc05g007180.3"
"interacts with","0.527578","Solyc04g005320.3 (interacts with) Solyc09g018460.1","1.0E-15","false","interacts with","Solyc04g005320.3 (interacts with) Solyc09g018460.1"
"interacts with","0.322786","Solyc02g078130.3 (interacts with) Solyc07g005400.3","1.0E-10","false","interacts with","Solyc02g078130.3 (interacts with) Solyc07g005400.3"
"interacts with","0.565063","Solyc04g005320.3 (interacts with) Solyc10g079070.2","1.0E-15","false","interacts with","Solyc04g005320.3 (interacts with) Solyc10g079070.2"
"interacts with","0.63246","Solyc02g021680.3 (interacts with) Solyc05g012020.3","1.0E-20","false","interacts with","Solyc02g021680.3 (interacts with) Solyc05g012020.3"
"interacts with","0.509113","Solyc04g005320.3 (interacts with) Solyc06g075140.3","1.0E-15","false","interacts with","Solyc04g005320.3 (interacts with) Solyc06g075140.3"
"interacts with","0.590357","Solyc04g005320.3 (interacts with) Solyc08g006530.3","1.0E-20","false","interacts with","Solyc04g005320.3 (interacts with) Solyc08g006530.3"
"interacts with","0.542362","Solyc02g021680.3 (interacts with) Solyc05g053240.3","1.0E-15","false","interacts with","Solyc02g021680.3 (interacts with) Solyc05g053240.3"
"interacts with","0.340016","Solyc02g078130.3 (interacts with) Solyc07g052960.2","1.0E-10","false","interacts with","Solyc02g078130.3 (interacts with) Solyc07g052960.2"
"interacts with","0.56355","Solyc02g021680.3 (interacts with) Solyc06g082300.3","1.0E-15","false","interacts with","Solyc02g021680.3 (interacts with) Solyc06g082300.3"
"interacts with","0.590041","Solyc03g118770.3 (interacts with) Solyc04g074810.3","1.0E-20","false","interacts with","Solyc03g118770.3 (interacts with) Solyc04g074810.3"
"interacts with","0.667016","Solyc02g021680.3 (interacts with) Solyc11g069190.2","1.0E-20","false","interacts with","Solyc02g021680.3 (interacts with) Solyc11g069190.2"
"interacts with","0.572757","Solyc02g021680.3 (interacts with) Solyc02g067320.2","1.0E-20","false","interacts with","Solyc02g021680.3 (interacts with) Solyc02g067320.2"
"interacts with","0.320529","Solyc02g078130.3 (interacts with) Solyc04g077490.3","1.0E-10","false","interacts with","Solyc02g078130.3 (interacts with) Solyc04g077490.3"
"interacts with","0.598238","Solyc03g118770.3 (interacts with) Solyc09g065670.3","1.0E-20","false","interacts with","Solyc03g118770.3 (interacts with) Solyc09g065670.3"
"interacts with","0.416016","Solyc02g021680.3 (interacts with) Solyc12g098620.2","1.0E-10","false","interacts with","Solyc02g021680.3 (interacts with) Solyc12g098620.2"
"interacts with","0.591165","Solyc03g118770.3 (interacts with) Solyc06g073980.3","1.0E-20","false","interacts with","Solyc03g118770.3 (interacts with) Solyc06g073980.3"
"interacts with","0.535346","Solyc02g021680.3 (interacts with) Solyc11g010710.2","1.0E-15","false","interacts with","Solyc02g021680.3 (interacts with) Solyc11g010710.2"
"interacts with","0.613921","Solyc03g118770.3 (interacts with) Solyc12g013620.2","1.0E-20","false","interacts with","Solyc03g118770.3 (interacts with) Solyc12g013620.2"
"interacts with","0.590537","Solyc02g021680.3 (interacts with) Solyc08g079100.3","1.0E-20","false","interacts with","Solyc02g021680.3 (interacts with) Solyc08g079100.3"
"interacts with","0.282987","Solyc03g114440.1 (interacts with) Solyc08g079100.3","1.0E-5","false","interacts with","Solyc03g114440.1 (interacts with) Solyc08g079100.3"
"interacts with","0.639117","Solyc03g118770.3 (interacts with) Solyc10g006880.3","1.0E-20","false","interacts with","Solyc03g118770.3 (interacts with) Solyc10g006880.3"
"interacts with","0.591728","Solyc02g021680.3 (interacts with) Solyc02g067340.3","1.0E-20","false","interacts with","Solyc02g021680.3 (interacts with) Solyc02g067340.3"
"interacts with","0.549778","Solyc03g118770.3 (interacts with) Solyc06g083900.3","1.0E-15","false","interacts with","Solyc03g118770.3 (interacts with) Solyc06g083900.3"
"interacts with","0.653531","Solyc02g021680.3 (interacts with) Solyc11g044320.2","1.0E-20","false","interacts with","Solyc02g021680.3 (interacts with) Solyc11g044320.2"
"interacts with","0.648068","Solyc02g021680.3 (interacts with) Solyc05g007770.3","1.0E-20","false","interacts with","Solyc02g021680.3 (interacts with) Solyc05g007770.3"
"interacts with","0.59881","Solyc03g118770.3 (interacts with) Solyc06g069430.3","1.0E-20","false","interacts with","Solyc03g118770.3 (interacts with) Solyc06g069430.3"
"interacts with","0.143242","Solyc02g021680.3 (interacts with) Solyc07g062200.2","0.1","false","interacts with","Solyc02g021680.3 (interacts with) Solyc07g062200.2"
"interacts with","0.27772","Solyc03g114440.1 (interacts with) Solyc03g123430.3","1.0E-5","false","interacts with","Solyc03g114440.1 (interacts with) Solyc03g123430.3"
"interacts with","0.426638","Solyc02g021680.3 (interacts with) Solyc03g006320.1","1.0E-10","false","interacts with","Solyc02g021680.3 (interacts with) Solyc03g006320.1"
"interacts with","0.58666","Solyc03g118770.3 (interacts with) Solyc08g006530.3","1.0E-20","false","interacts with","Solyc03g118770.3 (interacts with) Solyc08g006530.3"
"interacts with","0.266169","Solyc02g021680.3 (interacts with) Solyc05g053330.3","1.0E-5","false","interacts with","Solyc02g021680.3 (interacts with) Solyc05g053330.3"
"interacts with","0.306137","Solyc03g114440.1 (interacts with) Solyc06g069850.3","1.0E-10","false","interacts with","Solyc03g114440.1 (interacts with) Solyc06g069850.3"
"interacts with","0.608785","Solyc03g118770.3 (interacts with) Solyc07g055100.3","1.0E-20","false","interacts with","Solyc03g118770.3 (interacts with) Solyc07g055100.3"
"interacts with","0.59301","Solyc02g021680.3 (interacts with) Solyc06g036170.1","1.0E-20","false","interacts with","Solyc02g021680.3 (interacts with) Solyc06g036170.1"
"interacts with","0.54929","Solyc02g021680.3 (interacts with) Solyc02g085340.1","1.0E-15","false","interacts with","Solyc02g021680.3 (interacts with) Solyc02g085340.1"
"interacts with","0.116509","Solyc03g114440.1 (interacts with) Solyc12g038440.1","0.1","false","interacts with","Solyc03g114440.1 (interacts with) Solyc12g038440.1"
"interacts with","0.653602","Solyc03g118770.3 (interacts with) Solyc07g063970.3","1.0E-20","false","interacts with","Solyc03g118770.3 (interacts with) Solyc07g063970.3"
"interacts with","0.588278","Solyc02g021680.3 (interacts with) Solyc06g076820.1","1.0E-20","false","interacts with","Solyc02g021680.3 (interacts with) Solyc06g076820.1"
"interacts with","0.590297","Solyc03g118770.3 (interacts with) Solyc05g012020.3","1.0E-20","false","interacts with","Solyc03g118770.3 (interacts with) Solyc05g012020.3"
"interacts with","0.507525","Solyc03g118770.3 (interacts with) Solyc12g056860.2","1.0E-15","false","interacts with","Solyc03g118770.3 (interacts with) Solyc12g056860.2"
"interacts with","0.588486","Solyc03g118770.3 (interacts with) Solyc05g007180.3","1.0E-20","false","interacts with","Solyc03g118770.3 (interacts with) Solyc05g007180.3"
"interacts with","0.633219","Solyc03g118770.3 (interacts with) Solyc06g049040.3","1.0E-20","false","interacts with","Solyc03g118770.3 (interacts with) Solyc06g049040.3"
"interacts with","0.576234","Solyc03g118770.3 (interacts with) Solyc07g052960.2","1.0E-20","false","interacts with","Solyc03g118770.3 (interacts with) Solyc07g052960.2"
"interacts with","0.581248","Solyc03g118770.3 (interacts with) Solyc07g063420.3","1.0E-20","false","interacts with","Solyc03g118770.3 (interacts with) Solyc07g063420.3"
"interacts with","0.174543","Solyc03g118770.3 (interacts with) Solyc07g052830.3","1.0E-5","false","interacts with","Solyc03g118770.3 (interacts with) Solyc07g052830.3"
"interacts with","0.639014","Solyc08g076860.3 (interacts with) Solyc11g017470.2","1.0E-20","false","interacts with","Solyc08g076860.3 (interacts with) Solyc11g017470.2"
"interacts with","0.617338","Solyc03g118770.3 (interacts with) Solyc10g005330.3","1.0E-20","false","interacts with","Solyc03g118770.3 (interacts with) Solyc10g005330.3"
"interacts with","0.45168","Solyc08g076860.3 (interacts with) Solyc11g008830.2","1.0E-15","false","interacts with","Solyc08g076860.3 (interacts with) Solyc11g008830.2"
"interacts with","0.716481","Solyc07g063970.3 (interacts with) Solyc10g079070.2","1.0E-25","false","interacts with","Solyc07g063970.3 (interacts with) Solyc10g079070.2"
"interacts with","0.605771","Solyc08g076860.3 (interacts with) Solyc11g005380.2","1.0E-20","false","interacts with","Solyc08g076860.3 (interacts with) Solyc11g005380.2"
"interacts with","0.611527","Solyc07g063970.3 (interacts with) Solyc09g018460.1","1.0E-20","false","interacts with","Solyc07g063970.3 (interacts with) Solyc09g018460.1"
"interacts with","0.665269","Solyc07g063970.3 (interacts with) Solyc10g018780.2","1.0E-20","false","interacts with","Solyc07g063970.3 (interacts with) Solyc10g018780.2"
"interacts with","0.611984","Solyc08g076860.3 (interacts with) Solyc12g089240.2","1.0E-20","false","interacts with","Solyc08g076860.3 (interacts with) Solyc12g089240.2"
"interacts with","0.211567","Solyc07g063970.3 (interacts with) Solyc08g076710.3","1.0E-5","false","interacts with","Solyc07g063970.3 (interacts with) Solyc08g076710.3"
"interacts with","0.395944","Solyc08g076860.3 (interacts with) Solyc12g005830.2","1.0E-10","false","interacts with","Solyc08g076860.3 (interacts with) Solyc12g005830.2"
"interacts with","0.684667","Solyc07g063970.3 (interacts with) Solyc10g078700.2","1.0E-20","false","interacts with","Solyc07g063970.3 (interacts with) Solyc10g078700.2"
"interacts with","0.611299","Solyc08g076860.3 (interacts with) Solyc10g079070.2","1.0E-20","false","interacts with","Solyc08g076860.3 (interacts with) Solyc10g079070.2"
"interacts with","0.37927","Solyc07g063970.3 (interacts with) Solyc09g090790.3","1.0E-10","false","interacts with","Solyc07g063970.3 (interacts with) Solyc09g090790.3"
"interacts with","0.241512","Solyc08g076860.3 (interacts with) Solyc09g015110.2","1.0E-5","false","interacts with","Solyc08g076860.3 (interacts with) Solyc09g015110.2"
"interacts with","0.376029","Solyc07g063970.3 (interacts with) Solyc08g082890.3","1.0E-10","false","interacts with","Solyc07g063970.3 (interacts with) Solyc08g082890.3"
"interacts with","0.612014","Solyc08g076860.3 (interacts with) Solyc10g080770.2","1.0E-20","false","interacts with","Solyc08g076860.3 (interacts with) Solyc10g080770.2"
"interacts with","0.707426","Solyc07g063970.3 (interacts with) Solyc12g013620.2","1.0E-20","false","interacts with","Solyc07g063970.3 (interacts with) Solyc12g013620.2"
"interacts with","0.729035","Solyc07g063970.3 (interacts with) Solyc10g006880.3","1.0E-25","false","interacts with","Solyc07g063970.3 (interacts with) Solyc10g006880.3"
"interacts with","0.443466","Solyc07g063970.3 (interacts with) Solyc11g008830.2","1.0E-15","false","interacts with","Solyc07g063970.3 (interacts with) Solyc11g008830.2"
"interacts with","0.38431","Solyc08g076860.3 (interacts with) Solyc10g007350.3","1.0E-10","false","interacts with","Solyc08g076860.3 (interacts with) Solyc10g007350.3"
"interacts with","0.695248","Solyc07g063970.3 (interacts with) Solyc10g005330.3","1.0E-20","false","interacts with","Solyc07g063970.3 (interacts with) Solyc10g005330.3"
"interacts with","0.646897","Solyc05g009350.3 (interacts with) Solyc07g066220.3","1.0E-20","false","interacts with","Solyc05g009350.3 (interacts with) Solyc07g066220.3"
"interacts with","0.679386","Solyc07g063970.3 (interacts with) Solyc09g007260.3","1.0E-20","false","interacts with","Solyc07g063970.3 (interacts with) Solyc09g007260.3"
"interacts with","0.421727","Solyc05g009350.3 (interacts with) Solyc08g077230.3","1.0E-10","false","interacts with","Solyc05g009350.3 (interacts with) Solyc08g077230.3"
"interacts with","0.633186","Solyc07g063970.3 (interacts with) Solyc08g076370.3","1.0E-20","false","interacts with","Solyc07g063970.3 (interacts with) Solyc08g076370.3"
"interacts with","0.267591","Solyc07g063970.3 (interacts with) Solyc10g007970.2","1.0E-5","false","interacts with","Solyc07g063970.3 (interacts with) Solyc10g007970.2"
"interacts with","0.544208","Solyc01g091000.3 (interacts with) Solyc07g065500.2","1.0E-15","false","interacts with","Solyc01g091000.3 (interacts with) Solyc07g065500.2"
"interacts with","0.489965","Solyc07g063970.3 (interacts with) Solyc08g076590.3","1.0E-15","false","interacts with","Solyc07g063970.3 (interacts with) Solyc08g076590.3"
"interacts with","0.518771","Solyc05g009350.3 (interacts with) Solyc08g060840.1","1.0E-15","false","interacts with","Solyc05g009350.3 (interacts with) Solyc08g060840.1"
"interacts with","0.625645","Solyc01g091000.3 (interacts with) Solyc05g052410.2","1.0E-20","false","interacts with","Solyc01g091000.3 (interacts with) Solyc05g052410.2"
"interacts with","0.672526","Solyc07g063970.3 (interacts with) Solyc09g082505.1","1.0E-20","false","interacts with","Solyc07g063970.3 (interacts with) Solyc09g082505.1"
"interacts with","0.632286","Solyc01g091000.3 (interacts with) Solyc01g107170.2","1.0E-20","false","interacts with","Solyc01g091000.3 (interacts with) Solyc01g107170.2"
"interacts with","0.49456","Solyc07g063970.3 (interacts with) Solyc12g056860.2","1.0E-15","false","interacts with","Solyc07g063970.3 (interacts with) Solyc12g056860.2"
"interacts with","0.510401","Solyc05g009350.3 (interacts with) Solyc08g029090.3","1.0E-15","false","interacts with","Solyc05g009350.3 (interacts with) Solyc08g029090.3"
"interacts with","0.380922","Solyc07g063970.3 (interacts with) Solyc08g079120.2","1.0E-10","false","interacts with","Solyc07g063970.3 (interacts with) Solyc08g079120.2"
"interacts with","0.644212","Solyc01g091000.3 (interacts with) Solyc04g005800.3","1.0E-20","false","interacts with","Solyc01g091000.3 (interacts with) Solyc04g005800.3"
"interacts with","0.182066","Solyc07g063970.3 (interacts with) Solyc08g006240.2","1.0E-5","false","interacts with","Solyc07g063970.3 (interacts with) Solyc08g006240.2"
"interacts with","0.575072","Solyc05g009350.3 (interacts with) Solyc12g098520.2","1.0E-20","false","interacts with","Solyc05g009350.3 (interacts with) Solyc12g098520.2"
"interacts with","0.621714","Solyc01g091000.3 (interacts with) Solyc04g071770.3","1.0E-20","false","interacts with","Solyc01g091000.3 (interacts with) Solyc04g071770.3"
"interacts with","0.506817","Solyc01g091000.3 (interacts with) Solyc11g072600.2","1.0E-15","false","interacts with","Solyc01g091000.3 (interacts with) Solyc11g072600.2"
"interacts with","0.383814","Solyc01g091000.3 (interacts with) Solyc10g007350.3","1.0E-10","false","interacts with","Solyc01g091000.3 (interacts with) Solyc10g007350.3"
"interacts with","0.257485","Solyc05g009350.3 (interacts with) Solyc12g088130.2","1.0E-5","false","interacts with","Solyc05g009350.3 (interacts with) Solyc12g088130.2"
"interacts with","0.618479","Solyc01g091000.3 (interacts with) Solyc08g006260.2","1.0E-20","false","interacts with","Solyc01g091000.3 (interacts with) Solyc08g006260.2"
"interacts with","0.62026","Solyc01g091000.3 (interacts with) Solyc02g082670.3","1.0E-20","false","interacts with","Solyc01g091000.3 (interacts with) Solyc02g082670.3"
"interacts with","0.619052","Solyc01g091000.3 (interacts with) Solyc05g007770.3","1.0E-20","false","interacts with","Solyc01g091000.3 (interacts with) Solyc05g007770.3"
"interacts with","0.504153","Solyc05g009350.3 (interacts with) Solyc07g047960.3","1.0E-15","false","interacts with","Solyc05g009350.3 (interacts with) Solyc07g047960.3"
"interacts with","0.1852","Solyc08g008600.3 (interacts with) Solyc08g062490.3","1.0E-5","false","interacts with","Solyc08g008600.3 (interacts with) Solyc08g062490.3"
"interacts with","0.665414","Solyc01g091000.3 (interacts with) Solyc04g078640.2","1.0E-20","false","interacts with","Solyc01g091000.3 (interacts with) Solyc04g078640.2"
"interacts with","0.43183","Solyc01g091000.3 (interacts with) Solyc03g006320.1","1.0E-15","false","interacts with","Solyc01g091000.3 (interacts with) Solyc03g006320.1"
"interacts with","0.588859","Solyc01g091000.3 (interacts with) Solyc04g014830.2","1.0E-20","false","interacts with","Solyc01g091000.3 (interacts with) Solyc04g014830.2"
"interacts with","0.482301","Solyc01g091000.3 (interacts with) Solyc05g050220.3","1.0E-15","false","interacts with","Solyc01g091000.3 (interacts with) Solyc05g050220.3"
"interacts with","0.686978","Solyc01g091000.3 (interacts with) Solyc05g012020.3","1.0E-20","false","interacts with","Solyc01g091000.3 (interacts with) Solyc05g012020.3"
"interacts with","0.202853","Solyc08g008600.3 (interacts with) Solyc09g089930.2","1.0E-5","false","interacts with","Solyc08g008600.3 (interacts with) Solyc09g089930.2"
"interacts with","0.511992","Solyc01g091000.3 (interacts with) Solyc07g043330.2","1.0E-15","false","interacts with","Solyc01g091000.3 (interacts with) Solyc07g043330.2"
"interacts with","0.52455","Solyc11g069890.2 (interacts with) Solyc12g014610.2","1.0E-15","false","interacts with","Solyc11g069890.2 (interacts with) Solyc12g014610.2"
"interacts with","0.520115","Solyc01g091000.3 (interacts with) Solyc12g014610.2","1.0E-15","false","interacts with","Solyc01g091000.3 (interacts with) Solyc12g014610.2"
"interacts with","0.586431","Solyc11g069890.2 (interacts with) Solyc12g096500.2","1.0E-20","false","interacts with","Solyc11g069890.2 (interacts with) Solyc12g096500.2"
"interacts with","0.596531","Solyc01g091000.3 (interacts with) Solyc06g082300.3","1.0E-20","false","interacts with","Solyc01g091000.3 (interacts with) Solyc06g082300.3"
"interacts with","0.649607","Solyc01g091000.3 (interacts with) Solyc11g069190.2","1.0E-20","false","interacts with","Solyc01g091000.3 (interacts with) Solyc11g069190.2"
"interacts with","0.587898","Solyc01g091000.3 (interacts with) Solyc02g067320.2","1.0E-20","false","interacts with","Solyc01g091000.3 (interacts with) Solyc02g067320.2"
"interacts with","0.497666","Solyc01g091000.3 (interacts with) Solyc02g080890.3","1.0E-15","false","interacts with","Solyc01g091000.3 (interacts with) Solyc02g080890.3"
"interacts with","0.421684","Solyc01g091000.3 (interacts with) Solyc07g065570.2","1.0E-10","false","interacts with","Solyc01g091000.3 (interacts with) Solyc07g065570.2"
"interacts with","0.583954","Solyc01g091000.3 (interacts with) Solyc03g006800.1","1.0E-20","false","interacts with","Solyc01g091000.3 (interacts with) Solyc03g006800.1"
"interacts with","0.498369","Solyc06g007530.2 (interacts with) Solyc10g079070.2","1.0E-15","false","interacts with","Solyc06g007530.2 (interacts with) Solyc10g079070.2"
"interacts with","0.607069","Solyc01g091000.3 (interacts with) Solyc06g065440.1","1.0E-20","false","interacts with","Solyc01g091000.3 (interacts with) Solyc06g065440.1"
"interacts with","0.530119","Solyc06g007530.2 (interacts with) Solyc08g068320.3","1.0E-15","false","interacts with","Solyc06g007530.2 (interacts with) Solyc08g068320.3"
"interacts with","0.706291","Solyc01g091000.3 (interacts with) Solyc10g078700.2","1.0E-20","false","interacts with","Solyc01g091000.3 (interacts with) Solyc10g078700.2"
"interacts with","0.653979","Solyc01g091000.3 (interacts with) Solyc10g018780.2","1.0E-20","false","interacts with","Solyc01g091000.3 (interacts with) Solyc10g018780.2"
"interacts with","0.51499","Solyc06g007530.2 (interacts with) Solyc08g006260.2","1.0E-15","false","interacts with","Solyc06g007530.2 (interacts with) Solyc08g006260.2"
"interacts with","0.518189","Solyc06g007530.2 (interacts with) Solyc09g074640.3","1.0E-15","false","interacts with","Solyc06g007530.2 (interacts with) Solyc09g074640.3"
"interacts with","0.653085","Solyc01g091000.3 (interacts with) Solyc06g069430.3","1.0E-20","false","interacts with","Solyc01g091000.3 (interacts with) Solyc06g069430.3"
"interacts with","0.504764","Solyc06g007530.2 (interacts with) Solyc10g018780.2","1.0E-15","false","interacts with","Solyc06g007530.2 (interacts with) Solyc10g018780.2"
"interacts with","0.612057","Solyc01g091000.3 (interacts with) Solyc07g055100.3","1.0E-20","false","interacts with","Solyc01g091000.3 (interacts with) Solyc07g055100.3"
"interacts with","0.513649","Solyc01g091000.3 (interacts with) Solyc05g015330.1","1.0E-15","false","interacts with","Solyc01g091000.3 (interacts with) Solyc05g015330.1"
"interacts with","0.58419","Solyc01g091000.3 (interacts with) Solyc10g080540.2","1.0E-20","false","interacts with","Solyc01g091000.3 (interacts with) Solyc10g080540.2"
"interacts with","0.463067","Solyc01g091000.3 (interacts with) Solyc08g006490.2","1.0E-15","false","interacts with","Solyc01g091000.3 (interacts with) Solyc08g006490.2"
"interacts with","0.5816","Solyc01g091000.3 (interacts with) Solyc07g052760.2","1.0E-20","false","interacts with","Solyc01g091000.3 (interacts with) Solyc07g052760.2"
"interacts with","0.69967","Solyc01g091000.3 (interacts with) Solyc10g079070.2","1.0E-20","false","interacts with","Solyc01g091000.3 (interacts with) Solyc10g079070.2"
"interacts with","0.643766","Solyc01g091000.3 (interacts with) Solyc08g080150.1","1.0E-20","false","interacts with","Solyc01g091000.3 (interacts with) Solyc08g080150.1"
"interacts with","0.679638","Solyc01g091000.3 (interacts with) Solyc12g098370.2","1.0E-20","false","interacts with","Solyc01g091000.3 (interacts with) Solyc12g098370.2"
"interacts with","0.578535","Solyc01g091000.3 (interacts with) Solyc08g014030.1","1.0E-20","false","interacts with","Solyc01g091000.3 (interacts with) Solyc08g014030.1"
"interacts with","0.145332","Solyc04g056460.1 (interacts with) Solyc06g061240.3","0.1","false","interacts with","Solyc04g056460.1 (interacts with) Solyc06g061240.3"
"interacts with","0.556532","Solyc01g091000.3 (interacts with) Solyc12g100140.2","1.0E-15","false","interacts with","Solyc01g091000.3 (interacts with) Solyc12g100140.2"
"interacts with","0.501839","Solyc01g091000.3 (interacts with) Solyc11g011890.2","1.0E-15","false","interacts with","Solyc01g091000.3 (interacts with) Solyc11g011890.2"
"interacts with","0.112799","Solyc04g056460.1 (interacts with) Solyc06g042951.1","0.1","false","interacts with","Solyc04g056460.1 (interacts with) Solyc06g042951.1"
"interacts with","0.527911","Solyc01g091000.3 (interacts with) Solyc06g062670.3","1.0E-15","false","interacts with","Solyc01g091000.3 (interacts with) Solyc06g062670.3"
"interacts with","0.143225","Solyc04g056460.1 (interacts with) Solyc09g065670.3","0.1","false","interacts with","Solyc04g056460.1 (interacts with) Solyc09g065670.3"
"interacts with","0.248129","Solyc01g091000.3 (interacts with) Solyc03g095980.3","1.0E-5","false","interacts with","Solyc01g091000.3 (interacts with) Solyc03g095980.3"
"interacts with","0.458701","Solyc01g091000.3 (interacts with) Solyc12g099140.2","1.0E-15","false","interacts with","Solyc01g091000.3 (interacts with) Solyc12g099140.2"
"interacts with","0.63085","Solyc01g091000.3 (interacts with) Solyc02g067380.3","1.0E-20","false","interacts with","Solyc01g091000.3 (interacts with) Solyc02g067380.3"
"interacts with","0.725111","Solyc01g091000.3 (interacts with) Solyc10g005330.3","1.0E-25","false","interacts with","Solyc01g091000.3 (interacts with) Solyc10g005330.3"
"interacts with","0.217236","Solyc03g119370.2 (interacts with) Solyc07g063970.3","1.0E-5","false","interacts with","Solyc03g119370.2 (interacts with) Solyc07g063970.3"
"interacts with","0.141875","Solyc04g056460.1 (interacts with) Solyc12g005830.2","0.1","false","interacts with","Solyc04g056460.1 (interacts with) Solyc12g005830.2"
"interacts with","0.546385","Solyc04g014360.3 (interacts with) Solyc04g077490.3","1.0E-15","false","interacts with","Solyc04g014360.3 (interacts with) Solyc04g077490.3"
"interacts with","0.510576","Solyc04g014360.3 (interacts with) Solyc08g076370.3","1.0E-15","false","interacts with","Solyc04g014360.3 (interacts with) Solyc08g076370.3"
"interacts with","0.532348","Solyc03g031970.3 (interacts with) Solyc04g077490.3","1.0E-15","false","interacts with","Solyc03g031970.3 (interacts with) Solyc04g077490.3"
"interacts with","0.269959","Solyc03g119370.2 (interacts with) Solyc04g016000.3","1.0E-5","false","interacts with","Solyc03g119370.2 (interacts with) Solyc04g016000.3"
"interacts with","0.575584","Solyc03g031970.3 (interacts with) Solyc07g052960.2","1.0E-20","false","interacts with","Solyc03g031970.3 (interacts with) Solyc07g052960.2"
"interacts with","0.493311","Solyc04g014360.3 (interacts with) Solyc07g063420.3","1.0E-15","false","interacts with","Solyc04g014360.3 (interacts with) Solyc07g063420.3"
"interacts with","0.20701","Solyc03g119370.2 (interacts with) Solyc04g071770.3","1.0E-5","false","interacts with","Solyc03g119370.2 (interacts with) Solyc04g071770.3"
"interacts with","0.530312","Solyc04g014360.3 (interacts with) Solyc07g052960.2","1.0E-15","false","interacts with","Solyc04g014360.3 (interacts with) Solyc07g052960.2"
"interacts with","0.541313","Solyc04g014360.3 (interacts with) Solyc06g049040.3","1.0E-15","false","interacts with","Solyc04g014360.3 (interacts with) Solyc06g049040.3"
"interacts with","0.144612","Solyc03g119370.2 (interacts with) Solyc06g005090.3","0.1","false","interacts with","Solyc03g119370.2 (interacts with) Solyc06g005090.3"
"interacts with","0.385171","Solyc04g014360.3 (interacts with) Solyc08g079120.2","1.0E-10","false","interacts with","Solyc04g014360.3 (interacts with) Solyc08g079120.2"
"interacts with","0.501573","Solyc03g031970.3 (interacts with) Solyc05g053240.3","1.0E-15","false","interacts with","Solyc03g031970.3 (interacts with) Solyc05g053240.3"
"interacts with","0.26869","Solyc04g014360.3 (interacts with) Solyc08g005870.2","1.0E-5","false","interacts with","Solyc04g014360.3 (interacts with) Solyc08g005870.2"
"interacts with","0.282798","Solyc03g119370.2 (interacts with) Solyc05g055030.2","1.0E-5","false","interacts with","Solyc03g119370.2 (interacts with) Solyc05g055030.2"
"interacts with","0.296725","Solyc04g014360.3 (interacts with) Solyc05g009660.3","1.0E-10","false","interacts with","Solyc04g014360.3 (interacts with) Solyc05g009660.3"
"interacts with","0.116587","Solyc03g119370.2 (interacts with) Solyc09g008390.2","0.1","false","interacts with","Solyc03g119370.2 (interacts with) Solyc09g008390.2"
"interacts with","0.539138","Solyc03g031970.3 (interacts with) Solyc08g078800.1","1.0E-15","false","interacts with","Solyc03g031970.3 (interacts with) Solyc08g078800.1"
"interacts with","0.214195","Solyc03g031970.3 (interacts with) Solyc03g033730.1","1.0E-5","false","interacts with","Solyc03g031970.3 (interacts with) Solyc03g033730.1"
"interacts with","0.521941","Solyc03g031970.3 (interacts with) Solyc06g048630.3","1.0E-15","false","interacts with","Solyc03g031970.3 (interacts with) Solyc06g048630.3"
"interacts with","0.513801","Solyc04g014360.3 (interacts with) Solyc07g063970.3","1.0E-15","false","interacts with","Solyc04g014360.3 (interacts with) Solyc07g063970.3"
"interacts with","0.225862","Solyc03g119370.2 (interacts with) Solyc04g007420.3","1.0E-5","false","interacts with","Solyc03g119370.2 (interacts with) Solyc04g007420.3"
"interacts with","0.267059","Solyc03g031970.3 (interacts with) Solyc07g026680.2","1.0E-5","false","interacts with","Solyc03g031970.3 (interacts with) Solyc07g026680.2"
"interacts with","0.510927","Solyc03g031970.3 (interacts with) Solyc06g065190.1","1.0E-15","false","interacts with","Solyc03g031970.3 (interacts with) Solyc06g065190.1"
"interacts with","0.331986","Solyc04g014360.3 (interacts with) Solyc06g068360.3","1.0E-10","false","interacts with","Solyc04g014360.3 (interacts with) Solyc06g068360.3"
"interacts with","0.526937","Solyc04g014360.3 (interacts with) Solyc08g066500.3","1.0E-15","false","interacts with","Solyc04g014360.3 (interacts with) Solyc08g066500.3"
"interacts with","0.534689","Solyc03g031970.3 (interacts with) Solyc08g066500.3","1.0E-15","false","interacts with","Solyc03g031970.3 (interacts with) Solyc08g066500.3"
"interacts with","0.52434","Solyc03g031970.3 (interacts with) Solyc03g121840.3","1.0E-15","false","interacts with","Solyc03g031970.3 (interacts with) Solyc03g121840.3"
"interacts with","0.14509","Solyc04g014360.3 (interacts with) Solyc05g051420.2","0.1","false","interacts with","Solyc04g014360.3 (interacts with) Solyc05g051420.2"
"interacts with","0.640021","Solyc10g084340.2 (interacts with) Solyc11g013480.2","1.0E-20","false","interacts with","Solyc10g084340.2 (interacts with) Solyc11g013480.2"
"interacts with","0.123479","Solyc09g066045.1 (interacts with) Solyc11g044320.2","0.1","false","interacts with","Solyc09g066045.1 (interacts with) Solyc11g044320.2"
"interacts with","0.519351","Solyc03g031970.3 (interacts with) Solyc11g072500.2","1.0E-15","false","interacts with","Solyc03g031970.3 (interacts with) Solyc11g072500.2"
"interacts with","0.524674","Solyc10g084340.2 (interacts with) Solyc11g011890.2","1.0E-15","false","interacts with","Solyc10g084340.2 (interacts with) Solyc11g011890.2"
"interacts with","0.146711","Solyc03g031970.3 (interacts with) Solyc05g051420.2","0.1","false","interacts with","Solyc03g031970.3 (interacts with) Solyc05g051420.2"
"interacts with","0.510781","Solyc10g084340.2 (interacts with) Solyc11g069890.2","1.0E-15","false","interacts with","Solyc10g084340.2 (interacts with) Solyc11g069890.2"
"interacts with","0.325237","Solyc10g079150.2 (interacts with) Solyc12g089240.2","1.0E-10","false","interacts with","Solyc10g079150.2 (interacts with) Solyc12g089240.2"
"interacts with","0.338758","Solyc10g079150.2 (interacts with) Solyc11g005380.2","1.0E-10","false","interacts with","Solyc10g079150.2 (interacts with) Solyc11g005380.2"
"interacts with","0.661232","Solyc08g066500.3 (interacts with) Solyc10g006880.3","1.0E-20","false","interacts with","Solyc08g066500.3 (interacts with) Solyc10g006880.3"
"interacts with","0.369777","Solyc08g066500.3 (interacts with) Solyc10g054010.1","1.0E-10","false","interacts with","Solyc08g066500.3 (interacts with) Solyc10g054010.1"
"interacts with","0.611602","Solyc08g066500.3 (interacts with) Solyc11g017470.2","1.0E-20","false","interacts with","Solyc08g066500.3 (interacts with) Solyc11g017470.2"
"interacts with","0.292724","Solyc08g066500.3 (interacts with) Solyc10g008160.3","1.0E-10","false","interacts with","Solyc08g066500.3 (interacts with) Solyc10g008160.3"
"interacts with","0.510497","Solyc08g066500.3 (interacts with) Solyc11g069510.2","1.0E-15","false","interacts with","Solyc08g066500.3 (interacts with) Solyc11g069510.2"
"interacts with","0.642801","Solyc08g066500.3 (interacts with) Solyc08g078800.1","1.0E-20","false","interacts with","Solyc08g066500.3 (interacts with) Solyc08g078800.1"
"interacts with","0.245394","Solyc08g066500.3 (interacts with) Solyc09g009250.3","1.0E-5","false","interacts with","Solyc08g066500.3 (interacts with) Solyc09g009250.3"
"interacts with","0.625","Solyc08g066500.3 (interacts with) Solyc08g068320.3","1.0E-20","false","interacts with","Solyc08g066500.3 (interacts with) Solyc08g068320.3"
"interacts with","0.68505","Solyc08g066500.3 (interacts with) Solyc09g007260.3","1.0E-20","false","interacts with","Solyc08g066500.3 (interacts with) Solyc09g007260.3"
"interacts with","0.487778","Solyc08g066500.3 (interacts with) Solyc11g010710.2","1.0E-15","false","interacts with","Solyc08g066500.3 (interacts with) Solyc11g010710.2"
"interacts with","0.672276","Solyc08g066500.3 (interacts with) Solyc09g074640.3","1.0E-20","false","interacts with","Solyc08g066500.3 (interacts with) Solyc09g074640.3"
"interacts with","0.43261","Solyc08g006490.2 (interacts with) Solyc09g065670.3","1.0E-15","false","interacts with","Solyc08g006490.2 (interacts with) Solyc09g065670.3"
"interacts with","0.528448","Solyc08g066500.3 (interacts with) Solyc11g072500.2","1.0E-15","false","interacts with","Solyc08g066500.3 (interacts with) Solyc11g072500.2"
"interacts with","0.223158","Solyc08g066500.3 (interacts with) Solyc08g076710.3","1.0E-5","false","interacts with","Solyc08g066500.3 (interacts with) Solyc08g076710.3"
"interacts with","0.454273","Solyc08g006490.2 (interacts with) Solyc12g098370.2","1.0E-15","false","interacts with","Solyc08g006490.2 (interacts with) Solyc12g098370.2"
"interacts with","0.616869","Solyc08g066500.3 (interacts with) Solyc10g018780.2","1.0E-20","false","interacts with","Solyc08g066500.3 (interacts with) Solyc10g018780.2"
"interacts with","0.428035","Solyc08g006490.2 (interacts with) Solyc10g018780.2","1.0E-10","false","interacts with","Solyc08g006490.2 (interacts with) Solyc10g018780.2"
"interacts with","0.420989","Solyc08g006490.2 (interacts with) Solyc10g006880.3","1.0E-10","false","interacts with","Solyc08g006490.2 (interacts with) Solyc10g006880.3"
"interacts with","0.42988","Solyc08g006490.2 (interacts with) Solyc08g082630.3","1.0E-10","false","interacts with","Solyc08g006490.2 (interacts with) Solyc08g082630.3"
"interacts with","0.453957","Solyc08g006490.2 (interacts with) Solyc11g069190.2","1.0E-15","false","interacts with","Solyc08g006490.2 (interacts with) Solyc11g069190.2"
"interacts with","0.604949","Solyc08g066500.3 (interacts with) Solyc12g096500.2","1.0E-20","false","interacts with","Solyc08g066500.3 (interacts with) Solyc12g096500.2"
"interacts with","0.418949","Solyc08g006490.2 (interacts with) Solyc11g017470.2","1.0E-10","false","interacts with","Solyc08g006490.2 (interacts with) Solyc11g017470.2"
"interacts with","0.354594","Solyc08g066500.3 (interacts with) Solyc11g068480.2","1.0E-10","false","interacts with","Solyc08g066500.3 (interacts with) Solyc11g068480.2"
"interacts with","0.417365","Solyc08g006490.2 (interacts with) Solyc11g072470.2","1.0E-10","false","interacts with","Solyc08g006490.2 (interacts with) Solyc11g072470.2"
"interacts with","0.448982","Solyc08g006490.2 (interacts with) Solyc10g079070.2","1.0E-15","false","interacts with","Solyc08g006490.2 (interacts with) Solyc10g079070.2"
"interacts with","0.428094","Solyc08g006490.2 (interacts with) Solyc10g005330.3","1.0E-10","false","interacts with","Solyc08g006490.2 (interacts with) Solyc10g005330.3"
"interacts with","0.387014","Solyc08g066500.3 (interacts with) Solyc08g079120.2","1.0E-10","false","interacts with","Solyc08g066500.3 (interacts with) Solyc08g079120.2"
"interacts with","0.428096","Solyc08g006490.2 (interacts with) Solyc08g080150.1","1.0E-10","false","interacts with","Solyc08g006490.2 (interacts with) Solyc08g080150.1"
"interacts with","0.593026","Solyc11g013480.2 (interacts with) Solyc11g044320.2","1.0E-20","false","interacts with","Solyc11g013480.2 (interacts with) Solyc11g044320.2"
"interacts with","0.489431","Solyc08g066500.3 (interacts with) Solyc10g008880.3","1.0E-15","false","interacts with","Solyc08g066500.3 (interacts with) Solyc10g008880.3"
"interacts with","0.499512","Solyc03g033660.3 (interacts with) Solyc09g007260.3","1.0E-15","false","interacts with","Solyc03g033660.3 (interacts with) Solyc09g007260.3"
"interacts with","0.22232","Solyc08g066500.3 (interacts with) Solyc10g081490.2","1.0E-5","false","interacts with","Solyc08g066500.3 (interacts with) Solyc10g081490.2"
"interacts with","0.500595","Solyc03g033660.3 (interacts with) Solyc10g079070.2","1.0E-15","false","interacts with","Solyc03g033660.3 (interacts with) Solyc10g079070.2"
"interacts with","0.637174","Solyc08g066500.3 (interacts with) Solyc11g071300.2","1.0E-20","false","interacts with","Solyc08g066500.3 (interacts with) Solyc11g071300.2"
"interacts with","0.482733","Solyc03g033660.3 (interacts with) Solyc06g083170.3","1.0E-15","false","interacts with","Solyc03g033660.3 (interacts with) Solyc06g083170.3"
"interacts with","0.494716","Solyc03g033660.3 (interacts with) Solyc06g036170.1","1.0E-15","false","interacts with","Solyc03g033660.3 (interacts with) Solyc06g036170.1"
"interacts with","0.850558","Solyc04g045430.3 (interacts with) Solyc04g078640.2","1.0E-25","false","interacts with","Solyc04g045430.3 (interacts with) Solyc04g078640.2"
"interacts with","0.503717","Solyc03g033660.3 (interacts with) Solyc07g052960.2","1.0E-15","false","interacts with","Solyc03g033660.3 (interacts with) Solyc07g052960.2"
"interacts with","0.571122","Solyc04g045430.3 (interacts with) Solyc06g075140.3","1.0E-15","false","interacts with","Solyc04g045430.3 (interacts with) Solyc06g075140.3"
"interacts with","0.509238","Solyc03g033660.3 (interacts with) Solyc10g006880.3","1.0E-15","false","interacts with","Solyc03g033660.3 (interacts with) Solyc10g006880.3"
"interacts with","0.549299","Solyc04g045430.3 (interacts with) Solyc08g022080.3","1.0E-15","false","interacts with","Solyc04g045430.3 (interacts with) Solyc08g022080.3"
"interacts with","0.487049","Solyc03g033660.3 (interacts with) Solyc05g007180.3","1.0E-15","false","interacts with","Solyc03g033660.3 (interacts with) Solyc05g007180.3"
"interacts with","0.507097","Solyc03g033660.3 (interacts with) Solyc03g120620.3","1.0E-15","false","interacts with","Solyc03g033660.3 (interacts with) Solyc03g120620.3"
"interacts with","0.270552","Solyc04g045430.3 (interacts with) Solyc10g007970.2","1.0E-5","false","interacts with","Solyc04g045430.3 (interacts with) Solyc10g007970.2"
"interacts with","0.534169","Solyc03g033660.3 (interacts with) Solyc06g069430.3","1.0E-15","false","interacts with","Solyc03g033660.3 (interacts with) Solyc06g069430.3"
"interacts with","0.548574","Solyc04g045430.3 (interacts with) Solyc12g014140.2","1.0E-15","false","interacts with","Solyc04g045430.3 (interacts with) Solyc12g014140.2"
"interacts with","0.549885","Solyc04g045430.3 (interacts with) Solyc05g012040.3","1.0E-15","false","interacts with","Solyc04g045430.3 (interacts with) Solyc05g012040.3"
"interacts with","0.66243","Solyc05g009880.3 (interacts with) Solyc07g063970.3","1.0E-20","false","interacts with","Solyc05g009880.3 (interacts with) Solyc07g063970.3"
"interacts with","0.206811","Solyc04g045430.3 (interacts with) Solyc06g082770.3","1.0E-5","false","interacts with","Solyc04g045430.3 (interacts with) Solyc06g082770.3"
"interacts with","0.414081","Solyc04g045430.3 (interacts with) Solyc10g080480.2","1.0E-10","false","interacts with","Solyc04g045430.3 (interacts with) Solyc10g080480.2"
"interacts with","0.31545","Solyc04g045430.3 (interacts with) Solyc10g078610.1","1.0E-10","false","interacts with","Solyc04g045430.3 (interacts with) Solyc10g078610.1"
"interacts with","0.147177","Solyc05g009880.3 (interacts with) Solyc07g062200.2","0.1","false","interacts with","Solyc05g009880.3 (interacts with) Solyc07g062200.2"
"interacts with","0.58896","Solyc04g045430.3 (interacts with) Solyc08g076860.3","1.0E-20","false","interacts with","Solyc04g045430.3 (interacts with) Solyc08g076860.3"
"interacts with","0.668143","Solyc05g009880.3 (interacts with) Solyc10g079070.2","1.0E-20","false","interacts with","Solyc05g009880.3 (interacts with) Solyc10g079070.2"
"interacts with","0.421459","Solyc05g009880.3 (interacts with) Solyc08g006490.2","1.0E-10","false","interacts with","Solyc05g009880.3 (interacts with) Solyc08g006490.2"
"interacts with","0.604181","Solyc04g045430.3 (interacts with) Solyc08g066500.3","1.0E-20","false","interacts with","Solyc04g045430.3 (interacts with) Solyc08g066500.3"
"interacts with","0.647397","Solyc05g009880.3 (interacts with) Solyc08g006530.3","1.0E-20","false","interacts with","Solyc05g009880.3 (interacts with) Solyc08g006530.3"
"interacts with","0.647566","Solyc04g045430.3 (interacts with) Solyc06g075510.3","1.0E-20","false","interacts with","Solyc04g045430.3 (interacts with) Solyc06g075510.3"
"interacts with","0.674079","Solyc05g009880.3 (interacts with) Solyc06g069430.3","1.0E-20","false","interacts with","Solyc05g009880.3 (interacts with) Solyc06g069430.3"
"interacts with","0.614603","Solyc05g009880.3 (interacts with) Solyc10g018780.2","1.0E-20","false","interacts with","Solyc05g009880.3 (interacts with) Solyc10g018780.2"
"interacts with","0.366282","Solyc04g045430.3 (interacts with) Solyc09g090790.3","1.0E-10","false","interacts with","Solyc04g045430.3 (interacts with) Solyc09g090790.3"
"interacts with","0.673088","Solyc05g009880.3 (interacts with) Solyc09g065670.3","1.0E-20","false","interacts with","Solyc05g009880.3 (interacts with) Solyc09g065670.3"
"interacts with","0.398694","Solyc04g045430.3 (interacts with) Solyc08g082890.3","1.0E-10","false","interacts with","Solyc04g045430.3 (interacts with) Solyc08g082890.3"
"interacts with","0.223618","Solyc04g045430.3 (interacts with) Solyc10g081490.2","1.0E-5","false","interacts with","Solyc04g045430.3 (interacts with) Solyc10g081490.2"
"interacts with","0.748479","Solyc05g009880.3 (interacts with) Solyc10g005330.3","1.0E-25","false","interacts with","Solyc05g009880.3 (interacts with) Solyc10g005330.3"
"interacts with","0.630248","Solyc04g045430.3 (interacts with) Solyc08g061140.3","1.0E-20","false","interacts with","Solyc04g045430.3 (interacts with) Solyc08g061140.3"
"interacts with","0.48855","Solyc04g045430.3 (interacts with) Solyc11g008830.2","1.0E-15","false","interacts with","Solyc04g045430.3 (interacts with) Solyc11g008830.2"
"interacts with","0.62961","Solyc05g009880.3 (interacts with) Solyc08g076370.3","1.0E-20","false","interacts with","Solyc05g009880.3 (interacts with) Solyc08g076370.3"
"interacts with","0.611438","Solyc04g045430.3 (interacts with) Solyc07g063420.3","1.0E-20","false","interacts with","Solyc04g045430.3 (interacts with) Solyc07g063420.3"
"interacts with","0.614817","Solyc05g009880.3 (interacts with) Solyc09g007260.3","1.0E-20","false","interacts with","Solyc05g009880.3 (interacts with) Solyc09g007260.3"
"interacts with","0.376425","Solyc05g009880.3 (interacts with) Solyc12g005420.2","1.0E-10","false","interacts with","Solyc05g009880.3 (interacts with) Solyc12g005420.2"
"interacts with","0.511935","Solyc04g045430.3 (interacts with) Solyc12g014290.2","1.0E-15","false","interacts with","Solyc04g045430.3 (interacts with) Solyc12g014290.2"
"interacts with","0.382257","Solyc04g045430.3 (interacts with) Solyc08g079120.2","1.0E-10","false","interacts with","Solyc04g045430.3 (interacts with) Solyc08g079120.2"
"interacts with","0.596373","Solyc04g045430.3 (interacts with) Solyc04g077510.3","1.0E-20","false","interacts with","Solyc04g045430.3 (interacts with) Solyc04g077510.3"
"interacts with","0.186304","Solyc05g009880.3 (interacts with) Solyc08g006240.2","1.0E-5","false","interacts with","Solyc05g009880.3 (interacts with) Solyc08g006240.2"
"interacts with","0.648185","Solyc05g009880.3 (interacts with) Solyc10g084340.2","1.0E-20","false","interacts with","Solyc05g009880.3 (interacts with) Solyc10g084340.2"
"interacts with","0.537297","Solyc07g005400.3 (interacts with) Solyc11g069190.2","1.0E-15","false","interacts with","Solyc07g005400.3 (interacts with) Solyc11g069190.2"
"interacts with","0.566211","Solyc07g018290.3 (interacts with) Solyc10g079070.2","1.0E-15","false","interacts with","Solyc07g018290.3 (interacts with) Solyc10g079070.2"
"interacts with","0.591144","Solyc07g005400.3 (interacts with) Solyc08g068320.3","1.0E-20","false","interacts with","Solyc07g005400.3 (interacts with) Solyc08g068320.3"
"interacts with","0.606311","Solyc07g018290.3 (interacts with) Solyc08g076370.3","1.0E-20","false","interacts with","Solyc07g018290.3 (interacts with) Solyc08g076370.3"
"interacts with","0.590904","Solyc07g005400.3 (interacts with) Solyc07g052960.2","1.0E-20","false","interacts with","Solyc07g005400.3 (interacts with) Solyc07g052960.2"
"interacts with","0.589276","Solyc07g018290.3 (interacts with) Solyc10g005330.3","1.0E-20","false","interacts with","Solyc07g018290.3 (interacts with) Solyc10g005330.3"
"interacts with","0.454915","Solyc07g005400.3 (interacts with) Solyc11g013150.1","1.0E-15","false","interacts with","Solyc07g005400.3 (interacts with) Solyc11g013150.1"
"interacts with","0.58498","Solyc07g018290.3 (interacts with) Solyc08g006530.3","1.0E-20","false","interacts with","Solyc07g018290.3 (interacts with) Solyc08g006530.3"
"interacts with","0.556284","Solyc07g005400.3 (interacts with) Solyc09g007260.3","1.0E-15","false","interacts with","Solyc07g005400.3 (interacts with) Solyc09g007260.3"
"interacts with","0.576282","Solyc07g005400.3 (interacts with) Solyc11g071300.2","1.0E-20","false","interacts with","Solyc07g005400.3 (interacts with) Solyc11g071300.2"
"interacts with","0.115859","Solyc06g042951.1 (interacts with) Solyc08g006240.2","0.1","false","interacts with","Solyc06g042951.1 (interacts with) Solyc08g006240.2"
"interacts with","0.36919","Solyc07g018290.3 (interacts with) Solyc12g005420.2","1.0E-10","false","interacts with","Solyc07g018290.3 (interacts with) Solyc12g005420.2"
"interacts with","0.539118","Solyc07g005400.3 (interacts with) Solyc07g043580.3","1.0E-15","false","interacts with","Solyc07g005400.3 (interacts with) Solyc07g043580.3"
"interacts with","0.137871","Solyc06g042951.1 (interacts with) Solyc12g087830.2","0.1","false","interacts with","Solyc06g042951.1 (interacts with) Solyc12g087830.2"
"interacts with","0.535158","Solyc01g090790.3 (interacts with) Solyc05g007770.3","1.0E-15","false","interacts with","Solyc01g090790.3 (interacts with) Solyc05g007770.3"
"interacts with","0.572189","Solyc01g090790.3 (interacts with) Solyc06g061030.3","1.0E-20","false","interacts with","Solyc01g090790.3 (interacts with) Solyc06g061030.3"
"interacts with","0.569419","Solyc07g005400.3 (interacts with) Solyc10g018780.2","1.0E-15","false","interacts with","Solyc07g005400.3 (interacts with) Solyc10g018780.2"
"interacts with","0.556289","Solyc01g090790.3 (interacts with) Solyc06g036170.1","1.0E-15","false","interacts with","Solyc01g090790.3 (interacts with) Solyc06g036170.1"
"interacts with","0.521132","Solyc07g005400.3 (interacts with) Solyc11g072500.2","1.0E-15","false","interacts with","Solyc07g005400.3 (interacts with) Solyc11g072500.2"
"interacts with","0.552382","Solyc01g090790.3 (interacts with) Solyc01g091000.3","1.0E-15","false","interacts with","Solyc01g090790.3 (interacts with) Solyc01g091000.3"
"interacts with","0.576968","Solyc07g005400.3 (interacts with) Solyc08g066500.3","1.0E-20","false","interacts with","Solyc07g005400.3 (interacts with) Solyc08g066500.3"
"interacts with","0.568166","Solyc01g090790.3 (interacts with) Solyc02g085340.1","1.0E-15","false","interacts with","Solyc01g090790.3 (interacts with) Solyc02g085340.1"
"interacts with","0.543812","Solyc07g005400.3 (interacts with) Solyc10g006880.3","1.0E-15","false","interacts with","Solyc07g005400.3 (interacts with) Solyc10g006880.3"
"interacts with","0.523298","Solyc01g090790.3 (interacts with) Solyc06g076820.1","1.0E-15","false","interacts with","Solyc01g090790.3 (interacts with) Solyc06g076820.1"
"interacts with","0.549886","Solyc07g005400.3 (interacts with) Solyc10g086640.2","1.0E-15","false","interacts with","Solyc07g005400.3 (interacts with) Solyc10g086640.2"
"interacts with","0.541449","Solyc01g090790.3 (interacts with) Solyc02g021680.3","1.0E-15","false","interacts with","Solyc01g090790.3 (interacts with) Solyc02g021680.3"
"interacts with","0.539216","Solyc01g090790.3 (interacts with) Solyc10g078430.2","1.0E-15","false","interacts with","Solyc01g090790.3 (interacts with) Solyc10g078430.2"
"interacts with","0.562791","Solyc07g005400.3 (interacts with) Solyc08g006530.3","1.0E-15","false","interacts with","Solyc07g005400.3 (interacts with) Solyc08g006530.3"
"interacts with","0.502718","Solyc03g026020.3 (interacts with) Solyc11g065700.2","1.0E-15","false","interacts with","Solyc03g026020.3 (interacts with) Solyc11g065700.2"
"interacts with","0.551525","Solyc01g090790.3 (interacts with) Solyc05g052410.2","1.0E-15","false","interacts with","Solyc01g090790.3 (interacts with) Solyc05g052410.2"
"interacts with","0.524","Solyc07g005400.3 (interacts with) Solyc07g042260.3","1.0E-15","false","interacts with","Solyc07g005400.3 (interacts with) Solyc07g042260.3"
"interacts with","0.513135","Solyc01g090790.3 (interacts with) Solyc11g072600.2","1.0E-15","false","interacts with","Solyc01g090790.3 (interacts with) Solyc11g072600.2"
"interacts with","0.552336","Solyc01g090790.3 (interacts with) Solyc01g107170.2","1.0E-15","false","interacts with","Solyc01g090790.3 (interacts with) Solyc01g107170.2"
"interacts with","0.551931","Solyc01g090790.3 (interacts with) Solyc11g044320.2","1.0E-15","false","interacts with","Solyc01g090790.3 (interacts with) Solyc11g044320.2"
"interacts with","0.599203","Solyc01g090790.3 (interacts with) Solyc02g067320.2","1.0E-20","false","interacts with","Solyc01g090790.3 (interacts with) Solyc02g067320.2"
"interacts with","0.411846","Solyc03g026020.3 (interacts with) Solyc06g053720.2","1.0E-10","false","interacts with","Solyc03g026020.3 (interacts with) Solyc06g053720.2"
"interacts with","0.572741","Solyc01g090790.3 (interacts with) Solyc03g112390.3","1.0E-20","false","interacts with","Solyc01g090790.3 (interacts with) Solyc03g112390.3"
"interacts with","0.471647","Solyc03g026020.3 (interacts with) Solyc12g056860.2","1.0E-15","false","interacts with","Solyc03g026020.3 (interacts with) Solyc12g056860.2"
"interacts with","0.419992","Solyc01g090790.3 (interacts with) Solyc12g098620.2","1.0E-10","false","interacts with","Solyc01g090790.3 (interacts with) Solyc12g098620.2"
"interacts with","0.565076","Solyc03g026020.3 (interacts with) Solyc07g043330.2","1.0E-15","false","interacts with","Solyc03g026020.3 (interacts with) Solyc07g043330.2"
"interacts with","0.373105","Solyc03g026020.3 (interacts with) Solyc08g082210.3","1.0E-10","false","interacts with","Solyc03g026020.3 (interacts with) Solyc08g082210.3"
"interacts with","0.555511","Solyc01g090790.3 (interacts with) Solyc07g041640.3","1.0E-15","false","interacts with","Solyc01g090790.3 (interacts with) Solyc07g041640.3"
"interacts with","0.559442","Solyc01g090790.3 (interacts with) Solyc05g012020.3","1.0E-15","false","interacts with","Solyc01g090790.3 (interacts with) Solyc05g012020.3"
"interacts with","0.467728","Solyc03g026020.3 (interacts with) Solyc03g082550.3","1.0E-15","false","interacts with","Solyc03g026020.3 (interacts with) Solyc03g082550.3"
"interacts with","0.581204","Solyc03g026020.3 (interacts with) Solyc04g005800.3","1.0E-20","false","interacts with","Solyc03g026020.3 (interacts with) Solyc04g005800.3"
"interacts with","0.526647","Solyc01g090790.3 (interacts with) Solyc06g065040.3","1.0E-15","false","interacts with","Solyc01g090790.3 (interacts with) Solyc06g065040.3"
"interacts with","0.495654","Solyc01g090790.3 (interacts with) Solyc12g014610.2","1.0E-15","false","interacts with","Solyc01g090790.3 (interacts with) Solyc12g014610.2"
"interacts with","0.536145","Solyc01g090790.3 (interacts with) Solyc11g069190.2","1.0E-15","false","interacts with","Solyc01g090790.3 (interacts with) Solyc11g069190.2"
"interacts with","0.561915","Solyc01g090790.3 (interacts with) Solyc06g082300.3","1.0E-15","false","interacts with","Solyc01g090790.3 (interacts with) Solyc06g082300.3"
"interacts with","0.567605","Solyc03g026020.3 (interacts with) Solyc06g075140.3","1.0E-15","false","interacts with","Solyc03g026020.3 (interacts with) Solyc06g075140.3"
"interacts with","0.526685","Solyc01g090790.3 (interacts with) Solyc07g055100.3","1.0E-15","false","interacts with","Solyc01g090790.3 (interacts with) Solyc07g055100.3"
"interacts with","0.574386","Solyc01g090790.3 (interacts with) Solyc08g006530.3","1.0E-20","false","interacts with","Solyc01g090790.3 (interacts with) Solyc08g006530.3"
"interacts with","0.539488","Solyc01g090790.3 (interacts with) Solyc12g096500.2","1.0E-15","false","interacts with","Solyc01g090790.3 (interacts with) Solyc12g096500.2"
"interacts with","0.543538","Solyc01g090790.3 (interacts with) Solyc02g090820.3","1.0E-15","false","interacts with","Solyc01g090790.3 (interacts with) Solyc02g090820.3"
"interacts with","0.543993","Solyc01g090790.3 (interacts with) Solyc10g079070.2","1.0E-15","false","interacts with","Solyc01g090790.3 (interacts with) Solyc10g079070.2"
"interacts with","0.52718","Solyc01g090790.3 (interacts with) Solyc07g018010.3","1.0E-15","false","interacts with","Solyc01g090790.3 (interacts with) Solyc07g018010.3"
"interacts with","0.847306","Solyc03g026020.3 (interacts with) Solyc04g078640.2","1.0E-25","false","interacts with","Solyc03g026020.3 (interacts with) Solyc04g078640.2"
"interacts with","0.592001","Solyc01g090790.3 (interacts with) Solyc06g065440.1","1.0E-20","false","interacts with","Solyc01g090790.3 (interacts with) Solyc06g065440.1"
"interacts with","0.786902","Solyc03g026020.3 (interacts with) Solyc06g036170.1","1.0E-25","false","interacts with","Solyc03g026020.3 (interacts with) Solyc06g036170.1"
"interacts with","0.5619","Solyc01g090790.3 (interacts with) Solyc02g065350.3","1.0E-15","false","interacts with","Solyc01g090790.3 (interacts with) Solyc02g065350.3"
"interacts with","0.546462","Solyc01g090790.3 (interacts with) Solyc03g121840.3","1.0E-15","false","interacts with","Solyc01g090790.3 (interacts with) Solyc03g121840.3"
"interacts with","0.542755","Solyc01g090790.3 (interacts with) Solyc03g120890.3","1.0E-15","false","interacts with","Solyc01g090790.3 (interacts with) Solyc03g120890.3"
"interacts with","0.292041","Solyc03g026020.3 (interacts with) Solyc10g008160.3","1.0E-10","false","interacts with","Solyc03g026020.3 (interacts with) Solyc10g008160.3"
"interacts with","0.56665","Solyc01g090790.3 (interacts with) Solyc10g079050.2","1.0E-15","false","interacts with","Solyc01g090790.3 (interacts with) Solyc10g079050.2"
"interacts with","0.609909","Solyc03g026020.3 (interacts with) Solyc07g066220.3","1.0E-20","false","interacts with","Solyc03g026020.3 (interacts with) Solyc07g066220.3"
"interacts with","0.551073","Solyc01g090790.3 (interacts with) Solyc10g078700.2","1.0E-15","false","interacts with","Solyc01g090790.3 (interacts with) Solyc10g078700.2"
"interacts with","0.151255","Solyc03g026020.3 (interacts with) Solyc04g056460.1","1.0E-5","false","interacts with","Solyc03g026020.3 (interacts with) Solyc04g056460.1"
"interacts with","0.579763","Solyc01g090790.3 (interacts with) Solyc10g018780.2","1.0E-20","false","interacts with","Solyc01g090790.3 (interacts with) Solyc10g018780.2"
"interacts with","0.543619","Solyc01g090790.3 (interacts with) Solyc03g044300.3","1.0E-15","false","interacts with","Solyc01g090790.3 (interacts with) Solyc03g044300.3"
"interacts with","0.528435","Solyc01g090790.3 (interacts with) Solyc09g066060.2","1.0E-15","false","interacts with","Solyc01g090790.3 (interacts with) Solyc09g066060.2"
"interacts with","0.184615","Solyc03g026020.3 (interacts with) Solyc08g006240.2","1.0E-5","false","interacts with","Solyc03g026020.3 (interacts with) Solyc08g006240.2"
"interacts with","0.542827","Solyc01g090790.3 (interacts with) Solyc06g069430.3","1.0E-15","false","interacts with","Solyc01g090790.3 (interacts with) Solyc06g069430.3"
"interacts with","0.51526","Solyc01g090790.3 (interacts with) Solyc03g120620.3","1.0E-15","false","interacts with","Solyc01g090790.3 (interacts with) Solyc03g120620.3"
"interacts with","0.670574","Solyc03g026020.3 (interacts with) Solyc09g089550.3","1.0E-20","false","interacts with","Solyc03g026020.3 (interacts with) Solyc09g089550.3"
"interacts with","0.321384","Solyc01g090790.3 (interacts with) Solyc04g007000.1","1.0E-10","false","interacts with","Solyc01g090790.3 (interacts with) Solyc04g007000.1"
"interacts with","0.391565","Solyc02g062960.3 (interacts with) Solyc07g052960.2","1.0E-10","false","interacts with","Solyc02g062960.3 (interacts with) Solyc07g052960.2"
"interacts with","0.684412","Solyc03g026020.3 (interacts with) Solyc06g063070.3","1.0E-20","false","interacts with","Solyc03g026020.3 (interacts with) Solyc06g063070.3"
"interacts with","0.544959","Solyc01g090790.3 (interacts with) Solyc05g056120.3","1.0E-15","false","interacts with","Solyc01g090790.3 (interacts with) Solyc05g056120.3"
"interacts with","0.522785","Solyc01g090790.3 (interacts with) Solyc11g013150.1","1.0E-15","false","interacts with","Solyc01g090790.3 (interacts with) Solyc11g013150.1"
"interacts with","0.584963","Solyc01g090790.3 (interacts with) Solyc08g063040.3","1.0E-20","false","interacts with","Solyc01g090790.3 (interacts with) Solyc08g063040.3"
"interacts with","0.382958","Solyc02g062960.3 (interacts with) Solyc02g077920.3","1.0E-10","false","interacts with","Solyc02g062960.3 (interacts with) Solyc02g077920.3"
"interacts with","0.534853","Solyc01g090790.3 (interacts with) Solyc12g007070.2","1.0E-15","false","interacts with","Solyc01g090790.3 (interacts with) Solyc12g007070.2"
"interacts with","0.536277","Solyc01g090790.3 (interacts with) Solyc08g014030.1","1.0E-15","false","interacts with","Solyc01g090790.3 (interacts with) Solyc08g014030.1"
"interacts with","0.412389","Solyc02g062960.3 (interacts with) Solyc08g076370.3","1.0E-10","false","interacts with","Solyc02g062960.3 (interacts with) Solyc08g076370.3"
"interacts with","0.360559","Solyc03g026020.3 (interacts with) Solyc09g090790.3","1.0E-10","false","interacts with","Solyc03g026020.3 (interacts with) Solyc09g090790.3"
"interacts with","0.549818","Solyc01g090790.3 (interacts with) Solyc12g098370.2","1.0E-15","false","interacts with","Solyc01g090790.3 (interacts with) Solyc12g098370.2"
"interacts with","0.535712","Solyc01g090790.3 (interacts with) Solyc03g117720.3","1.0E-15","false","interacts with","Solyc01g090790.3 (interacts with) Solyc03g117720.3"
"interacts with","0.497607","Solyc01g090790.3 (interacts with) Solyc02g084630.3","1.0E-15","false","interacts with","Solyc01g090790.3 (interacts with) Solyc02g084630.3"
"interacts with","0.410396","Solyc02g062960.3 (interacts with) Solyc04g077510.3","1.0E-10","false","interacts with","Solyc02g062960.3 (interacts with) Solyc04g077510.3"
"interacts with","0.755476","Solyc03g026020.3 (interacts with) Solyc12g098520.2","1.0E-25","false","interacts with","Solyc03g026020.3 (interacts with) Solyc12g098520.2"
"interacts with","0.557537","Solyc01g090790.3 (interacts with) Solyc06g062670.3","1.0E-15","false","interacts with","Solyc01g090790.3 (interacts with) Solyc06g062670.3"
"interacts with","0.249547","Solyc02g062960.3 (interacts with) Solyc09g009250.3","1.0E-5","false","interacts with","Solyc02g062960.3 (interacts with) Solyc09g009250.3"
"interacts with","0.318102","Solyc03g026020.3 (interacts with) Solyc04g007000.1","1.0E-10","false","interacts with","Solyc03g026020.3 (interacts with) Solyc04g007000.1"
"interacts with","0.539779","Solyc01g090790.3 (interacts with) Solyc06g069385.1","1.0E-15","false","interacts with","Solyc01g090790.3 (interacts with) Solyc06g069385.1"
"interacts with","0.815584","Solyc03g026020.3 (interacts with) Solyc04g071160.3","1.0E-25","false","interacts with","Solyc03g026020.3 (interacts with) Solyc04g071160.3"
"interacts with","0.382548","Solyc02g062960.3 (interacts with) Solyc12g096500.2","1.0E-10","false","interacts with","Solyc02g062960.3 (interacts with) Solyc12g096500.2"
"interacts with","0.523021","Solyc03g026020.3 (interacts with) Solyc06g062460.3","1.0E-15","false","interacts with","Solyc03g026020.3 (interacts with) Solyc06g062460.3"
"interacts with","0.406295","Solyc02g062960.3 (interacts with) Solyc06g062460.3","1.0E-10","false","interacts with","Solyc02g062960.3 (interacts with) Solyc06g062460.3"
"interacts with","0.652325","Solyc03g026020.3 (interacts with) Solyc08g076860.3","1.0E-20","false","interacts with","Solyc03g026020.3 (interacts with) Solyc08g076860.3"
"interacts with","0.423998","Solyc02g062960.3 (interacts with) Solyc08g006530.3","1.0E-10","false","interacts with","Solyc02g062960.3 (interacts with) Solyc08g006530.3"
"interacts with","0.593891","Solyc03g026020.3 (interacts with) Solyc09g010840.1","1.0E-20","false","interacts with","Solyc03g026020.3 (interacts with) Solyc09g010840.1"
"interacts with","0.229476","Solyc01g009860.3 (interacts with) Solyc08g076860.3","1.0E-5","false","interacts with","Solyc01g009860.3 (interacts with) Solyc08g076860.3"
"interacts with","0.398551","Solyc02g062960.3 (interacts with) Solyc03g097820.2","1.0E-10","false","interacts with","Solyc02g062960.3 (interacts with) Solyc03g097820.2"
"interacts with","0.615027","Solyc03g026020.3 (interacts with) Solyc10g084380.1","1.0E-20","false","interacts with","Solyc03g026020.3 (interacts with) Solyc10g084380.1"
"interacts with","0.254259","Solyc01g009860.3 (interacts with) Solyc05g009350.3","1.0E-5","false","interacts with","Solyc01g009860.3 (interacts with) Solyc05g009350.3"
"interacts with","0.433015","Solyc03g026020.3 (interacts with) Solyc10g080480.2","1.0E-15","false","interacts with","Solyc03g026020.3 (interacts with) Solyc10g080480.2"
"interacts with","0.517828","Solyc03g026020.3 (interacts with) Solyc04g076530.3","1.0E-15","false","interacts with","Solyc03g026020.3 (interacts with) Solyc04g076530.3"
"interacts with","0.24152","Solyc01g009860.3 (interacts with) Solyc02g085340.1","1.0E-5","false","interacts with","Solyc01g009860.3 (interacts with) Solyc02g085340.1"
"interacts with","0.423866","Solyc02g062960.3 (interacts with) Solyc04g074810.3","1.0E-10","false","interacts with","Solyc02g062960.3 (interacts with) Solyc04g074810.3"
"interacts with","0.348712","Solyc05g052850.3 (interacts with) Solyc08g060840.1","1.0E-10","false","interacts with","Solyc05g052850.3 (interacts with) Solyc08g060840.1"
"interacts with","0.547261","Solyc10g008880.3 (interacts with) Solyc11g012510.2","1.0E-15","false","interacts with","Solyc10g008880.3 (interacts with) Solyc11g012510.2"
"interacts with","0.33475","Solyc05g052850.3 (interacts with) Solyc06g069430.3","1.0E-10","false","interacts with","Solyc05g052850.3 (interacts with) Solyc06g069430.3"
"interacts with","0.338047","Solyc05g052850.3 (interacts with) Solyc08g029090.3","1.0E-10","false","interacts with","Solyc05g052850.3 (interacts with) Solyc08g029090.3"
"interacts with","0.385005","Solyc02g062960.3 (interacts with) Solyc02g092050.3","1.0E-10","false","interacts with","Solyc02g062960.3 (interacts with) Solyc02g092050.3"
"interacts with","0.345883","Solyc05g052850.3 (interacts with) Solyc08g079100.3","1.0E-10","false","interacts with","Solyc05g052850.3 (interacts with) Solyc08g079100.3"
"interacts with","0.413586","Solyc02g062960.3 (interacts with) Solyc08g066500.3","1.0E-10","false","interacts with","Solyc02g062960.3 (interacts with) Solyc08g066500.3"
"interacts with","0.232594","Solyc01g009860.3 (interacts with) Solyc10g079150.2","1.0E-5","false","interacts with","Solyc01g009860.3 (interacts with) Solyc10g079150.2"
"interacts with","0.383739","Solyc02g062960.3 (interacts with) Solyc08g082630.3","1.0E-10","false","interacts with","Solyc02g062960.3 (interacts with) Solyc08g082630.3"
"interacts with","0.240702","Solyc01g009860.3 (interacts with) Solyc08g066500.3","1.0E-5","false","interacts with","Solyc01g009860.3 (interacts with) Solyc08g066500.3"
"interacts with","0.38318","Solyc02g062960.3 (interacts with) Solyc08g005430.3","1.0E-10","false","interacts with","Solyc02g062960.3 (interacts with) Solyc08g005430.3"
"interacts with","0.232187","Solyc01g009860.3 (interacts with) Solyc07g063420.3","1.0E-5","false","interacts with","Solyc01g009860.3 (interacts with) Solyc07g063420.3"
"interacts with","0.240525","Solyc01g009860.3 (interacts with) Solyc04g045430.3","1.0E-5","false","interacts with","Solyc01g009860.3 (interacts with) Solyc04g045430.3"
"interacts with","0.243585","Solyc01g009860.3 (interacts with) Solyc03g026020.3","1.0E-5","false","interacts with","Solyc01g009860.3 (interacts with) Solyc03g026020.3"
"interacts with","0.19442","Solyc06g082770.3 (interacts with) Solyc08g076860.3","1.0E-5","false","interacts with","Solyc06g082770.3 (interacts with) Solyc08g076860.3"
"interacts with","0.230054","Solyc01g009860.3 (interacts with) Solyc10g008880.3","1.0E-5","false","interacts with","Solyc01g009860.3 (interacts with) Solyc10g008880.3"
"interacts with","0.233775","Solyc01g009860.3 (interacts with) Solyc08g078800.1","1.0E-5","false","interacts with","Solyc01g009860.3 (interacts with) Solyc08g078800.1"
"interacts with","0.232246","Solyc01g009860.3 (interacts with) Solyc12g056860.2","1.0E-5","false","interacts with","Solyc01g009860.3 (interacts with) Solyc12g056860.2"
"interacts with","0.506981","Solyc12g014610.2 (interacts with) Solyc12g044610.2","1.0E-15","false","interacts with","Solyc12g014610.2 (interacts with) Solyc12g044610.2"
"interacts with","0.506306","Solyc12g014610.2 (interacts with) Solyc12g100140.2","1.0E-15","false","interacts with","Solyc12g014610.2 (interacts with) Solyc12g100140.2"
"interacts with","0.524773","Solyc12g014610.2 (interacts with) Solyc12g096500.2","1.0E-15","false","interacts with","Solyc12g014610.2 (interacts with) Solyc12g096500.2"
"interacts with","0.490474","Solyc12g014610.2 (interacts with) Solyc12g098370.2","1.0E-15","false","interacts with","Solyc12g014610.2 (interacts with) Solyc12g098370.2"
"interacts with","0.295874","Solyc03g120620.3 (interacts with) Solyc10g008160.3","1.0E-10","false","interacts with","Solyc03g120620.3 (interacts with) Solyc10g008160.3"
"interacts with","0.440858","Solyc03g120620.3 (interacts with) Solyc10g081320.1","1.0E-15","false","interacts with","Solyc03g120620.3 (interacts with) Solyc10g081320.1"
"interacts with","0.511111","Solyc03g120620.3 (interacts with) Solyc08g079100.3","1.0E-15","false","interacts with","Solyc03g120620.3 (interacts with) Solyc08g079100.3"
"interacts with","0.525938","Solyc03g120620.3 (interacts with) Solyc03g121840.3","1.0E-15","false","interacts with","Solyc03g120620.3 (interacts with) Solyc03g121840.3"
"interacts with","0.516937","Solyc03g120620.3 (interacts with) Solyc09g065670.3","1.0E-15","false","interacts with","Solyc03g120620.3 (interacts with) Solyc09g065670.3"
"interacts with","0.483399","Solyc03g120620.3 (interacts with) Solyc11g069890.2","1.0E-15","false","interacts with","Solyc03g120620.3 (interacts with) Solyc11g069890.2"
"interacts with","0.491977","Solyc08g078800.1 (interacts with) Solyc11g010340.2","1.0E-15","false","interacts with","Solyc08g078800.1 (interacts with) Solyc11g010340.2"
"interacts with","0.485147","Solyc03g120620.3 (interacts with) Solyc06g060740.2","1.0E-15","false","interacts with","Solyc03g120620.3 (interacts with) Solyc06g060740.2"
"interacts with","0.566988","Solyc03g120620.3 (interacts with) Solyc11g069190.2","1.0E-15","false","interacts with","Solyc03g120620.3 (interacts with) Solyc11g069190.2"
"interacts with","0.533665","Solyc03g120620.3 (interacts with) Solyc06g065040.3","1.0E-15","false","interacts with","Solyc03g120620.3 (interacts with) Solyc06g065040.3"
"interacts with","0.592241","Solyc08g078800.1 (interacts with) Solyc09g082505.1","1.0E-20","false","interacts with","Solyc08g078800.1 (interacts with) Solyc09g082505.1"
"interacts with","0.59178","Solyc08g078800.1 (interacts with) Solyc11g071300.2","1.0E-20","false","interacts with","Solyc08g078800.1 (interacts with) Solyc11g071300.2"
"interacts with","0.249798","Solyc08g078800.1 (interacts with) Solyc09g015110.2","1.0E-5","false","interacts with","Solyc08g078800.1 (interacts with) Solyc09g015110.2"
"interacts with","0.54108","Solyc08g078800.1 (interacts with) Solyc11g011260.1","1.0E-15","false","interacts with","Solyc08g078800.1 (interacts with) Solyc11g011260.1"
"interacts with","0.346026","Solyc04g007000.1 (interacts with) Solyc12g014610.2","1.0E-10","false","interacts with","Solyc04g007000.1 (interacts with) Solyc12g014610.2"
"interacts with","0.210447","Solyc08g076710.3 (interacts with) Solyc09g082505.1","1.0E-5","false","interacts with","Solyc08g076710.3 (interacts with) Solyc09g082505.1"
"interacts with","0.332902","Solyc04g007000.1 (interacts with) Solyc06g063070.3","1.0E-10","false","interacts with","Solyc04g007000.1 (interacts with) Solyc06g063070.3"
"interacts with","0.542042","Solyc01g010135.1 (interacts with) Solyc02g024070.3","1.0E-15","false","interacts with","Solyc01g010135.1 (interacts with) Solyc02g024070.3"
"interacts with","0.533443","Solyc01g010135.1 (interacts with) Solyc10g084180.2","1.0E-15","false","interacts with","Solyc01g010135.1 (interacts with) Solyc10g084180.2"
"interacts with","0.348519","Solyc04g007000.1 (interacts with) Solyc12g007070.2","1.0E-10","false","interacts with","Solyc04g007000.1 (interacts with) Solyc12g007070.2"
"interacts with","0.137896","Solyc01g010135.1 (interacts with) Solyc01g098065.1","0.1","false","interacts with","Solyc01g010135.1 (interacts with) Solyc01g098065.1"
"interacts with","0.318835","Solyc04g007000.1 (interacts with) Solyc10g079050.2","1.0E-10","false","interacts with","Solyc04g007000.1 (interacts with) Solyc10g079050.2"
"interacts with","0.545889","Solyc01g010135.1 (interacts with) Solyc08g078800.1","1.0E-15","false","interacts with","Solyc01g010135.1 (interacts with) Solyc08g078800.1"
"interacts with","0.32159","Solyc04g007000.1 (interacts with) Solyc10g084380.1","1.0E-10","false","interacts with","Solyc04g007000.1 (interacts with) Solyc10g084380.1"
"interacts with","0.516082","Solyc01g010135.1 (interacts with) Solyc05g053240.3","1.0E-15","false","interacts with","Solyc01g010135.1 (interacts with) Solyc05g053240.3"
"interacts with","0.352806","Solyc04g007000.1 (interacts with) Solyc05g007770.3","1.0E-10","false","interacts with","Solyc04g007000.1 (interacts with) Solyc05g007770.3"
"interacts with","0.550667","Solyc01g010135.1 (interacts with) Solyc05g007180.3","1.0E-15","false","interacts with","Solyc01g010135.1 (interacts with) Solyc05g007180.3"
"interacts with","0.324916","Solyc04g007000.1 (interacts with) Solyc08g006530.3","1.0E-10","false","interacts with","Solyc04g007000.1 (interacts with) Solyc08g006530.3"
"interacts with","0.590996","Solyc01g010135.1 (interacts with) Solyc07g052960.2","1.0E-20","false","interacts with","Solyc01g010135.1 (interacts with) Solyc07g052960.2"
"interacts with","0.588134","Solyc08g014030.1 (interacts with) Solyc11g069190.2","1.0E-20","false","interacts with","Solyc08g014030.1 (interacts with) Solyc11g069190.2"
"interacts with","0.295016","Solyc01g010135.1 (interacts with) Solyc06g068870.3","1.0E-10","false","interacts with","Solyc01g010135.1 (interacts with) Solyc06g068870.3"
"interacts with","0.571055","Solyc08g014030.1 (interacts with) Solyc10g078700.2","1.0E-15","false","interacts with","Solyc08g014030.1 (interacts with) Solyc10g078700.2"
"interacts with","0.556325","Solyc01g010135.1 (interacts with) Solyc07g043580.3","1.0E-15","false","interacts with","Solyc01g010135.1 (interacts with) Solyc07g043580.3"
"interacts with","0.533782","Solyc08g014030.1 (interacts with) Solyc08g078300.3","1.0E-15","false","interacts with","Solyc08g014030.1 (interacts with) Solyc08g078300.3"
"interacts with","0.623615","Solyc08g014030.1 (interacts with) Solyc10g079070.2","1.0E-20","false","interacts with","Solyc08g014030.1 (interacts with) Solyc10g079070.2"
"interacts with","0.583865","Solyc01g010135.1 (interacts with) Solyc08g066500.3","1.0E-20","false","interacts with","Solyc01g010135.1 (interacts with) Solyc08g066500.3"
"interacts with","0.526769","Solyc08g014030.1 (interacts with) Solyc11g069890.2","1.0E-15","false","interacts with","Solyc08g014030.1 (interacts with) Solyc11g069890.2"
"interacts with","0.225001","Solyc10g081490.2 (interacts with) Solyc12g014290.2","1.0E-5","false","interacts with","Solyc10g081490.2 (interacts with) Solyc12g014290.2"
"interacts with","0.543442","Solyc01g010135.1 (interacts with) Solyc07g042260.3","1.0E-15","false","interacts with","Solyc01g010135.1 (interacts with) Solyc07g042260.3"
"interacts with","0.589216","Solyc08g014030.1 (interacts with) Solyc10g005330.3","1.0E-20","false","interacts with","Solyc08g014030.1 (interacts with) Solyc10g005330.3"
"interacts with","0.552591","Solyc01g010135.1 (interacts with) Solyc10g079070.2","1.0E-15","false","interacts with","Solyc01g010135.1 (interacts with) Solyc10g079070.2"
"interacts with","0.601177","Solyc08g014030.1 (interacts with) Solyc12g089240.2","1.0E-20","false","interacts with","Solyc08g014030.1 (interacts with) Solyc12g089240.2"
"interacts with","0.228475","Solyc10g081490.2 (interacts with) Solyc11g005380.2","1.0E-5","false","interacts with","Solyc10g081490.2 (interacts with) Solyc11g005380.2"
"interacts with","0.284447","Solyc08g014030.1 (interacts with) Solyc10g083567.1","1.0E-5","false","interacts with","Solyc08g014030.1 (interacts with) Solyc10g083567.1"
"interacts with","0.246323","Solyc10g081490.2 (interacts with) Solyc12g014140.2","1.0E-5","false","interacts with","Solyc10g081490.2 (interacts with) Solyc12g014140.2"
"interacts with","0.237184","Solyc10g081490.2 (interacts with) Solyc11g010340.2","1.0E-5","false","interacts with","Solyc10g081490.2 (interacts with) Solyc11g010340.2"
"interacts with","0.541908","Solyc01g010135.1 (interacts with) Solyc09g082505.1","1.0E-15","false","interacts with","Solyc01g010135.1 (interacts with) Solyc09g082505.1"
"interacts with","0.579889","Solyc01g010135.1 (interacts with) Solyc04g077510.3","1.0E-20","false","interacts with","Solyc01g010135.1 (interacts with) Solyc04g077510.3"
"interacts with","0.584433","Solyc01g010135.1 (interacts with) Solyc06g049040.3","1.0E-20","false","interacts with","Solyc01g010135.1 (interacts with) Solyc06g049040.3"
"interacts with","0.525357","Solyc01g010135.1 (interacts with) Solyc03g114720.3","1.0E-15","false","interacts with","Solyc01g010135.1 (interacts with) Solyc03g114720.3"
"interacts with","0.662971","Solyc01g010135.1 (interacts with) Solyc03g031970.3","1.0E-20","false","interacts with","Solyc01g010135.1 (interacts with) Solyc03g031970.3"
"interacts with","0.56846","Solyc01g010135.1 (interacts with) Solyc06g083170.3","1.0E-15","false","interacts with","Solyc01g010135.1 (interacts with) Solyc06g083170.3"
"interacts with","0.452837","Solyc04g008050.3 (interacts with) Solyc08g078800.1","1.0E-15","false","interacts with","Solyc04g008050.3 (interacts with) Solyc08g078800.1"
"interacts with","0.442822","Solyc04g008050.3 (interacts with) Solyc05g020020.3","1.0E-15","false","interacts with","Solyc04g008050.3 (interacts with) Solyc05g020020.3"
"interacts with","0.471311","Solyc06g069850.3 (interacts with) Solyc08g029090.3","1.0E-15","false","interacts with","Solyc06g069850.3 (interacts with) Solyc08g029090.3"
"interacts with","0.447446","Solyc04g008050.3 (interacts with) Solyc05g053240.3","1.0E-15","false","interacts with","Solyc04g008050.3 (interacts with) Solyc05g053240.3"
"interacts with","0.237432","Solyc06g069850.3 (interacts with) Solyc11g069500.2","1.0E-5","false","interacts with","Solyc06g069850.3 (interacts with) Solyc11g069500.2"
"interacts with","0.410237","Solyc04g008050.3 (interacts with) Solyc10g006880.3","1.0E-10","false","interacts with","Solyc04g008050.3 (interacts with) Solyc10g006880.3"
"interacts with","0.405981","Solyc04g008050.3 (interacts with) Solyc06g082590.1","1.0E-10","false","interacts with","Solyc04g008050.3 (interacts with) Solyc06g082590.1"
"interacts with","0.402875","Solyc04g008050.3 (interacts with) Solyc11g012510.2","1.0E-10","false","interacts with","Solyc04g008050.3 (interacts with) Solyc11g012510.2"
"interacts with","0.462575","Solyc04g008050.3 (interacts with) Solyc04g009510.3","1.0E-15","false","interacts with","Solyc04g008050.3 (interacts with) Solyc04g009510.3"
"interacts with","0.419422","Solyc04g008050.3 (interacts with) Solyc06g036170.1","1.0E-10","false","interacts with","Solyc04g008050.3 (interacts with) Solyc06g036170.1"
"interacts with","0.42884","Solyc04g008050.3 (interacts with) Solyc10g008880.3","1.0E-10","false","interacts with","Solyc04g008050.3 (interacts with) Solyc10g008880.3"
"interacts with","0.649726","Solyc04g014830.2 (interacts with) Solyc04g078640.2","1.0E-20","false","interacts with","Solyc04g014830.2 (interacts with) Solyc04g078640.2"
"interacts with","0.57411","Solyc04g014830.2 (interacts with) Solyc06g048630.3","1.0E-20","false","interacts with","Solyc04g014830.2 (interacts with) Solyc06g048630.3"
"interacts with","0.546404","Solyc04g014830.2 (interacts with) Solyc10g084180.2","1.0E-15","false","interacts with","Solyc04g014830.2 (interacts with) Solyc10g084180.2"
"interacts with","0.614496","Solyc04g014830.2 (interacts with) Solyc11g017470.2","1.0E-20","false","interacts with","Solyc04g014830.2 (interacts with) Solyc11g017470.2"
"interacts with","0.666562","Solyc04g014830.2 (interacts with) Solyc10g006880.3","1.0E-20","false","interacts with","Solyc04g014830.2 (interacts with) Solyc10g006880.3"
"interacts with","0.463118","Solyc04g014830.2 (interacts with) Solyc11g012510.2","1.0E-15","false","interacts with","Solyc04g014830.2 (interacts with) Solyc11g012510.2"
"interacts with","0.62297","Solyc04g014830.2 (interacts with) Solyc06g069430.3","1.0E-20","false","interacts with","Solyc04g014830.2 (interacts with) Solyc06g069430.3"
"interacts with","0.509127","Solyc04g014830.2 (interacts with) Solyc07g065500.2","1.0E-15","false","interacts with","Solyc04g014830.2 (interacts with) Solyc07g065500.2"
"interacts with","0.508712","Solyc04g014830.2 (interacts with) Solyc05g020020.3","1.0E-15","false","interacts with","Solyc04g014830.2 (interacts with) Solyc05g020020.3"
"interacts with","0.575336","Solyc04g014830.2 (interacts with) Solyc06g065440.1","1.0E-20","false","interacts with","Solyc04g014830.2 (interacts with) Solyc06g065440.1"
"interacts with","0.648786","Solyc04g014830.2 (interacts with) Solyc10g078700.2","1.0E-20","false","interacts with","Solyc04g014830.2 (interacts with) Solyc10g078700.2"
"interacts with","0.624838","Solyc04g014830.2 (interacts with) Solyc05g052410.2","1.0E-20","false","interacts with","Solyc04g014830.2 (interacts with) Solyc05g052410.2"
"interacts with","0.375731","Solyc04g014830.2 (interacts with) Solyc05g055480.3","1.0E-10","false","interacts with","Solyc04g014830.2 (interacts with) Solyc05g055480.3"
"interacts with","0.650609","Solyc04g014830.2 (interacts with) Solyc10g005330.3","1.0E-20","false","interacts with","Solyc04g014830.2 (interacts with) Solyc10g005330.3"
"interacts with","0.601104","Solyc04g014830.2 (interacts with) Solyc07g043580.3","1.0E-20","false","interacts with","Solyc04g014830.2 (interacts with) Solyc07g043580.3"
"interacts with","0.628065","Solyc04g014830.2 (interacts with) Solyc06g063070.3","1.0E-20","false","interacts with","Solyc04g014830.2 (interacts with) Solyc06g063070.3"
"interacts with","0.528893","Solyc04g014830.2 (interacts with) Solyc12g014610.2","1.0E-15","false","interacts with","Solyc04g014830.2 (interacts with) Solyc12g014610.2"
"interacts with","0.4427","Solyc04g014830.2 (interacts with) Solyc06g082590.1","1.0E-15","false","interacts with","Solyc04g014830.2 (interacts with) Solyc06g082590.1"
"interacts with","0.545578","Solyc05g053240.3 (interacts with) Solyc10g006880.3","1.0E-15","false","interacts with","Solyc05g053240.3 (interacts with) Solyc10g006880.3"
"interacts with","0.698965","Solyc04g014830.2 (interacts with) Solyc12g100140.2","1.0E-20","false","interacts with","Solyc04g014830.2 (interacts with) Solyc12g100140.2"
"interacts with","0.518147","Solyc05g053240.3 (interacts with) Solyc11g044320.2","1.0E-15","false","interacts with","Solyc05g053240.3 (interacts with) Solyc11g044320.2"
"interacts with","0.461664","Solyc04g014830.2 (interacts with) Solyc12g099370.2","1.0E-15","false","interacts with","Solyc04g014830.2 (interacts with) Solyc12g099370.2"
"interacts with","0.518598","Solyc05g053240.3 (interacts with) Solyc10g078700.2","1.0E-15","false","interacts with","Solyc05g053240.3 (interacts with) Solyc10g078700.2"
"interacts with","0.484792","Solyc04g014830.2 (interacts with) Solyc12g044610.2","1.0E-15","false","interacts with","Solyc04g014830.2 (interacts with) Solyc12g044610.2"
"interacts with","0.28632","Solyc05g053240.3 (interacts with) Solyc05g053330.3","1.0E-5","false","interacts with","Solyc05g053240.3 (interacts with) Solyc05g053330.3"
"interacts with","0.607261","Solyc04g014830.2 (interacts with) Solyc08g078300.3","1.0E-20","false","interacts with","Solyc04g014830.2 (interacts with) Solyc08g078300.3"
"interacts with","0.513246","Solyc05g053240.3 (interacts with) Solyc07g052700.3","1.0E-15","false","interacts with","Solyc05g053240.3 (interacts with) Solyc07g052700.3"
"interacts with","0.550517","Solyc05g053240.3 (interacts with) Solyc11g011260.1","1.0E-15","false","interacts with","Solyc05g053240.3 (interacts with) Solyc11g011260.1"
"interacts with","0.266157","Solyc05g053330.3 (interacts with) Solyc11g069190.2","1.0E-5","false","interacts with","Solyc05g053330.3 (interacts with) Solyc11g069190.2"
"interacts with","0.521065","Solyc05g053240.3 (interacts with) Solyc06g036170.1","1.0E-15","false","interacts with","Solyc05g053240.3 (interacts with) Solyc06g036170.1"
"interacts with","0.603565","Solyc05g053240.3 (interacts with) Solyc07g042260.3","1.0E-20","false","interacts with","Solyc05g053240.3 (interacts with) Solyc07g042260.3"
"interacts with","0.263715","Solyc05g053330.3 (interacts with) Solyc07g065500.2","1.0E-5","false","interacts with","Solyc05g053330.3 (interacts with) Solyc07g065500.2"
"interacts with","0.607097","Solyc05g053240.3 (interacts with) Solyc10g084180.2","1.0E-20","false","interacts with","Solyc05g053240.3 (interacts with) Solyc10g084180.2"
"interacts with","0.518669","Solyc05g053240.3 (interacts with) Solyc11g072470.2","1.0E-15","false","interacts with","Solyc05g053240.3 (interacts with) Solyc11g072470.2"
"interacts with","0.28328","Solyc05g053330.3 (interacts with) Solyc07g052960.2","1.0E-5","false","interacts with","Solyc05g053330.3 (interacts with) Solyc07g052960.2"
"interacts with","0.510979","Solyc05g053240.3 (interacts with) Solyc12g100140.2","1.0E-15","false","interacts with","Solyc05g053240.3 (interacts with) Solyc12g100140.2"
"interacts with","0.573021","Solyc05g053240.3 (interacts with) Solyc11g069190.2","1.0E-20","false","interacts with","Solyc05g053240.3 (interacts with) Solyc11g069190.2"
"interacts with","0.536627","Solyc05g053240.3 (interacts with) Solyc07g005400.3","1.0E-15","false","interacts with","Solyc05g053240.3 (interacts with) Solyc07g005400.3"
"interacts with","0.129003","Solyc02g094270.2 (interacts with) Solyc05g051200.1","0.1","false","interacts with","Solyc02g094270.2 (interacts with) Solyc05g051200.1"
"interacts with","0.554524","Solyc05g053240.3 (interacts with) Solyc08g078800.1","1.0E-15","false","interacts with","Solyc05g053240.3 (interacts with) Solyc08g078800.1"
"interacts with","0.501608","Solyc05g053240.3 (interacts with) Solyc09g082505.1","1.0E-15","false","interacts with","Solyc05g053240.3 (interacts with) Solyc09g082505.1"
"interacts with","0.533813","Solyc04g009510.3 (interacts with) Solyc04g014830.2","1.0E-15","false","interacts with","Solyc04g009510.3 (interacts with) Solyc04g014830.2"
"interacts with","0.130119","Solyc02g094270.2 (interacts with) Solyc06g069310.3","0.1","false","interacts with","Solyc02g094270.2 (interacts with) Solyc06g069310.3"
"interacts with","0.135979","Solyc05g053240.3 (interacts with) Solyc11g017100.1","0.1","false","interacts with","Solyc05g053240.3 (interacts with) Solyc11g017100.1"
"interacts with","0.546622","Solyc05g053240.3 (interacts with) Solyc07g043580.3","1.0E-15","false","interacts with","Solyc05g053240.3 (interacts with) Solyc07g043580.3"
"interacts with","0.545413","Solyc05g053240.3 (interacts with) Solyc08g068320.3","1.0E-15","false","interacts with","Solyc05g053240.3 (interacts with) Solyc08g068320.3"
"interacts with","0.552999","Solyc05g053240.3 (interacts with) Solyc07g052960.2","1.0E-15","false","interacts with","Solyc05g053240.3 (interacts with) Solyc07g052960.2"
"interacts with","0.529407","Solyc04g009510.3 (interacts with) Solyc06g065440.1","1.0E-15","false","interacts with","Solyc04g009510.3 (interacts with) Solyc06g065440.1"
"interacts with","0.53795","Solyc05g007180.3 (interacts with) Solyc07g052760.2","1.0E-15","false","interacts with","Solyc05g007180.3 (interacts with) Solyc07g052760.2"
"interacts with","0.760673","Solyc05g007180.3 (interacts with) Solyc10g079070.2","1.0E-25","false","interacts with","Solyc05g007180.3 (interacts with) Solyc10g079070.2"
"interacts with","0.483806","Solyc04g009510.3 (interacts with) Solyc05g053240.3","1.0E-15","false","interacts with","Solyc04g009510.3 (interacts with) Solyc05g053240.3"
"interacts with","0.757494","Solyc05g007180.3 (interacts with) Solyc06g053610.3","1.0E-25","false","interacts with","Solyc05g007180.3 (interacts with) Solyc06g053610.3"
"interacts with","0.526172","Solyc04g009510.3 (interacts with) Solyc12g100140.2","1.0E-15","false","interacts with","Solyc04g009510.3 (interacts with) Solyc12g100140.2"
"interacts with","0.689783","Solyc05g007180.3 (interacts with) Solyc08g006530.3","1.0E-20","false","interacts with","Solyc05g007180.3 (interacts with) Solyc08g006530.3"
"interacts with","0.728133","Solyc05g007180.3 (interacts with) Solyc06g069430.3","1.0E-25","false","interacts with","Solyc05g007180.3 (interacts with) Solyc06g069430.3"
"interacts with","0.362106","Solyc05g007180.3 (interacts with) Solyc09g090790.3","1.0E-10","false","interacts with","Solyc05g007180.3 (interacts with) Solyc09g090790.3"
"interacts with","0.727528","Solyc05g007180.3 (interacts with) Solyc10g078700.2","1.0E-25","false","interacts with","Solyc05g007180.3 (interacts with) Solyc10g078700.2"
"interacts with","0.538236","Solyc05g007180.3 (interacts with) Solyc11g072500.2","1.0E-15","false","interacts with","Solyc05g007180.3 (interacts with) Solyc11g072500.2"
"interacts with","0.364014","Solyc05g055480.3 (interacts with) Solyc10g084180.2","1.0E-10","false","interacts with","Solyc05g055480.3 (interacts with) Solyc10g084180.2"
"interacts with","0.677481","Solyc05g007180.3 (interacts with) Solyc11g013480.2","1.0E-20","false","interacts with","Solyc05g007180.3 (interacts with) Solyc11g013480.2"
"interacts with","0.368994","Solyc05g055480.3 (interacts with) Solyc07g052960.2","1.0E-10","false","interacts with","Solyc05g055480.3 (interacts with) Solyc07g052960.2"
"interacts with","0.565815","Solyc05g007180.3 (interacts with) Solyc06g005130.3","1.0E-15","false","interacts with","Solyc05g007180.3 (interacts with) Solyc06g005130.3"
"interacts with","0.620528","Solyc05g007180.3 (interacts with) Solyc11g071300.2","1.0E-20","false","interacts with","Solyc05g007180.3 (interacts with) Solyc11g071300.2"
"interacts with","0.403539","Solyc05g055480.3 (interacts with) Solyc11g017470.2","1.0E-10","false","interacts with","Solyc05g055480.3 (interacts with) Solyc11g017470.2"
"interacts with","0.369262","Solyc05g055480.3 (interacts with) Solyc06g048630.3","1.0E-10","false","interacts with","Solyc05g055480.3 (interacts with) Solyc06g048630.3"
"interacts with","0.454561","Solyc05g007180.3 (interacts with) Solyc07g063830.3","1.0E-15","false","interacts with","Solyc05g007180.3 (interacts with) Solyc07g063830.3"
"interacts with","0.143072","Solyc05g055480.3 (interacts with) Solyc11g017100.1","0.1","false","interacts with","Solyc05g055480.3 (interacts with) Solyc11g017100.1"
"interacts with","0.482756","Solyc05g007180.3 (interacts with) Solyc11g013150.1","1.0E-15","false","interacts with","Solyc05g007180.3 (interacts with) Solyc11g013150.1"
"interacts with","0.330838","Solyc05g055480.3 (interacts with) Solyc07g016180.3","1.0E-10","false","interacts with","Solyc05g055480.3 (interacts with) Solyc07g016180.3"
"interacts with","0.768888","Solyc05g007180.3 (interacts with) Solyc06g049040.3","1.0E-25","false","interacts with","Solyc05g007180.3 (interacts with) Solyc06g049040.3"
"interacts with","0.380817","Solyc05g055480.3 (interacts with) Solyc12g008350.2","1.0E-10","false","interacts with","Solyc05g055480.3 (interacts with) Solyc12g008350.2"
"interacts with","0.547944","Solyc05g007180.3 (interacts with) Solyc06g007530.2","1.0E-15","false","interacts with","Solyc05g007180.3 (interacts with) Solyc06g007530.2"
"interacts with","0.353163","Solyc05g055480.3 (interacts with) Solyc06g082530.2","1.0E-10","false","interacts with","Solyc05g055480.3 (interacts with) Solyc06g082530.2"
"interacts with","0.379086","Solyc05g007180.3 (interacts with) Solyc08g079120.2","1.0E-10","false","interacts with","Solyc05g007180.3 (interacts with) Solyc08g079120.2"
"interacts with","0.380453","Solyc05g055480.3 (interacts with) Solyc10g006880.3","1.0E-10","false","interacts with","Solyc05g055480.3 (interacts with) Solyc10g006880.3"
"interacts with","0.505063","Solyc05g007180.3 (interacts with) Solyc08g076590.3","1.0E-15","false","interacts with","Solyc05g007180.3 (interacts with) Solyc08g076590.3"
"interacts with","0.709106","Solyc05g007180.3 (interacts with) Solyc06g036170.1","1.0E-20","false","interacts with","Solyc05g007180.3 (interacts with) Solyc06g036170.1"
"interacts with","0.501768","Solyc07g065500.2 (interacts with) Solyc08g006530.3","1.0E-15","false","interacts with","Solyc07g065500.2 (interacts with) Solyc08g006530.3"
"interacts with","0.547352","Solyc07g065500.2 (interacts with) Solyc12g007180.2","1.0E-15","false","interacts with","Solyc07g065500.2 (interacts with) Solyc12g007180.2"
"interacts with","0.477815","Solyc05g007180.3 (interacts with) Solyc05g050220.3","1.0E-15","false","interacts with","Solyc05g007180.3 (interacts with) Solyc05g050220.3"
"interacts with","0.518502","Solyc07g065500.2 (interacts with) Solyc11g072600.2","1.0E-15","false","interacts with","Solyc07g065500.2 (interacts with) Solyc11g072600.2"
"interacts with","0.682714","Solyc05g007180.3 (interacts with) Solyc07g063970.3","1.0E-20","false","interacts with","Solyc05g007180.3 (interacts with) Solyc07g063970.3"
"interacts with","0.498158","Solyc07g065500.2 (interacts with) Solyc12g014610.2","1.0E-15","false","interacts with","Solyc07g065500.2 (interacts with) Solyc12g014610.2"
"interacts with","0.616253","Solyc05g007180.3 (interacts with) Solyc05g007770.3","1.0E-20","false","interacts with","Solyc05g007180.3 (interacts with) Solyc05g007770.3"
"interacts with","0.523405","Solyc07g065500.2 (interacts with) Solyc08g029090.3","1.0E-15","false","interacts with","Solyc07g065500.2 (interacts with) Solyc08g029090.3"
"interacts with","0.252225","Solyc04g071770.3 (interacts with) Solyc09g015110.2","1.0E-5","false","interacts with","Solyc04g071770.3 (interacts with) Solyc09g015110.2"
"interacts with","0.556169","Solyc05g007180.3 (interacts with) Solyc06g075140.3","1.0E-15","false","interacts with","Solyc05g007180.3 (interacts with) Solyc06g075140.3"
"interacts with","0.602645","Solyc04g071770.3 (interacts with) Solyc05g007770.3","1.0E-20","false","interacts with","Solyc04g071770.3 (interacts with) Solyc05g007770.3"
"interacts with","0.559729","Solyc05g007180.3 (interacts with) Solyc06g083900.3","1.0E-15","false","interacts with","Solyc05g007180.3 (interacts with) Solyc06g083900.3"
"interacts with","0.45244","Solyc04g071770.3 (interacts with) Solyc12g099140.2","1.0E-15","false","interacts with","Solyc04g071770.3 (interacts with) Solyc12g099140.2"
"interacts with","0.704889","Solyc05g007180.3 (interacts with) Solyc08g006260.2","1.0E-20","false","interacts with","Solyc05g007180.3 (interacts with) Solyc08g006260.2"
"interacts with","0.661682","Solyc04g071770.3 (interacts with) Solyc11g017470.2","1.0E-20","false","interacts with","Solyc04g071770.3 (interacts with) Solyc11g017470.2"
"interacts with","0.739745","Solyc05g007180.3 (interacts with) Solyc09g007260.3","1.0E-25","false","interacts with","Solyc05g007180.3 (interacts with) Solyc09g007260.3"
"interacts with","0.62103","Solyc04g071770.3 (interacts with) Solyc12g013620.2","1.0E-20","false","interacts with","Solyc04g071770.3 (interacts with) Solyc12g013620.2"
"interacts with","0.62266","Solyc05g007180.3 (interacts with) Solyc07g041640.3","1.0E-20","false","interacts with","Solyc05g007180.3 (interacts with) Solyc07g041640.3"
"interacts with","0.39447","Solyc04g071770.3 (interacts with) Solyc10g007350.3","1.0E-10","false","interacts with","Solyc04g071770.3 (interacts with) Solyc10g007350.3"
"interacts with","0.692716","Solyc05g007180.3 (interacts with) Solyc08g068320.3","1.0E-20","false","interacts with","Solyc05g007180.3 (interacts with) Solyc08g068320.3"
"interacts with","0.19826","Solyc04g071770.3 (interacts with) Solyc05g055030.2","1.0E-5","false","interacts with","Solyc04g071770.3 (interacts with) Solyc05g055030.2"
"interacts with","0.39901","Solyc04g071770.3 (interacts with) Solyc04g081020.3","1.0E-10","false","interacts with","Solyc04g071770.3 (interacts with) Solyc04g081020.3"
"interacts with","0.618604","Solyc04g071770.3 (interacts with) Solyc10g078700.2","1.0E-20","false","interacts with","Solyc04g071770.3 (interacts with) Solyc10g078700.2"
"interacts with","0.576613","Solyc05g007180.3 (interacts with) Solyc06g065040.3","1.0E-20","false","interacts with","Solyc05g007180.3 (interacts with) Solyc06g065040.3"
"interacts with","0.380435","Solyc10g007350.3 (interacts with) Solyc12g089240.2","1.0E-10","false","interacts with","Solyc10g007350.3 (interacts with) Solyc12g089240.2"
"interacts with","0.591474","Solyc05g007180.3 (interacts with) Solyc07g005400.3","1.0E-20","false","interacts with","Solyc05g007180.3 (interacts with) Solyc07g005400.3"
"interacts with","0.387066","Solyc10g007350.3 (interacts with) Solyc11g011260.1","1.0E-10","false","interacts with","Solyc10g007350.3 (interacts with) Solyc11g011260.1"
"interacts with","0.692646","Solyc05g007180.3 (interacts with) Solyc10g084340.2","1.0E-20","false","interacts with","Solyc05g007180.3 (interacts with) Solyc10g084340.2"
"interacts with","0.378566","Solyc10g007350.3 (interacts with) Solyc11g017470.2","1.0E-10","false","interacts with","Solyc10g007350.3 (interacts with) Solyc11g017470.2"
"interacts with","0.287153","Solyc05g007180.3 (interacts with) Solyc07g026680.2","1.0E-5","false","interacts with","Solyc05g007180.3 (interacts with) Solyc07g026680.2"
"interacts with","0.393483","Solyc10g007350.3 (interacts with) Solyc10g084380.1","1.0E-10","false","interacts with","Solyc10g007350.3 (interacts with) Solyc10g084380.1"
"interacts with","0.607941","Solyc05g007180.3 (interacts with) Solyc10g084380.1","1.0E-20","false","interacts with","Solyc05g007180.3 (interacts with) Solyc10g084380.1"
"interacts with","0.693997","Solyc05g007180.3 (interacts with) Solyc05g051460.3","1.0E-20","false","interacts with","Solyc05g007180.3 (interacts with) Solyc05g051460.3"
"interacts with","0.68954","Solyc05g007180.3 (interacts with) Solyc09g010840.1","1.0E-20","false","interacts with","Solyc05g007180.3 (interacts with) Solyc09g010840.1"
"interacts with","0.524083","Solyc05g007180.3 (interacts with) Solyc06g062460.3","1.0E-15","false","interacts with","Solyc05g007180.3 (interacts with) Solyc06g062460.3"
"interacts with","0.533663","Solyc05g007180.3 (interacts with) Solyc05g015330.1","1.0E-15","false","interacts with","Solyc05g007180.3 (interacts with) Solyc05g015330.1"
"interacts with","0.550884","Solyc05g007180.3 (interacts with) Solyc10g086640.2","1.0E-15","false","interacts with","Solyc05g007180.3 (interacts with) Solyc10g086640.2"
"interacts with","0.616467","Solyc05g007180.3 (interacts with) Solyc08g005430.3","1.0E-20","false","interacts with","Solyc05g007180.3 (interacts with) Solyc08g005430.3"
"interacts with","0.669512","Solyc05g007180.3 (interacts with) Solyc09g065670.3","1.0E-20","false","interacts with","Solyc05g007180.3 (interacts with) Solyc09g065670.3"
"interacts with","0.839943","Solyc05g007180.3 (interacts with) Solyc10g018780.2","1.0E-25","false","interacts with","Solyc05g007180.3 (interacts with) Solyc10g018780.2"
"interacts with","0.631573","Solyc05g007180.3 (interacts with) Solyc09g074640.3","1.0E-20","false","interacts with","Solyc05g007180.3 (interacts with) Solyc09g074640.3"
"interacts with","0.753283","Solyc05g007180.3 (interacts with) Solyc06g073980.3","1.0E-25","false","interacts with","Solyc05g007180.3 (interacts with) Solyc06g073980.3"
"interacts with","0.752119","Solyc05g007180.3 (interacts with) Solyc06g083170.3","1.0E-25","false","interacts with","Solyc05g007180.3 (interacts with) Solyc06g083170.3"
"interacts with","0.712365","Solyc05g007180.3 (interacts with) Solyc10g005330.3","1.0E-25","false","interacts with","Solyc05g007180.3 (interacts with) Solyc10g005330.3"
"interacts with","0.642918","Solyc05g007180.3 (interacts with) Solyc05g009880.3","1.0E-20","false","interacts with","Solyc05g007180.3 (interacts with) Solyc05g009880.3"
"interacts with","0.680138","Solyc05g007180.3 (interacts with) Solyc09g082505.1","1.0E-20","false","interacts with","Solyc05g007180.3 (interacts with) Solyc09g082505.1"
"interacts with","0.560202","Solyc05g007180.3 (interacts with) Solyc06g076820.1","1.0E-15","false","interacts with","Solyc05g007180.3 (interacts with) Solyc06g076820.1"
"interacts with","0.559163","Solyc05g007180.3 (interacts with) Solyc10g084180.2","1.0E-15","false","interacts with","Solyc05g007180.3 (interacts with) Solyc10g084180.2"
"interacts with","0.222626","Solyc04g078690.3 (interacts with) Solyc08g078590.1","1.0E-5","false","interacts with","Solyc04g078690.3 (interacts with) Solyc08g078590.1"
"interacts with","0.771457","Solyc05g007180.3 (interacts with) Solyc10g006880.3","1.0E-25","false","interacts with","Solyc05g007180.3 (interacts with) Solyc10g006880.3"
"interacts with","0.480443","Solyc04g078690.3 (interacts with) Solyc11g071300.2","1.0E-15","false","interacts with","Solyc04g078690.3 (interacts with) Solyc11g071300.2"
"interacts with","0.291395","Solyc04g078690.3 (interacts with) Solyc05g009660.3","1.0E-10","false","interacts with","Solyc04g078690.3 (interacts with) Solyc05g009660.3"
"interacts with","0.757951","Solyc05g007180.3 (interacts with) Solyc07g052960.2","1.0E-25","false","interacts with","Solyc05g007180.3 (interacts with) Solyc07g052960.2"
"interacts with","0.335199","Solyc05g007180.3 (interacts with) Solyc11g065840.2","1.0E-10","false","interacts with","Solyc05g007180.3 (interacts with) Solyc11g065840.2"
"interacts with","0.458473","Solyc04g078690.3 (interacts with) Solyc06g069430.3","1.0E-15","false","interacts with","Solyc04g078690.3 (interacts with) Solyc06g069430.3"
"interacts with","0.464411","Solyc04g078690.3 (interacts with) Solyc08g066500.3","1.0E-15","false","interacts with","Solyc04g078690.3 (interacts with) Solyc08g066500.3"
"interacts with","0.64531","Solyc05g007180.3 (interacts with) Solyc06g082300.3","1.0E-20","false","interacts with","Solyc05g007180.3 (interacts with) Solyc06g082300.3"
"interacts with","0.499643","Solyc04g078690.3 (interacts with) Solyc08g082630.3","1.0E-15","false","interacts with","Solyc04g078690.3 (interacts with) Solyc08g082630.3"
"interacts with","0.209254","Solyc07g052960.2 (interacts with) Solyc09g010680.3","1.0E-5","false","interacts with","Solyc07g052960.2 (interacts with) Solyc09g010680.3"
"interacts with","0.603547","Solyc07g052960.2 (interacts with) Solyc08g061140.3","1.0E-20","false","interacts with","Solyc07g052960.2 (interacts with) Solyc08g061140.3"
"interacts with","0.64831","Solyc07g052960.2 (interacts with) Solyc11g071300.2","1.0E-20","false","interacts with","Solyc07g052960.2 (interacts with) Solyc11g071300.2"
"interacts with","0.473441","Solyc07g052960.2 (interacts with) Solyc07g063830.3","1.0E-15","false","interacts with","Solyc07g052960.2 (interacts with) Solyc07g063830.3"
"interacts with","0.523038","Solyc07g052960.2 (interacts with) Solyc10g009080.3","1.0E-15","false","interacts with","Solyc07g052960.2 (interacts with) Solyc10g009080.3"
"interacts with","0.492865","Solyc07g052960.2 (interacts with) Solyc11g013150.1","1.0E-15","false","interacts with","Solyc07g052960.2 (interacts with) Solyc11g013150.1"
"interacts with","0.510072","Solyc07g052960.2 (interacts with) Solyc11g011890.2","1.0E-15","false","interacts with","Solyc07g052960.2 (interacts with) Solyc11g011890.2"
"interacts with","0.353314","Solyc07g052960.2 (interacts with) Solyc11g068480.2","1.0E-10","false","interacts with","Solyc07g052960.2 (interacts with) Solyc11g068480.2"
"interacts with","0.669143","Solyc07g052960.2 (interacts with) Solyc09g082505.1","1.0E-20","false","interacts with","Solyc07g052960.2 (interacts with) Solyc09g082505.1"
"interacts with","0.481976","Solyc07g052960.2 (interacts with) Solyc08g076590.3","1.0E-15","false","interacts with","Solyc07g052960.2 (interacts with) Solyc08g076590.3"
"interacts with","0.652183","Solyc07g052960.2 (interacts with) Solyc09g018460.1","1.0E-20","false","interacts with","Solyc07g052960.2 (interacts with) Solyc09g018460.1"
"interacts with","0.725345","Solyc07g052960.2 (interacts with) Solyc10g079070.2","1.0E-25","false","interacts with","Solyc07g052960.2 (interacts with) Solyc10g079070.2"
"interacts with","0.678885","Solyc07g052960.2 (interacts with) Solyc08g006530.3","1.0E-20","false","interacts with","Solyc07g052960.2 (interacts with) Solyc08g006530.3"
"interacts with","0.558762","Solyc07g052960.2 (interacts with) Solyc10g086640.2","1.0E-15","false","interacts with","Solyc07g052960.2 (interacts with) Solyc10g086640.2"
"interacts with","0.611162","Solyc07g052960.2 (interacts with) Solyc08g005430.3","1.0E-20","false","interacts with","Solyc07g052960.2 (interacts with) Solyc08g005430.3"
"interacts with","0.676373","Solyc07g052960.2 (interacts with) Solyc08g066500.3","1.0E-20","false","interacts with","Solyc07g052960.2 (interacts with) Solyc08g066500.3"
"interacts with","0.681164","Solyc07g052960.2 (interacts with) Solyc11g013480.2","1.0E-20","false","interacts with","Solyc07g052960.2 (interacts with) Solyc11g013480.2"
"interacts with","0.605073","Solyc07g052960.2 (interacts with) Solyc09g074640.3","1.0E-20","false","interacts with","Solyc07g052960.2 (interacts with) Solyc09g074640.3"
"interacts with","0.68694","Solyc07g052960.2 (interacts with) Solyc10g018780.2","1.0E-20","false","interacts with","Solyc07g052960.2 (interacts with) Solyc10g018780.2"
"interacts with","0.73439","Solyc07g052960.2 (interacts with) Solyc09g007260.3","1.0E-25","false","interacts with","Solyc07g052960.2 (interacts with) Solyc09g007260.3"
"interacts with","0.533812","Solyc07g052960.2 (interacts with) Solyc11g010710.2","1.0E-15","false","interacts with","Solyc07g052960.2 (interacts with) Solyc11g010710.2"
"interacts with","0.354591","Solyc07g052960.2 (interacts with) Solyc11g065840.2","1.0E-10","false","interacts with","Solyc07g052960.2 (interacts with) Solyc11g065840.2"
"interacts with","0.671158","Solyc07g052960.2 (interacts with) Solyc08g068320.3","1.0E-20","false","interacts with","Solyc07g052960.2 (interacts with) Solyc08g068320.3"
"interacts with","0.437782","Solyc07g052960.2 (interacts with) Solyc07g065570.2","1.0E-15","false","interacts with","Solyc07g052960.2 (interacts with) Solyc07g065570.2"
"interacts with","0.555003","Solyc07g052960.2 (interacts with) Solyc11g069510.2","1.0E-15","false","interacts with","Solyc07g052960.2 (interacts with) Solyc11g069510.2"
"interacts with","0.656307","Solyc07g052960.2 (interacts with) Solyc08g078800.1","1.0E-20","false","interacts with","Solyc07g052960.2 (interacts with) Solyc08g078800.1"
"interacts with","0.709187","Solyc07g052960.2 (interacts with) Solyc10g084340.2","1.0E-20","false","interacts with","Solyc07g052960.2 (interacts with) Solyc10g084340.2"
"interacts with","0.608971","Solyc07g052960.2 (interacts with) Solyc10g084180.2","1.0E-20","false","interacts with","Solyc07g052960.2 (interacts with) Solyc10g084180.2"
"interacts with","0.344779","Solyc07g052960.2 (interacts with) Solyc10g054010.1","1.0E-10","false","interacts with","Solyc07g052960.2 (interacts with) Solyc10g054010.1"
"interacts with","0.756887","Solyc07g052960.2 (interacts with) Solyc11g072470.2","1.0E-25","false","interacts with","Solyc07g052960.2 (interacts with) Solyc11g072470.2"
"interacts with","0.840763","Solyc07g052960.2 (interacts with) Solyc10g006880.3","1.0E-25","false","interacts with","Solyc07g052960.2 (interacts with) Solyc10g006880.3"
"interacts with","0.512705","Solyc07g052960.2 (interacts with) Solyc07g053590.3","1.0E-15","false","interacts with","Solyc07g052960.2 (interacts with) Solyc07g053590.3"
"interacts with","0.693183","Solyc07g052960.2 (interacts with) Solyc12g013620.2","1.0E-20","false","interacts with","Solyc07g052960.2 (interacts with) Solyc12g013620.2"
"interacts with","0.596034","Solyc07g052960.2 (interacts with) Solyc11g044320.2","1.0E-20","false","interacts with","Solyc07g052960.2 (interacts with) Solyc11g044320.2"
"interacts with","0.115727","Solyc06g068870.3 (interacts with) Solyc09g008390.2","0.1","false","interacts with","Solyc06g068870.3 (interacts with) Solyc09g008390.2"
"interacts with","0.296702","Solyc06g068870.3 (interacts with) Solyc07g052960.2","1.0E-10","false","interacts with","Solyc06g068870.3 (interacts with) Solyc07g052960.2"
"interacts with","0.322549","Solyc06g068870.3 (interacts with) Solyc11g010340.2","1.0E-10","false","interacts with","Solyc06g068870.3 (interacts with) Solyc11g010340.2"
"interacts with","0.293984","Solyc06g068870.3 (interacts with) Solyc08g066500.3","1.0E-10","false","interacts with","Solyc06g068870.3 (interacts with) Solyc08g066500.3"
"interacts with","0.307882","Solyc06g068870.3 (interacts with) Solyc10g084340.2","1.0E-10","false","interacts with","Solyc06g068870.3 (interacts with) Solyc10g084340.2"
"interacts with","0.311439","Solyc06g068870.3 (interacts with) Solyc11g069510.2","1.0E-10","false","interacts with","Solyc06g068870.3 (interacts with) Solyc11g069510.2"
"interacts with","0.314869","Solyc06g068870.3 (interacts with) Solyc09g065670.3","1.0E-10","false","interacts with","Solyc06g068870.3 (interacts with) Solyc09g065670.3"
"interacts with","0.572664","Solyc07g043580.3 (interacts with) Solyc07g062680.2","1.0E-20","false","interacts with","Solyc07g043580.3 (interacts with) Solyc07g062680.2"
"interacts with","0.670423","Solyc07g043580.3 (interacts with) Solyc07g052960.2","1.0E-20","false","interacts with","Solyc07g043580.3 (interacts with) Solyc07g052960.2"
"interacts with","0.488545","Solyc07g043580.3 (interacts with) Solyc12g014610.2","1.0E-15","false","interacts with","Solyc07g043580.3 (interacts with) Solyc12g014610.2"
"interacts with","0.588645","Solyc07g043580.3 (interacts with) Solyc12g100140.2","1.0E-20","false","interacts with","Solyc07g043580.3 (interacts with) Solyc12g100140.2"
"interacts with","0.467106","Solyc07g043580.3 (interacts with) Solyc12g044610.2","1.0E-15","false","interacts with","Solyc07g043580.3 (interacts with) Solyc12g044610.2"
"interacts with","0.565499","Solyc07g043580.3 (interacts with) Solyc08g078300.3","1.0E-15","false","interacts with","Solyc07g043580.3 (interacts with) Solyc08g078300.3"
"interacts with","0.397814","Solyc01g101250.3 (interacts with) Solyc04g007420.3","1.0E-10","false","interacts with","Solyc01g101250.3 (interacts with) Solyc04g007420.3"
"interacts with","0.377945","Solyc01g101250.3 (interacts with) Solyc06g082010.3","1.0E-10","false","interacts with","Solyc01g101250.3 (interacts with) Solyc06g082010.3"
"interacts with","0.614452","Solyc07g043580.3 (interacts with) Solyc10g079070.2","1.0E-20","false","interacts with","Solyc07g043580.3 (interacts with) Solyc10g079070.2"
"interacts with","0.3499","Solyc01g101250.3 (interacts with) Solyc07g047960.3","1.0E-10","false","interacts with","Solyc01g101250.3 (interacts with) Solyc07g047960.3"
"interacts with","0.558902","Solyc07g043580.3 (interacts with) Solyc08g080150.1","1.0E-15","false","interacts with","Solyc07g043580.3 (interacts with) Solyc08g080150.1"
"interacts with","0.388532","Solyc01g101250.3 (interacts with) Solyc06g073720.2","1.0E-10","false","interacts with","Solyc01g101250.3 (interacts with) Solyc06g073720.2"
"interacts with","0.674113","Solyc07g043580.3 (interacts with) Solyc10g084180.2","1.0E-20","false","interacts with","Solyc07g043580.3 (interacts with) Solyc10g084180.2"
"interacts with","0.383279","Solyc01g101250.3 (interacts with) Solyc11g068950.2","1.0E-10","false","interacts with","Solyc01g101250.3 (interacts with) Solyc11g068950.2"
"interacts with","0.565938","Solyc07g043580.3 (interacts with) Solyc12g096500.2","1.0E-15","false","interacts with","Solyc07g043580.3 (interacts with) Solyc12g096500.2"
"interacts with","0.33942","Solyc01g101250.3 (interacts with) Solyc02g069720.3","1.0E-10","false","interacts with","Solyc01g101250.3 (interacts with) Solyc02g069720.3"
"interacts with","0.414902","Solyc07g043580.3 (interacts with) Solyc08g078340.3","1.0E-10","false","interacts with","Solyc07g043580.3 (interacts with) Solyc08g078340.3"
"interacts with","0.60814","Solyc07g043580.3 (interacts with) Solyc10g006880.3","1.0E-20","false","interacts with","Solyc07g043580.3 (interacts with) Solyc10g006880.3"
"interacts with","0.582638","Solyc07g043580.3 (interacts with) Solyc08g005430.3","1.0E-20","false","interacts with","Solyc07g043580.3 (interacts with) Solyc08g005430.3"
"interacts with","0.615973","Solyc07g043580.3 (interacts with) Solyc08g066500.3","1.0E-20","false","interacts with","Solyc07g043580.3 (interacts with) Solyc08g066500.3"
"interacts with","0.576711","Solyc07g043580.3 (interacts with) Solyc08g006260.2","1.0E-20","false","interacts with","Solyc07g043580.3 (interacts with) Solyc08g006260.2"
"interacts with","0.576016","Solyc07g042260.3 (interacts with) Solyc07g043580.3","1.0E-20","false","interacts with","Solyc07g042260.3 (interacts with) Solyc07g043580.3"
"interacts with","0.583964","Solyc07g042260.3 (interacts with) Solyc10g005330.3","1.0E-20","false","interacts with","Solyc07g042260.3 (interacts with) Solyc10g005330.3"
"interacts with","0.586611","Solyc07g042260.3 (interacts with) Solyc07g062680.2","1.0E-20","false","interacts with","Solyc07g042260.3 (interacts with) Solyc07g062680.2"
"interacts with","0.524729","Solyc07g042260.3 (interacts with) Solyc11g011890.2","1.0E-15","false","interacts with","Solyc07g042260.3 (interacts with) Solyc11g011890.2"
"interacts with","0.574782","Solyc07g042260.3 (interacts with) Solyc08g006260.2","1.0E-20","false","interacts with","Solyc07g042260.3 (interacts with) Solyc08g006260.2"
"interacts with","0.58384","Solyc07g042260.3 (interacts with) Solyc11g069190.2","1.0E-20","false","interacts with","Solyc07g042260.3 (interacts with) Solyc11g069190.2"
"interacts with","0.112124","Solyc09g009490.3 (interacts with) Solyc09g066045.1","0.1","false","interacts with","Solyc09g009490.3 (interacts with) Solyc09g066045.1"
"interacts with","0.611759","Solyc07g042260.3 (interacts with) Solyc08g066500.3","1.0E-20","false","interacts with","Solyc07g042260.3 (interacts with) Solyc08g066500.3"
"interacts with","0.241422","Solyc09g009250.3 (interacts with) Solyc11g008830.2","1.0E-5","false","interacts with","Solyc09g009250.3 (interacts with) Solyc11g008830.2"
"interacts with","0.266941","Solyc09g009250.3 (interacts with) Solyc12g096500.2","1.0E-5","false","interacts with","Solyc09g009250.3 (interacts with) Solyc12g096500.2"
"interacts with","0.263586","Solyc09g009250.3 (interacts with) Solyc11g069510.2","1.0E-5","false","interacts with","Solyc09g009250.3 (interacts with) Solyc11g069510.2"
"interacts with","0.452973","Solyc06g072040.1 (interacts with) Solyc07g065500.2","1.0E-15","false","interacts with","Solyc06g072040.1 (interacts with) Solyc07g065500.2"
"interacts with","0.439036","Solyc06g072040.1 (interacts with) Solyc10g079050.2","1.0E-15","false","interacts with","Solyc06g072040.1 (interacts with) Solyc10g079050.2"
"interacts with","0.449701","Solyc06g072040.1 (interacts with) Solyc07g052700.3","1.0E-15","false","interacts with","Solyc06g072040.1 (interacts with) Solyc07g052700.3"
"interacts with","0.502591","Solyc06g072040.1 (interacts with) Solyc11g069890.2","1.0E-15","false","interacts with","Solyc06g072040.1 (interacts with) Solyc11g069890.2"
"interacts with","0.142696","Solyc06g073720.2 (interacts with) Solyc08g081630.2","0.1","false","interacts with","Solyc06g073720.2 (interacts with) Solyc08g081630.2"
"interacts with","0.47317","Solyc06g072040.1 (interacts with) Solyc08g006530.3","1.0E-15","false","interacts with","Solyc06g072040.1 (interacts with) Solyc08g006530.3"
"interacts with","0.434055","Solyc06g073720.2 (interacts with) Solyc06g082010.3","1.0E-15","false","interacts with","Solyc06g073720.2 (interacts with) Solyc06g082010.3"
"interacts with","0.467885","Solyc06g073720.2 (interacts with) Solyc11g068950.2","1.0E-15","false","interacts with","Solyc06g073720.2 (interacts with) Solyc11g068950.2"
"interacts with","0.47815","Solyc06g072040.1 (interacts with) Solyc07g055100.3","1.0E-15","false","interacts with","Solyc06g072040.1 (interacts with) Solyc07g055100.3"
"interacts with","0.327679","Solyc04g077510.3 (interacts with) Solyc11g068480.2","1.0E-10","false","interacts with","Solyc04g077510.3 (interacts with) Solyc11g068480.2"
"interacts with","0.536647","Solyc04g077510.3 (interacts with) Solyc08g078300.3","1.0E-15","false","interacts with","Solyc04g077510.3 (interacts with) Solyc08g078300.3"
"interacts with","0.571256","Solyc04g077510.3 (interacts with) Solyc12g100140.2","1.0E-15","false","interacts with","Solyc04g077510.3 (interacts with) Solyc12g100140.2"
"interacts with","0.263554","Solyc04g077510.3 (interacts with) Solyc11g069500.2","1.0E-5","false","interacts with","Solyc04g077510.3 (interacts with) Solyc11g069500.2"
"interacts with","0.39363","Solyc04g077510.3 (interacts with) Solyc08g079120.2","1.0E-10","false","interacts with","Solyc04g077510.3 (interacts with) Solyc08g079120.2"
"interacts with","0.619528","Solyc04g077510.3 (interacts with) Solyc06g063070.3","1.0E-20","false","interacts with","Solyc04g077510.3 (interacts with) Solyc06g063070.3"
"interacts with","0.159978","Solyc04g081000.3 (interacts with) Solyc08g081630.2","1.0E-5","false","interacts with","Solyc04g081000.3 (interacts with) Solyc08g081630.2"
"interacts with","0.659721","Solyc04g077510.3 (interacts with) Solyc06g083170.3","1.0E-20","false","interacts with","Solyc04g077510.3 (interacts with) Solyc06g083170.3"
"interacts with","0.610698","Solyc04g077510.3 (interacts with) Solyc11g071300.2","1.0E-20","false","interacts with","Solyc04g077510.3 (interacts with) Solyc11g071300.2"
"interacts with","0.645223","Solyc04g077510.3 (interacts with) Solyc09g074640.3","1.0E-20","false","interacts with","Solyc04g077510.3 (interacts with) Solyc09g074640.3"
"interacts with","0.21282","Solyc04g081000.3 (interacts with) Solyc08g077230.3","1.0E-5","false","interacts with","Solyc04g081000.3 (interacts with) Solyc08g077230.3"
"interacts with","0.724793","Solyc04g077510.3 (interacts with) Solyc08g066500.3","1.0E-25","false","interacts with","Solyc04g077510.3 (interacts with) Solyc08g066500.3"
"interacts with","0.664904","Solyc04g077510.3 (interacts with) Solyc08g082630.3","1.0E-20","false","interacts with","Solyc04g077510.3 (interacts with) Solyc08g082630.3"
"interacts with","0.653631","Solyc04g077510.3 (interacts with) Solyc08g005430.3","1.0E-20","false","interacts with","Solyc04g077510.3 (interacts with) Solyc08g005430.3"
"interacts with","0.654061","Solyc04g077510.3 (interacts with) Solyc06g069430.3","1.0E-20","false","interacts with","Solyc04g077510.3 (interacts with) Solyc06g069430.3"
"interacts with","0.19081","Solyc08g006240.2 (interacts with) Solyc09g066060.2","1.0E-5","false","interacts with","Solyc08g006240.2 (interacts with) Solyc09g066060.2"
"interacts with","0.181509","Solyc08g006240.2 (interacts with) Solyc12g100140.2","1.0E-5","false","interacts with","Solyc08g006240.2 (interacts with) Solyc12g100140.2"
"interacts with","0.481402","Solyc01g094360.3 (interacts with) Solyc03g117720.3","1.0E-15","false","interacts with","Solyc01g094360.3 (interacts with) Solyc03g117720.3"
"interacts with","0.196944","Solyc08g006240.2 (interacts with) Solyc11g011890.2","1.0E-5","false","interacts with","Solyc08g006240.2 (interacts with) Solyc11g011890.2"
"interacts with","0.545202","Solyc04g077510.3 (interacts with) Solyc06g062460.3","1.0E-15","false","interacts with","Solyc04g077510.3 (interacts with) Solyc06g062460.3"
"interacts with","0.669365","Solyc04g077510.3 (interacts with) Solyc10g079070.2","1.0E-20","false","interacts with","Solyc04g077510.3 (interacts with) Solyc10g079070.2"
"interacts with","0.514279","Solyc01g094360.3 (interacts with) Solyc03g123430.3","1.0E-15","false","interacts with","Solyc01g094360.3 (interacts with) Solyc03g123430.3"
"interacts with","0.486887","Solyc01g094360.3 (interacts with) Solyc02g093150.3","1.0E-15","false","interacts with","Solyc01g094360.3 (interacts with) Solyc02g093150.3"
"interacts with","0.545708","Solyc01g094360.3 (interacts with) Solyc11g013150.1","1.0E-15","false","interacts with","Solyc01g094360.3 (interacts with) Solyc11g013150.1"
"interacts with","0.294976","Solyc01g094360.3 (interacts with) Solyc06g068870.3","1.0E-10","false","interacts with","Solyc01g094360.3 (interacts with) Solyc06g068870.3"
"interacts with","0.181847","Solyc08g006240.2 (interacts with) Solyc08g078300.3","1.0E-5","false","interacts with","Solyc08g006240.2 (interacts with) Solyc08g078300.3"
"interacts with","0.664004","Solyc04g077510.3 (interacts with) Solyc08g078800.1","1.0E-20","false","interacts with","Solyc04g077510.3 (interacts with) Solyc08g078800.1"
"interacts with","0.138862","Solyc08g006240.2 (interacts with) Solyc11g017100.1","0.1","false","interacts with","Solyc08g006240.2 (interacts with) Solyc11g017100.1"
"interacts with","0.535144","Solyc01g094360.3 (interacts with) Solyc04g014530.1","1.0E-15","false","interacts with","Solyc01g094360.3 (interacts with) Solyc04g014530.1"
"interacts with","0.178674","Solyc08g006240.2 (interacts with) Solyc11g011260.1","1.0E-5","false","interacts with","Solyc08g006240.2 (interacts with) Solyc11g011260.1"
"interacts with","0.498934","Solyc04g077510.3 (interacts with) Solyc04g080790.3","1.0E-15","false","interacts with","Solyc04g077510.3 (interacts with) Solyc04g080790.3"
"interacts with","0.555564","Solyc01g094360.3 (interacts with) Solyc06g060740.2","1.0E-15","false","interacts with","Solyc01g094360.3 (interacts with) Solyc06g060740.2"
"interacts with","0.278584","Solyc04g077510.3 (interacts with) Solyc10g007970.2","1.0E-5","false","interacts with","Solyc04g077510.3 (interacts with) Solyc10g007970.2"
"interacts with","0.523792","Solyc01g094360.3 (interacts with) Solyc02g024070.3","1.0E-15","false","interacts with","Solyc01g094360.3 (interacts with) Solyc02g024070.3"
"interacts with","0.193528","Solyc08g006240.2 (interacts with) Solyc10g084380.1","1.0E-5","false","interacts with","Solyc08g006240.2 (interacts with) Solyc10g084380.1"
"interacts with","0.658883","Solyc04g077510.3 (interacts with) Solyc05g007180.3","1.0E-20","false","interacts with","Solyc04g077510.3 (interacts with) Solyc05g007180.3"
"interacts with","0.512763","Solyc01g094360.3 (interacts with) Solyc08g029090.3","1.0E-15","false","interacts with","Solyc01g094360.3 (interacts with) Solyc08g029090.3"
"interacts with","0.609962","Solyc04g077510.3 (interacts with) Solyc08g068320.3","1.0E-20","false","interacts with","Solyc04g077510.3 (interacts with) Solyc08g068320.3"
"interacts with","0.479529","Solyc01g094360.3 (interacts with) Solyc02g091690.3","1.0E-15","false","interacts with","Solyc01g094360.3 (interacts with) Solyc02g091690.3"
"interacts with","0.373683","Solyc04g077510.3 (interacts with) Solyc08g082210.3","1.0E-10","false","interacts with","Solyc04g077510.3 (interacts with) Solyc08g082210.3"
"interacts with","0.579866","Solyc01g094360.3 (interacts with) Solyc08g066500.3","1.0E-20","false","interacts with","Solyc01g094360.3 (interacts with) Solyc08g066500.3"
"interacts with","0.668573","Solyc04g077510.3 (interacts with) Solyc07g052960.2","1.0E-20","false","interacts with","Solyc04g077510.3 (interacts with) Solyc07g052960.2"
"interacts with","0.302198","Solyc04g077510.3 (interacts with) Solyc06g068870.3","1.0E-10","false","interacts with","Solyc04g077510.3 (interacts with) Solyc06g068870.3"
"interacts with","0.532301","Solyc01g094360.3 (interacts with) Solyc06g061030.3","1.0E-15","false","interacts with","Solyc01g094360.3 (interacts with) Solyc06g061030.3"
"interacts with","0.656093","Solyc04g077510.3 (interacts with) Solyc09g007260.3","1.0E-20","false","interacts with","Solyc04g077510.3 (interacts with) Solyc09g007260.3"
"interacts with","0.333023","Solyc01g094360.3 (interacts with) Solyc08g077230.3","1.0E-10","false","interacts with","Solyc01g094360.3 (interacts with) Solyc08g077230.3"
"interacts with","0.66077","Solyc04g077510.3 (interacts with) Solyc07g062680.2","1.0E-20","false","interacts with","Solyc04g077510.3 (interacts with) Solyc07g062680.2"
"interacts with","0.2961","Solyc01g094360.3 (interacts with) Solyc10g008160.3","1.0E-10","false","interacts with","Solyc01g094360.3 (interacts with) Solyc10g008160.3"
"interacts with","0.147274","Solyc02g033115.1 (interacts with) Solyc08g066500.3","0.1","false","interacts with","Solyc02g033115.1 (interacts with) Solyc08g066500.3"
"interacts with","0.334829","Solyc04g077510.3 (interacts with) Solyc10g079150.2","1.0E-10","false","interacts with","Solyc04g077510.3 (interacts with) Solyc10g079150.2"
"interacts with","0.509016","Solyc04g077510.3 (interacts with) Solyc08g065420.3","1.0E-15","false","interacts with","Solyc04g077510.3 (interacts with) Solyc08g065420.3"
"interacts with","0.570923","Solyc04g077510.3 (interacts with) Solyc10g084180.2","1.0E-15","false","interacts with","Solyc04g077510.3 (interacts with) Solyc10g084180.2"
"interacts with","0.338792","Solyc04g077510.3 (interacts with) Solyc10g054010.1","1.0E-10","false","interacts with","Solyc04g077510.3 (interacts with) Solyc10g054010.1"
"interacts with","0.147004","Solyc02g033115.1 (interacts with) Solyc10g080480.2","0.1","false","interacts with","Solyc02g033115.1 (interacts with) Solyc10g080480.2"
"interacts with","0.346743","Solyc04g077510.3 (interacts with) Solyc06g068360.3","1.0E-10","false","interacts with","Solyc04g077510.3 (interacts with) Solyc06g068360.3"
"interacts with","0.544254","Solyc04g077510.3 (interacts with) Solyc06g065190.1","1.0E-15","false","interacts with","Solyc04g077510.3 (interacts with) Solyc06g065190.1"
"interacts with","0.536878","Solyc03g114720.3 (interacts with) Solyc06g069430.3","1.0E-15","false","interacts with","Solyc03g114720.3 (interacts with) Solyc06g069430.3"
"interacts with","0.522543","Solyc02g093150.3 (interacts with) Solyc05g012020.3","1.0E-15","false","interacts with","Solyc02g093150.3 (interacts with) Solyc05g012020.3"
"interacts with","0.541536","Solyc03g114720.3 (interacts with) Solyc11g012510.2","1.0E-15","false","interacts with","Solyc03g114720.3 (interacts with) Solyc11g012510.2"
"interacts with","0.54321","Solyc02g093150.3 (interacts with) Solyc05g007180.3","1.0E-15","false","interacts with","Solyc02g093150.3 (interacts with) Solyc05g007180.3"
"interacts with","0.52132","Solyc03g114720.3 (interacts with) Solyc10g078700.2","1.0E-15","false","interacts with","Solyc03g114720.3 (interacts with) Solyc10g078700.2"
"interacts with","0.436758","Solyc03g114720.3 (interacts with) Solyc04g008050.3","1.0E-15","false","interacts with","Solyc03g114720.3 (interacts with) Solyc04g008050.3"
"interacts with","0.55625","Solyc02g093150.3 (interacts with) Solyc06g082300.3","1.0E-15","false","interacts with","Solyc02g093150.3 (interacts with) Solyc06g082300.3"
"interacts with","0.512841","Solyc03g114720.3 (interacts with) Solyc10g079070.2","1.0E-15","false","interacts with","Solyc03g114720.3 (interacts with) Solyc10g079070.2"
"interacts with","0.487539","Solyc02g093150.3 (interacts with) Solyc06g060740.2","1.0E-15","false","interacts with","Solyc02g093150.3 (interacts with) Solyc06g060740.2"
"interacts with","0.262551","Solyc03g114720.3 (interacts with) Solyc09g015110.2","1.0E-5","false","interacts with","Solyc03g114720.3 (interacts with) Solyc09g015110.2"
"interacts with","0.523098","Solyc02g093150.3 (interacts with) Solyc04g014530.1","1.0E-15","false","interacts with","Solyc02g093150.3 (interacts with) Solyc04g014530.1"
"interacts with","0.395372","Solyc03g114720.3 (interacts with) Solyc06g069850.3","1.0E-10","false","interacts with","Solyc03g114720.3 (interacts with) Solyc06g069850.3"
"interacts with","0.535216","Solyc03g114720.3 (interacts with) Solyc05g051460.3","1.0E-15","false","interacts with","Solyc03g114720.3 (interacts with) Solyc05g051460.3"
"interacts with","0.531708","Solyc02g093150.3 (interacts with) Solyc07g041640.3","1.0E-15","false","interacts with","Solyc02g093150.3 (interacts with) Solyc07g041640.3"
"interacts with","0.5211","Solyc03g114720.3 (interacts with) Solyc07g042260.3","1.0E-15","false","interacts with","Solyc03g114720.3 (interacts with) Solyc07g042260.3"
"interacts with","0.502793","Solyc03g114720.3 (interacts with) Solyc06g053960.3","1.0E-15","false","interacts with","Solyc03g114720.3 (interacts with) Solyc06g053960.3"
"interacts with","0.563046","Solyc02g093150.3 (interacts with) Solyc06g061030.3","1.0E-15","false","interacts with","Solyc02g093150.3 (interacts with) Solyc06g061030.3"
"interacts with","0.499453","Solyc03g114720.3 (interacts with) Solyc12g098370.2","1.0E-15","false","interacts with","Solyc03g114720.3 (interacts with) Solyc12g098370.2"
"interacts with","0.197294","Solyc02g093150.3 (interacts with) Solyc03g098260.2","1.0E-5","false","interacts with","Solyc02g093150.3 (interacts with) Solyc03g098260.2"
"interacts with","0.441357","Solyc06g083590.3 (interacts with) Solyc12g089240.2","1.0E-15","false","interacts with","Solyc06g083590.3 (interacts with) Solyc12g089240.2"
"interacts with","0.502942","Solyc03g114720.3 (interacts with) Solyc10g005330.3","1.0E-15","false","interacts with","Solyc03g114720.3 (interacts with) Solyc10g005330.3"
"interacts with","0.445439","Solyc06g083590.3 (interacts with) Solyc10g005330.3","1.0E-15","false","interacts with","Solyc06g083590.3 (interacts with) Solyc10g005330.3"
"interacts with","0.492903","Solyc03g114720.3 (interacts with) Solyc10g008880.3","1.0E-15","false","interacts with","Solyc03g114720.3 (interacts with) Solyc10g008880.3"
"interacts with","0.42704","Solyc06g083590.3 (interacts with) Solyc08g080150.1","1.0E-10","false","interacts with","Solyc06g083590.3 (interacts with) Solyc08g080150.1"
"interacts with","0.436904","Solyc06g083590.3 (interacts with) Solyc11g005380.2","1.0E-15","false","interacts with","Solyc06g083590.3 (interacts with) Solyc11g005380.2"
"interacts with","0.500431","Solyc03g114720.3 (interacts with) Solyc11g044320.2","1.0E-15","false","interacts with","Solyc03g114720.3 (interacts with) Solyc11g044320.2"
"interacts with","0.292605","Solyc02g093150.3 (interacts with) Solyc10g008160.3","1.0E-10","false","interacts with","Solyc02g093150.3 (interacts with) Solyc10g008160.3"
"interacts with","0.428197","Solyc06g083590.3 (interacts with) Solyc10g079070.2","1.0E-10","false","interacts with","Solyc06g083590.3 (interacts with) Solyc10g079070.2"
"interacts with","0.567085","Solyc02g093150.3 (interacts with) Solyc06g036170.1","1.0E-15","false","interacts with","Solyc02g093150.3 (interacts with) Solyc06g036170.1"
"interacts with","0.463128","Solyc06g083590.3 (interacts with) Solyc09g007260.3","1.0E-15","false","interacts with","Solyc06g083590.3 (interacts with) Solyc09g007260.3"
"interacts with","0.546866","Solyc02g093150.3 (interacts with) Solyc08g014030.1","1.0E-15","false","interacts with","Solyc02g093150.3 (interacts with) Solyc08g014030.1"
"interacts with","0.406199","Solyc06g083590.3 (interacts with) Solyc12g087830.2","1.0E-10","false","interacts with","Solyc06g083590.3 (interacts with) Solyc12g087830.2"
"interacts with","0.439573","Solyc06g083590.3 (interacts with) Solyc11g069190.2","1.0E-15","false","interacts with","Solyc06g083590.3 (interacts with) Solyc11g069190.2"
"interacts with","0.521852","Solyc03g114720.3 (interacts with) Solyc06g036170.1","1.0E-15","false","interacts with","Solyc03g114720.3 (interacts with) Solyc06g036170.1"
"interacts with","0.558701","Solyc02g093150.3 (interacts with) Solyc12g098370.2","1.0E-15","false","interacts with","Solyc02g093150.3 (interacts with) Solyc12g098370.2"
"interacts with","0.514447","Solyc03g114720.3 (interacts with) Solyc04g078640.2","1.0E-15","false","interacts with","Solyc03g114720.3 (interacts with) Solyc04g078640.2"
"interacts with","0.441392","Solyc06g083590.3 (interacts with) Solyc10g006880.3","1.0E-15","false","interacts with","Solyc06g083590.3 (interacts with) Solyc10g006880.3"
"interacts with","0.559841","Solyc02g093150.3 (interacts with) Solyc06g062670.3","1.0E-15","false","interacts with","Solyc02g093150.3 (interacts with) Solyc06g062670.3"
"interacts with","0.43275","Solyc06g083590.3 (interacts with) Solyc08g014030.1","1.0E-15","false","interacts with","Solyc06g083590.3 (interacts with) Solyc08g014030.1"
"interacts with","0.546998","Solyc03g114720.3 (interacts with) Solyc05g007770.3","1.0E-15","false","interacts with","Solyc03g114720.3 (interacts with) Solyc05g007770.3"
"interacts with","0.436561","Solyc06g083590.3 (interacts with) Solyc10g078430.2","1.0E-15","false","interacts with","Solyc06g083590.3 (interacts with) Solyc10g078430.2"
"interacts with","0.587231","Solyc02g093150.3 (interacts with) Solyc12g100140.2","1.0E-20","false","interacts with","Solyc02g093150.3 (interacts with) Solyc12g100140.2"
"interacts with","0.647913","Solyc03g006000.3 (interacts with) Solyc08g076860.3","1.0E-20","false","interacts with","Solyc03g006000.3 (interacts with) Solyc08g076860.3"
"interacts with","0.306637","Solyc03g006000.3 (interacts with) Solyc10g078610.1","1.0E-10","false","interacts with","Solyc03g006000.3 (interacts with) Solyc10g078610.1"
"interacts with","0.521517","Solyc03g114720.3 (interacts with) Solyc05g012020.3","1.0E-15","false","interacts with","Solyc03g114720.3 (interacts with) Solyc05g012020.3"
"interacts with","0.526137","Solyc02g093150.3 (interacts with) Solyc06g083170.3","1.0E-15","false","interacts with","Solyc02g093150.3 (interacts with) Solyc06g083170.3"
"interacts with","0.522446","Solyc03g114720.3 (interacts with) Solyc12g089240.2","1.0E-15","false","interacts with","Solyc03g114720.3 (interacts with) Solyc12g089240.2"
"interacts with","0.545413","Solyc02g093150.3 (interacts with) Solyc10g078700.2","1.0E-15","false","interacts with","Solyc02g093150.3 (interacts with) Solyc10g078700.2"
"interacts with","0.512481","Solyc03g114720.3 (interacts with) Solyc09g007260.3","1.0E-15","false","interacts with","Solyc03g114720.3 (interacts with) Solyc09g007260.3"
"interacts with","0.643011","Solyc02g093150.3 (interacts with) Solyc06g065440.1","1.0E-20","false","interacts with","Solyc02g093150.3 (interacts with) Solyc06g065440.1"
"interacts with","0.590725","Solyc03g006000.3 (interacts with) Solyc05g012040.3","1.0E-20","false","interacts with","Solyc03g006000.3 (interacts with) Solyc05g012040.3"
"interacts with","0.498297","Solyc03g114720.3 (interacts with) Solyc07g062680.2","1.0E-15","false","interacts with","Solyc03g114720.3 (interacts with) Solyc07g062680.2"
"interacts with","0.573904","Solyc02g093150.3 (interacts with) Solyc06g069430.3","1.0E-20","false","interacts with","Solyc02g093150.3 (interacts with) Solyc06g069430.3"
"interacts with","0.523974","Solyc03g114720.3 (interacts with) Solyc08g068320.3","1.0E-15","false","interacts with","Solyc03g114720.3 (interacts with) Solyc08g068320.3"
"interacts with","0.52118","Solyc02g093150.3 (interacts with) Solyc09g066060.2","1.0E-15","false","interacts with","Solyc02g093150.3 (interacts with) Solyc09g066060.2"
"interacts with","0.373772","Solyc03g006000.3 (interacts with) Solyc08g082890.3","1.0E-10","false","interacts with","Solyc03g006000.3 (interacts with) Solyc08g082890.3"
"interacts with","0.522962","Solyc02g093150.3 (interacts with) Solyc03g044300.3","1.0E-15","false","interacts with","Solyc02g093150.3 (interacts with) Solyc03g044300.3"
"interacts with","0.37392","Solyc03g006000.3 (interacts with) Solyc09g090790.3","1.0E-10","false","interacts with","Solyc03g006000.3 (interacts with) Solyc09g090790.3"
"interacts with","0.209793","Solyc06g083170.3 (interacts with) Solyc08g078590.1","1.0E-5","false","interacts with","Solyc06g083170.3 (interacts with) Solyc08g078590.1"
"interacts with","0.631676","Solyc03g006000.3 (interacts with) Solyc04g071160.3","1.0E-20","false","interacts with","Solyc03g006000.3 (interacts with) Solyc04g071160.3"
"interacts with","0.587153","Solyc06g083170.3 (interacts with) Solyc11g071300.2","1.0E-20","false","interacts with","Solyc06g083170.3 (interacts with) Solyc11g071300.2"
"interacts with","0.572012","Solyc05g056120.3 (interacts with) Solyc06g069430.3","1.0E-20","false","interacts with","Solyc05g056120.3 (interacts with) Solyc06g069430.3"
"interacts with","0.538674","Solyc02g093150.3 (interacts with) Solyc08g080150.1","1.0E-15","false","interacts with","Solyc02g093150.3 (interacts with) Solyc08g080150.1"
"interacts with","0.747325","Solyc03g006000.3 (interacts with) Solyc06g069430.3","1.0E-25","false","interacts with","Solyc03g006000.3 (interacts with) Solyc06g069430.3"
"interacts with","0.748424","Solyc06g083170.3 (interacts with) Solyc09g007260.3","1.0E-25","false","interacts with","Solyc06g083170.3 (interacts with) Solyc09g007260.3"
"interacts with","0.534805","Solyc05g056120.3 (interacts with) Solyc10g006880.3","1.0E-15","false","interacts with","Solyc05g056120.3 (interacts with) Solyc10g006880.3"
"interacts with","0.588397","Solyc05g056120.3 (interacts with) Solyc12g013620.2","1.0E-20","false","interacts with","Solyc05g056120.3 (interacts with) Solyc12g013620.2"
"interacts with","0.525959","Solyc02g093150.3 (interacts with) Solyc06g053610.3","1.0E-15","false","interacts with","Solyc02g093150.3 (interacts with) Solyc06g053610.3"
"interacts with","0.554558","Solyc05g056120.3 (interacts with) Solyc06g073980.3","1.0E-15","false","interacts with","Solyc05g056120.3 (interacts with) Solyc06g073980.3"
"interacts with","0.663715","Solyc03g006000.3 (interacts with) Solyc09g089550.3","1.0E-20","false","interacts with","Solyc03g006000.3 (interacts with) Solyc09g089550.3"
"interacts with","0.74144","Solyc06g083170.3 (interacts with) Solyc07g052960.2","1.0E-25","false","interacts with","Solyc06g083170.3 (interacts with) Solyc07g052960.2"
"interacts with","0.549088","Solyc05g056120.3 (interacts with) Solyc10g079050.2","1.0E-15","false","interacts with","Solyc05g056120.3 (interacts with) Solyc10g079050.2"
"interacts with","0.324508","Solyc06g083170.3 (interacts with) Solyc11g065840.2","1.0E-10","false","interacts with","Solyc06g083170.3 (interacts with) Solyc11g065840.2"
"interacts with","0.538215","Solyc05g056120.3 (interacts with) Solyc10g078700.2","1.0E-15","false","interacts with","Solyc05g056120.3 (interacts with) Solyc10g078700.2"
"interacts with","0.509463","Solyc03g006000.3 (interacts with) Solyc12g087830.2","1.0E-15","false","interacts with","Solyc03g006000.3 (interacts with) Solyc12g087830.2"
"interacts with","0.63098","Solyc06g083170.3 (interacts with) Solyc08g068320.3","1.0E-20","false","interacts with","Solyc06g083170.3 (interacts with) Solyc08g068320.3"
"interacts with","0.579991","Solyc05g056120.3 (interacts with) Solyc10g018780.2","1.0E-20","false","interacts with","Solyc05g056120.3 (interacts with) Solyc10g018780.2"
"interacts with","0.415607","Solyc06g083170.3 (interacts with) Solyc08g079120.2","1.0E-10","false","interacts with","Solyc06g083170.3 (interacts with) Solyc08g079120.2"
"interacts with","0.534101","Solyc05g056120.3 (interacts with) Solyc09g065670.3","1.0E-15","false","interacts with","Solyc05g056120.3 (interacts with) Solyc09g065670.3"
"interacts with","0.456094","Solyc06g083170.3 (interacts with) Solyc11g065700.2","1.0E-15","false","interacts with","Solyc06g083170.3 (interacts with) Solyc11g065700.2"
"interacts with","0.569931","Solyc03g006000.3 (interacts with) Solyc03g118190.3","1.0E-15","false","interacts with","Solyc03g006000.3 (interacts with) Solyc03g118190.3"
"interacts with","0.627485","Solyc06g083170.3 (interacts with) Solyc09g082505.1","1.0E-20","false","interacts with","Solyc06g083170.3 (interacts with) Solyc09g082505.1"
"interacts with","0.548417","Solyc05g056120.3 (interacts with) Solyc08g080150.1","1.0E-15","false","interacts with","Solyc05g056120.3 (interacts with) Solyc08g080150.1"
"interacts with","0.34253","Solyc06g083170.3 (interacts with) Solyc11g068480.2","1.0E-10","false","interacts with","Solyc06g083170.3 (interacts with) Solyc11g068480.2"
"interacts with","0.533315","Solyc05g056120.3 (interacts with) Solyc06g036170.1","1.0E-15","false","interacts with","Solyc05g056120.3 (interacts with) Solyc06g036170.1"
"interacts with","0.705642","Solyc06g083170.3 (interacts with) Solyc12g098370.2","1.0E-20","false","interacts with","Solyc06g083170.3 (interacts with) Solyc12g098370.2"
"interacts with","0.564843","Solyc05g056120.3 (interacts with) Solyc11g017470.2","1.0E-15","false","interacts with","Solyc05g056120.3 (interacts with) Solyc11g017470.2"
"interacts with","0.672447","Solyc06g083170.3 (interacts with) Solyc10g084340.2","1.0E-20","false","interacts with","Solyc06g083170.3 (interacts with) Solyc10g084340.2"
"interacts with","0.54766","Solyc05g056120.3 (interacts with) Solyc10g084180.2","1.0E-15","false","interacts with","Solyc05g056120.3 (interacts with) Solyc10g084180.2"
"interacts with","0.694007","Solyc03g006000.3 (interacts with) Solyc04g078640.2","1.0E-20","false","interacts with","Solyc03g006000.3 (interacts with) Solyc04g078640.2"
"interacts with","0.436745","Solyc06g083170.3 (interacts with) Solyc06g083590.3","1.0E-15","false","interacts with","Solyc06g083170.3 (interacts with) Solyc06g083590.3"
"interacts with","0.251758","Solyc09g089550.3 (interacts with) Solyc12g088130.2","1.0E-5","false","interacts with","Solyc09g089550.3 (interacts with) Solyc12g088130.2"
"interacts with","0.379112","Solyc03g006000.3 (interacts with) Solyc12g005830.2","1.0E-10","false","interacts with","Solyc03g006000.3 (interacts with) Solyc12g005830.2"
"interacts with","0.718712","Solyc06g083170.3 (interacts with) Solyc10g079070.2","1.0E-25","false","interacts with","Solyc06g083170.3 (interacts with) Solyc10g079070.2"
"interacts with","0.572293","Solyc05g056120.3 (interacts with) Solyc11g069190.2","1.0E-20","false","interacts with","Solyc05g056120.3 (interacts with) Solyc11g069190.2"
"interacts with","0.654897","Solyc09g089550.3 (interacts with) Solyc10g080770.2","1.0E-20","false","interacts with","Solyc09g089550.3 (interacts with) Solyc10g080770.2"
"interacts with","0.60477","Solyc03g006000.3 (interacts with) Solyc07g066220.3","1.0E-20","false","interacts with","Solyc03g006000.3 (interacts with) Solyc07g066220.3"
"interacts with","0.500046","Solyc06g083170.3 (interacts with) Solyc11g011260.1","1.0E-15","false","interacts with","Solyc06g083170.3 (interacts with) Solyc11g011260.1"
"interacts with","0.531171","Solyc05g056120.3 (interacts with) Solyc12g098370.2","1.0E-15","false","interacts with","Solyc05g056120.3 (interacts with) Solyc12g098370.2"
"interacts with","0.635472","Solyc06g083170.3 (interacts with) Solyc09g010840.1","1.0E-20","false","interacts with","Solyc06g083170.3 (interacts with) Solyc09g010840.1"
"interacts with","0.55844","Solyc05g056120.3 (interacts with) Solyc10g005330.3","1.0E-15","false","interacts with","Solyc05g056120.3 (interacts with) Solyc10g005330.3"
"interacts with","0.733415","Solyc09g089550.3 (interacts with) Solyc12g098520.2","1.0E-25","false","interacts with","Solyc09g089550.3 (interacts with) Solyc12g098520.2"
"interacts with","0.645582","Solyc06g083170.3 (interacts with) Solyc08g005430.3","1.0E-20","false","interacts with","Solyc06g083170.3 (interacts with) Solyc08g005430.3"
"interacts with","0.565844","Solyc05g056120.3 (interacts with) Solyc12g007070.2","1.0E-15","false","interacts with","Solyc05g056120.3 (interacts with) Solyc12g007070.2"
"interacts with","0.582139","Solyc06g083170.3 (interacts with) Solyc10g086640.2","1.0E-20","false","interacts with","Solyc06g083170.3 (interacts with) Solyc10g086640.2"
"interacts with","0.544521","Solyc05g056120.3 (interacts with) Solyc09g007260.3","1.0E-15","false","interacts with","Solyc05g056120.3 (interacts with) Solyc09g007260.3"
"interacts with","0.686358","Solyc06g083170.3 (interacts with) Solyc10g006880.3","1.0E-20","false","interacts with","Solyc06g083170.3 (interacts with) Solyc10g006880.3"
"interacts with","0.540476","Solyc05g056120.3 (interacts with) Solyc08g068320.3","1.0E-15","false","interacts with","Solyc05g056120.3 (interacts with) Solyc08g068320.3"
"interacts with","0.54975","Solyc03g006000.3 (interacts with) Solyc03g043900.1","1.0E-15","false","interacts with","Solyc03g006000.3 (interacts with) Solyc03g043900.1"
"interacts with","0.672675","Solyc06g083170.3 (interacts with) Solyc08g066500.3","1.0E-20","false","interacts with","Solyc06g083170.3 (interacts with) Solyc08g066500.3"
"interacts with","0.435629","Solyc09g089550.3 (interacts with) Solyc10g080480.2","1.0E-15","false","interacts with","Solyc09g089550.3 (interacts with) Solyc10g080480.2"
"interacts with","0.816616","Solyc03g006000.3 (interacts with) Solyc10g080770.2","1.0E-25","false","interacts with","Solyc03g006000.3 (interacts with) Solyc10g080770.2"
"interacts with","0.68441","Solyc06g083170.3 (interacts with) Solyc08g082630.3","1.0E-20","false","interacts with","Solyc06g083170.3 (interacts with) Solyc08g082630.3"
"interacts with","0.569384","Solyc06g083170.3 (interacts with) Solyc11g072500.2","1.0E-15","false","interacts with","Solyc06g083170.3 (interacts with) Solyc11g072500.2"
"interacts with","0.660897","Solyc03g006000.3 (interacts with) Solyc08g060840.1","1.0E-20","false","interacts with","Solyc03g006000.3 (interacts with) Solyc08g060840.1"
"interacts with","0.692302","Solyc06g083170.3 (interacts with) Solyc10g018780.2","1.0E-20","false","interacts with","Solyc06g083170.3 (interacts with) Solyc10g018780.2"
"interacts with","0.631012","Solyc03g006000.3 (interacts with) Solyc07g008180.3","1.0E-20","false","interacts with","Solyc03g006000.3 (interacts with) Solyc07g008180.3"
"interacts with","0.637192","Solyc03g006000.3 (interacts with) Solyc06g076270.3","1.0E-20","false","interacts with","Solyc03g006000.3 (interacts with) Solyc06g076270.3"
"interacts with","0.687039","Solyc03g006000.3 (interacts with) Solyc03g097120.3","1.0E-20","false","interacts with","Solyc03g006000.3 (interacts with) Solyc03g097120.3"
"interacts with","0.518157","Solyc11g072500.2 (interacts with) Solyc12g089240.2","1.0E-15","false","interacts with","Solyc11g072500.2 (interacts with) Solyc12g089240.2"
"interacts with","0.410909","Solyc03g006000.3 (interacts with) Solyc12g098620.2","1.0E-10","false","interacts with","Solyc03g006000.3 (interacts with) Solyc12g098620.2"
"interacts with","0.734305","Solyc03g006000.3 (interacts with) Solyc11g005380.2","1.0E-25","false","interacts with","Solyc03g006000.3 (interacts with) Solyc11g005380.2"
"interacts with","0.262965","Solyc10g007970.2 (interacts with) Solyc11g005380.2","1.0E-5","false","interacts with","Solyc10g007970.2 (interacts with) Solyc11g005380.2"
"interacts with","0.267451","Solyc03g006000.3 (interacts with) Solyc10g007970.2","1.0E-5","false","interacts with","Solyc03g006000.3 (interacts with) Solyc10g007970.2"
"interacts with","0.655836","Solyc03g006000.3 (interacts with) Solyc12g099760.2","1.0E-20","false","interacts with","Solyc03g006000.3 (interacts with) Solyc12g099760.2"
"interacts with","0.587442","Solyc06g076270.3 (interacts with) Solyc12g007180.2","1.0E-20","false","interacts with","Solyc06g076270.3 (interacts with) Solyc12g007180.2"
"interacts with","0.48408","Solyc06g076270.3 (interacts with) Solyc06g083980.2","1.0E-15","false","interacts with","Solyc06g076270.3 (interacts with) Solyc06g083980.2"
"interacts with","0.471845","Solyc06g076270.3 (interacts with) Solyc12g056860.2","1.0E-15","false","interacts with","Solyc06g076270.3 (interacts with) Solyc12g056860.2"
"interacts with","0.410499","Solyc06g076270.3 (interacts with) Solyc12g098620.2","1.0E-10","false","interacts with","Solyc06g076270.3 (interacts with) Solyc12g098620.2"
"interacts with","0.172402","Solyc06g076270.3 (interacts with) Solyc07g052830.3","1.0E-5","false","interacts with","Solyc06g076270.3 (interacts with) Solyc07g052830.3"
"interacts with","0.238048","Solyc06g076270.3 (interacts with) Solyc10g081490.2","1.0E-5","false","interacts with","Solyc06g076270.3 (interacts with) Solyc10g081490.2"
"interacts with","0.666991","Solyc06g076270.3 (interacts with) Solyc08g079100.3","1.0E-20","false","interacts with","Solyc06g076270.3 (interacts with) Solyc08g079100.3"
"interacts with","0.601951","Solyc06g076270.3 (interacts with) Solyc07g008180.3","1.0E-20","false","interacts with","Solyc06g076270.3 (interacts with) Solyc07g008180.3"
"interacts with","0.641576","Solyc06g076270.3 (interacts with) Solyc08g060840.1","1.0E-20","false","interacts with","Solyc06g076270.3 (interacts with) Solyc08g060840.1"
"interacts with","0.489035","Solyc06g076270.3 (interacts with) Solyc08g065420.3","1.0E-15","false","interacts with","Solyc06g076270.3 (interacts with) Solyc08g065420.3"
"interacts with","0.297901","Solyc06g076270.3 (interacts with) Solyc10g008160.3","1.0E-10","false","interacts with","Solyc06g076270.3 (interacts with) Solyc10g008160.3"
"interacts with","0.327741","Solyc06g076270.3 (interacts with) Solyc10g078610.1","1.0E-10","false","interacts with","Solyc06g076270.3 (interacts with) Solyc10g078610.1"
"interacts with","0.452957","Solyc01g060490.3 (interacts with) Solyc06g036170.1","1.0E-15","false","interacts with","Solyc01g060490.3 (interacts with) Solyc06g036170.1"
"interacts with","0.468578","Solyc01g060490.3 (interacts with) Solyc04g078640.2","1.0E-15","false","interacts with","Solyc01g060490.3 (interacts with) Solyc04g078640.2"
"interacts with","0.447092","Solyc01g060490.3 (interacts with) Solyc10g084380.1","1.0E-15","false","interacts with","Solyc01g060490.3 (interacts with) Solyc10g084380.1"
"interacts with","0.446951","Solyc06g069385.1 (interacts with) Solyc06g072040.1","1.0E-15","false","interacts with","Solyc06g069385.1 (interacts with) Solyc06g072040.1"
"interacts with","0.458864","Solyc01g060490.3 (interacts with) Solyc11g017470.2","1.0E-15","false","interacts with","Solyc01g060490.3 (interacts with) Solyc11g017470.2"
"interacts with","0.514322","Solyc06g069385.1 (interacts with) Solyc12g014610.2","1.0E-15","false","interacts with","Solyc06g069385.1 (interacts with) Solyc12g014610.2"
"interacts with","0.458052","Solyc01g060490.3 (interacts with) Solyc12g013620.2","1.0E-15","false","interacts with","Solyc01g060490.3 (interacts with) Solyc12g013620.2"
