"interaction","MI","name","pvalue","selected","shared interaction","shared name"
"interacts with","0.656719","Solyc01g090730.3 (interacts with) Solyc04g078640.2","1.0E-20","false","interacts with","Solyc01g090730.3 (interacts with) Solyc04g078640.2"
"interacts with","0.489141","Solyc05g012020.3 (interacts with) Solyc12g014610.2","1.0E-15","false","interacts with","Solyc05g012020.3 (interacts with) Solyc12g014610.2"
"interacts with","0.47024","Solyc01g060490.3 (interacts with) Solyc01g090560.3","1.0E-15","false","interacts with","Solyc01g060490.3 (interacts with) Solyc01g090560.3"
"interacts with","0.456914","Solyc01g060490.3 (interacts with) Solyc10g018780.2","1.0E-15","false","interacts with","Solyc01g060490.3 (interacts with) Solyc10g018780.2"
"interacts with","0.380893","Solyc12g005420.2 (interacts with) Solyc12g098370.2","1.0E-10","false","interacts with","Solyc12g005420.2 (interacts with) Solyc12g098370.2"
"interacts with","0.489609","Solyc01g060490.3 (interacts with) Solyc09g007260.3","1.0E-15","false","interacts with","Solyc01g060490.3 (interacts with) Solyc09g007260.3"
"interacts with","0.596978","Solyc01g096320.3 (interacts with) Solyc09g010840.1","1.0E-20","false","interacts with","Solyc01g096320.3 (interacts with) Solyc09g010840.1"
"interacts with","0.812068","Solyc05g012020.3 (interacts with) Solyc10g006880.3","1.0E-25","false","interacts with","Solyc05g012020.3 (interacts with) Solyc10g006880.3"
"interacts with","0.44564","Solyc01g060490.3 (interacts with) Solyc08g063040.3","1.0E-15","false","interacts with","Solyc01g060490.3 (interacts with) Solyc08g063040.3"
"interacts with","0.585668","Solyc01g090730.3 (interacts with) Solyc02g067320.2","1.0E-20","false","interacts with","Solyc01g090730.3 (interacts with) Solyc02g067320.2"
"interacts with","0.440807","Solyc01g060490.3 (interacts with) Solyc05g056120.3","1.0E-15","false","interacts with","Solyc01g060490.3 (interacts with) Solyc05g056120.3"
"interacts with","0.6064","Solyc01g096320.3 (interacts with) Solyc10g018780.2","1.0E-20","false","interacts with","Solyc01g096320.3 (interacts with) Solyc10g018780.2"
"interacts with","0.582182","Solyc01g090730.3 (interacts with) Solyc03g006800.1","1.0E-20","false","interacts with","Solyc01g090730.3 (interacts with) Solyc03g006800.1"
"interacts with","0.553014","Solyc01g096320.3 (interacts with) Solyc12g006240.2","1.0E-15","false","interacts with","Solyc01g096320.3 (interacts with) Solyc12g006240.2"
"interacts with","0.448348","Solyc01g060490.3 (interacts with) Solyc06g053960.3","1.0E-15","false","interacts with","Solyc01g060490.3 (interacts with) Solyc06g053960.3"
"interacts with","0.570889","Solyc01g090730.3 (interacts with) Solyc06g005130.3","1.0E-15","false","interacts with","Solyc01g090730.3 (interacts with) Solyc06g005130.3"
"interacts with","0.687754","Solyc01g090560.3 (interacts with) Solyc10g079070.2","1.0E-20","false","interacts with","Solyc01g090560.3 (interacts with) Solyc10g079070.2"
"interacts with","0.666234","Solyc01g090730.3 (interacts with) Solyc10g078700.2","1.0E-20","false","interacts with","Solyc01g090730.3 (interacts with) Solyc10g078700.2"
"interacts with","0.636878","Solyc01g096320.3 (interacts with) Solyc06g053960.3","1.0E-20","false","interacts with","Solyc01g096320.3 (interacts with) Solyc06g053960.3"
"interacts with","0.648596","Solyc01g090730.3 (interacts with) Solyc07g055100.3","1.0E-20","false","interacts with","Solyc01g090730.3 (interacts with) Solyc07g055100.3"
"interacts with","0.589996","Solyc01g090560.3 (interacts with) Solyc10g084380.1","1.0E-20","false","interacts with","Solyc01g090560.3 (interacts with) Solyc10g084380.1"
"interacts with","0.736108","Solyc01g087030.3 (interacts with) Solyc03g097120.3","1.0E-25","false","interacts with","Solyc01g087030.3 (interacts with) Solyc03g097120.3"
"interacts with","0.62597","Solyc01g096320.3 (interacts with) Solyc03g113270.3","1.0E-20","false","interacts with","Solyc01g096320.3 (interacts with) Solyc03g113270.3"
"interacts with","0.592381","Solyc01g087030.3 (interacts with) Solyc04g005800.3","1.0E-20","false","interacts with","Solyc01g087030.3 (interacts with) Solyc04g005800.3"
"interacts with","0.639191","Solyc01g090560.3 (interacts with) Solyc08g066500.3","1.0E-20","false","interacts with","Solyc01g090560.3 (interacts with) Solyc08g066500.3"
"interacts with","0.661922","Solyc01g090560.3 (interacts with) Solyc02g092050.3","1.0E-20","false","interacts with","Solyc01g090560.3 (interacts with) Solyc02g092050.3"
"interacts with","0.709153","Solyc01g087030.3 (interacts with) Solyc10g006880.3","1.0E-20","false","interacts with","Solyc01g087030.3 (interacts with) Solyc10g006880.3"
"interacts with","0.427189","Solyc01g087030.3 (interacts with) Solyc07g006630.3","1.0E-10","false","interacts with","Solyc01g087030.3 (interacts with) Solyc07g006630.3"
"interacts with","0.373225","Solyc01g090560.3 (interacts with) Solyc09g090790.3","1.0E-10","false","interacts with","Solyc01g090560.3 (interacts with) Solyc09g090790.3"
"interacts with","0.490774","Solyc01g087030.3 (interacts with) Solyc03g082550.3","1.0E-15","false","interacts with","Solyc01g087030.3 (interacts with) Solyc03g082550.3"
"interacts with","0.729189","Solyc01g090560.3 (interacts with) Solyc10g018780.2","1.0E-25","false","interacts with","Solyc01g090560.3 (interacts with) Solyc10g018780.2"
"interacts with","0.744379","Solyc01g087030.3 (interacts with) Solyc04g078640.2","1.0E-25","false","interacts with","Solyc01g087030.3 (interacts with) Solyc04g078640.2"
"interacts with","0.540597","Solyc01g090730.3 (interacts with) Solyc05g056120.3","1.0E-15","false","interacts with","Solyc01g090730.3 (interacts with) Solyc05g056120.3"
"interacts with","0.67334","Solyc01g090560.3 (interacts with) Solyc06g063070.3","1.0E-20","false","interacts with","Solyc01g090560.3 (interacts with) Solyc06g063070.3"
"interacts with","0.692771","Solyc01g087030.3 (interacts with) Solyc06g036170.1","1.0E-20","false","interacts with","Solyc01g087030.3 (interacts with) Solyc06g036170.1"
"interacts with","0.301243","Solyc01g087030.3 (interacts with) Solyc08g076230.1","1.0E-10","false","interacts with","Solyc01g087030.3 (interacts with) Solyc08g076230.1"
"interacts with","0.693833","Solyc01g090560.3 (interacts with) Solyc06g053960.3","1.0E-20","false","interacts with","Solyc01g090560.3 (interacts with) Solyc06g053960.3"
"interacts with","0.688869","Solyc01g090560.3 (interacts with) Solyc04g078640.2","1.0E-20","false","interacts with","Solyc01g090560.3 (interacts with) Solyc04g078640.2"
"interacts with","0.507532","Solyc01g087030.3 (interacts with) Solyc01g094485.1","1.0E-15","false","interacts with","Solyc01g087030.3 (interacts with) Solyc01g094485.1"
"interacts with","0.673146","Solyc11g017470.2 (interacts with) Solyc12g098370.2","1.0E-20","false","interacts with","Solyc11g017470.2 (interacts with) Solyc12g098370.2"
"interacts with","0.734987","Solyc01g090560.3 (interacts with) Solyc06g036170.1","1.0E-25","false","interacts with","Solyc01g090560.3 (interacts with) Solyc06g036170.1"
"interacts with","0.652037","Solyc01g090560.3 (interacts with) Solyc07g063970.3","1.0E-20","false","interacts with","Solyc01g090560.3 (interacts with) Solyc07g063970.3"
"interacts with","0.649628","Solyc01g090730.3 (interacts with) Solyc01g104650.3","1.0E-20","false","interacts with","Solyc01g090730.3 (interacts with) Solyc01g104650.3"
"interacts with","0.672817","Solyc01g090560.3 (interacts with) Solyc01g104650.3","1.0E-20","false","interacts with","Solyc01g090560.3 (interacts with) Solyc01g104650.3"
"interacts with","0.473678","Solyc01g087030.3 (interacts with) Solyc11g065700.2","1.0E-15","false","interacts with","Solyc01g087030.3 (interacts with) Solyc11g065700.2"
"interacts with","0.803398","Solyc11g017470.2 (interacts with) Solyc12g013620.2","1.0E-25","false","interacts with","Solyc11g017470.2 (interacts with) Solyc12g013620.2"
"interacts with","0.621768","Solyc01g090730.3 (interacts with) Solyc05g007770.3","1.0E-20","false","interacts with","Solyc01g090730.3 (interacts with) Solyc05g007770.3"
"interacts with","0.545805","Solyc01g090560.3 (interacts with) Solyc06g075140.3","1.0E-15","false","interacts with","Solyc01g090560.3 (interacts with) Solyc06g075140.3"
"interacts with","0.472899","Solyc11g017470.2 (interacts with) Solyc12g099370.2","1.0E-15","false","interacts with","Solyc11g017470.2 (interacts with) Solyc12g099370.2"
"interacts with","0.671153","Solyc01g090560.3 (interacts with) Solyc10g006880.3","1.0E-20","false","interacts with","Solyc01g090560.3 (interacts with) Solyc10g006880.3"
"interacts with","0.391031","Solyc11g017470.2 (interacts with) Solyc12g005420.2","1.0E-10","false","interacts with","Solyc11g017470.2 (interacts with) Solyc12g005420.2"
"interacts with","0.674471","Solyc01g090560.3 (interacts with) Solyc03g097120.3","1.0E-20","false","interacts with","Solyc01g090560.3 (interacts with) Solyc03g097120.3"
"interacts with","0.553085","Solyc11g017470.2 (interacts with) Solyc12g007070.2","1.0E-15","false","interacts with","Solyc11g017470.2 (interacts with) Solyc12g007070.2"
"interacts with","0.504965","Solyc01g090560.3 (interacts with) Solyc02g090220.3","1.0E-15","false","interacts with","Solyc01g090560.3 (interacts with) Solyc02g090220.3"
"interacts with","0.653969","Solyc01g090730.3 (interacts with) Solyc08g068320.3","1.0E-20","false","interacts with","Solyc01g090730.3 (interacts with) Solyc08g068320.3"
"interacts with","0.725982","Solyc01g090730.3 (interacts with) Solyc09g007260.3","1.0E-25","false","interacts with","Solyc01g090730.3 (interacts with) Solyc09g007260.3"
"interacts with","0.719135","Solyc01g090560.3 (interacts with) Solyc09g007260.3","1.0E-25","false","interacts with","Solyc01g090560.3 (interacts with) Solyc09g007260.3"
"interacts with","0.683978","Solyc01g087030.3 (interacts with) Solyc06g069430.3","1.0E-20","false","interacts with","Solyc01g087030.3 (interacts with) Solyc06g069430.3"
"interacts with","0.846732","Solyc01g087030.3 (interacts with) Solyc12g098520.2","1.0E-25","false","interacts with","Solyc01g087030.3 (interacts with) Solyc12g098520.2"
"interacts with","0.704457","Solyc10g018780.2 (interacts with) Solyc12g013620.2","1.0E-20","false","interacts with","Solyc10g018780.2 (interacts with) Solyc12g013620.2"
"interacts with","0.478015","Solyc10g018780.2 (interacts with) Solyc12g014610.2","1.0E-15","false","interacts with","Solyc10g018780.2 (interacts with) Solyc12g014610.2"
"interacts with","0.785725","Solyc01g087030.3 (interacts with) Solyc04g071160.3","1.0E-25","false","interacts with","Solyc01g087030.3 (interacts with) Solyc04g071160.3"
"interacts with","0.698813","Solyc10g018780.2 (interacts with) Solyc10g078700.2","1.0E-20","false","interacts with","Solyc10g018780.2 (interacts with) Solyc10g078700.2"
"interacts with","0.386779","Solyc02g065490.3 (interacts with) Solyc09g007260.3","1.0E-10","false","interacts with","Solyc02g065490.3 (interacts with) Solyc09g007260.3"
"interacts with","0.365819","Solyc01g087030.3 (interacts with) Solyc09g090790.3","1.0E-10","false","interacts with","Solyc01g087030.3 (interacts with) Solyc09g090790.3"
"interacts with","0.682411","Solyc10g018780.2 (interacts with) Solyc12g098370.2","1.0E-20","false","interacts with","Solyc10g018780.2 (interacts with) Solyc12g098370.2"
"interacts with","0.380522","Solyc02g065490.3 (interacts with) Solyc08g063040.3","1.0E-10","false","interacts with","Solyc02g065490.3 (interacts with) Solyc08g063040.3"
"interacts with","0.420194","Solyc01g087030.3 (interacts with) Solyc10g080480.2","1.0E-10","false","interacts with","Solyc01g087030.3 (interacts with) Solyc10g080480.2"
"interacts with","0.383935","Solyc02g065490.3 (interacts with) Solyc07g062680.2","1.0E-10","false","interacts with","Solyc02g065490.3 (interacts with) Solyc07g062680.2"
"interacts with","0.561005","Solyc01g087030.3 (interacts with) Solyc04g076530.3","1.0E-15","false","interacts with","Solyc01g087030.3 (interacts with) Solyc04g076530.3"
"interacts with","0.721874","Solyc10g018780.2 (interacts with) Solyc10g079070.2","1.0E-25","false","interacts with","Solyc10g018780.2 (interacts with) Solyc10g079070.2"
"interacts with","0.572502","Solyc02g085910.3 (interacts with) Solyc04g071160.3","1.0E-20","false","interacts with","Solyc02g085910.3 (interacts with) Solyc04g071160.3"
"interacts with","0.770492","Solyc01g104650.3 (interacts with) Solyc12g013620.2","1.0E-25","false","interacts with","Solyc01g104650.3 (interacts with) Solyc12g013620.2"
"interacts with","0.569287","Solyc01g087030.3 (interacts with) Solyc03g118190.3","1.0E-15","false","interacts with","Solyc01g087030.3 (interacts with) Solyc03g118190.3"
"interacts with","0.458799","Solyc01g104650.3 (interacts with) Solyc07g006630.3","1.0E-15","false","interacts with","Solyc01g104650.3 (interacts with) Solyc07g006630.3"
"interacts with","0.252369","Solyc02g085910.3 (interacts with) Solyc12g088130.2","1.0E-5","false","interacts with","Solyc02g085910.3 (interacts with) Solyc12g088130.2"
"interacts with","0.499131","Solyc01g104650.3 (interacts with) Solyc07g053590.3","1.0E-15","false","interacts with","Solyc01g104650.3 (interacts with) Solyc07g053590.3"
"interacts with","0.752934","Solyc01g087030.3 (interacts with) Solyc04g045430.3","1.0E-25","false","interacts with","Solyc01g087030.3 (interacts with) Solyc04g045430.3"
"interacts with","0.816553","Solyc01g104650.3 (interacts with) Solyc10g006880.3","1.0E-25","false","interacts with","Solyc01g104650.3 (interacts with) Solyc10g006880.3"
"interacts with","0.371903","Solyc02g065490.3 (interacts with) Solyc04g078640.2","1.0E-10","false","interacts with","Solyc02g065490.3 (interacts with) Solyc04g078640.2"
"interacts with","0.370004","Solyc02g065490.3 (interacts with) Solyc05g051460.3","1.0E-10","false","interacts with","Solyc02g065490.3 (interacts with) Solyc05g051460.3"
"interacts with","0.572263","Solyc02g085910.3 (interacts with) Solyc10g079050.2","1.0E-20","false","interacts with","Solyc02g085910.3 (interacts with) Solyc10g079050.2"
"interacts with","0.509707","Solyc01g104650.3 (interacts with) Solyc03g019710.3","1.0E-15","false","interacts with","Solyc01g104650.3 (interacts with) Solyc03g019710.3"
"interacts with","0.715621","Solyc01g087030.3 (interacts with) Solyc03g026020.3","1.0E-25","false","interacts with","Solyc01g087030.3 (interacts with) Solyc03g026020.3"
"interacts with","0.568614","Solyc01g104650.3 (interacts with) Solyc03g043900.1","1.0E-15","false","interacts with","Solyc01g104650.3 (interacts with) Solyc03g043900.1"
"interacts with","0.390748","Solyc02g065490.3 (interacts with) Solyc08g066500.3","1.0E-10","false","interacts with","Solyc02g065490.3 (interacts with) Solyc08g066500.3"
"interacts with","0.590243","Solyc02g085910.3 (interacts with) Solyc04g078640.2","1.0E-20","false","interacts with","Solyc02g085910.3 (interacts with) Solyc04g078640.2"
"interacts with","0.649157","Solyc01g104650.3 (interacts with) Solyc02g078620.1","1.0E-20","false","interacts with","Solyc01g104650.3 (interacts with) Solyc02g078620.1"
"interacts with","0.38464","Solyc02g065490.3 (interacts with) Solyc10g018780.2","1.0E-10","false","interacts with","Solyc02g065490.3 (interacts with) Solyc10g018780.2"
"interacts with","0.448313","Solyc01g087030.3 (interacts with) Solyc11g008830.2","1.0E-15","false","interacts with","Solyc01g087030.3 (interacts with) Solyc11g008830.2"
"interacts with","0.546257","Solyc02g085910.3 (interacts with) Solyc06g036170.1","1.0E-15","false","interacts with","Solyc02g085910.3 (interacts with) Solyc06g036170.1"
"interacts with","0.540108","Solyc01g104650.3 (interacts with) Solyc04g005320.3","1.0E-15","false","interacts with","Solyc01g104650.3 (interacts with) Solyc04g005320.3"
"interacts with","0.370529","Solyc02g065490.3 (interacts with) Solyc10g078700.2","1.0E-10","false","interacts with","Solyc02g065490.3 (interacts with) Solyc10g078700.2"
"interacts with","0.591723","Solyc01g087030.3 (interacts with) Solyc07g063420.3","1.0E-20","false","interacts with","Solyc01g087030.3 (interacts with) Solyc07g063420.3"
"interacts with","0.400822","Solyc01g087030.3 (interacts with) Solyc01g111580.3","1.0E-10","false","interacts with","Solyc01g087030.3 (interacts with) Solyc01g111580.3"
"interacts with","0.308372","Solyc01g104650.3 (interacts with) Solyc08g076230.1","1.0E-10","false","interacts with","Solyc01g104650.3 (interacts with) Solyc08g076230.1"
"interacts with","0.617022","Solyc01g104650.3 (interacts with) Solyc04g014830.2","1.0E-20","false","interacts with","Solyc01g104650.3 (interacts with) Solyc04g014830.2"
"interacts with","0.789402","Solyc01g104650.3 (interacts with) Solyc04g078640.2","1.0E-25","false","interacts with","Solyc01g104650.3 (interacts with) Solyc04g078640.2"
"interacts with","0.575256","Solyc02g085910.3 (interacts with) Solyc03g118190.3","1.0E-20","false","interacts with","Solyc02g085910.3 (interacts with) Solyc03g118190.3"
"interacts with","0.543991","Solyc02g085910.3 (interacts with) Solyc05g012020.3","1.0E-15","false","interacts with","Solyc02g085910.3 (interacts with) Solyc05g012020.3"
"interacts with","0.56946","Solyc02g085910.3 (interacts with) Solyc03g026020.3","1.0E-15","false","interacts with","Solyc02g085910.3 (interacts with) Solyc03g026020.3"
"interacts with","0.465399","Solyc01g104650.3 (interacts with) Solyc12g099370.2","1.0E-15","false","interacts with","Solyc01g104650.3 (interacts with) Solyc12g099370.2"
"interacts with","0.594747","Solyc01g104650.3 (interacts with) Solyc03g006800.1","1.0E-20","false","interacts with","Solyc01g104650.3 (interacts with) Solyc03g006800.1"
"interacts with","0.598206","Solyc03g113620.3 (interacts with) Solyc10g078700.2","1.0E-20","false","interacts with","Solyc03g113620.3 (interacts with) Solyc10g078700.2"
"interacts with","0.681497","Solyc01g104650.3 (interacts with) Solyc02g092050.3","1.0E-20","false","interacts with","Solyc01g104650.3 (interacts with) Solyc02g092050.3"
"interacts with","0.675178","Solyc01g104650.3 (interacts with) Solyc08g082630.3","1.0E-20","false","interacts with","Solyc01g104650.3 (interacts with) Solyc08g082630.3"
"interacts with","0.706997","Solyc01g104650.3 (interacts with) Solyc10g018780.2","1.0E-20","false","interacts with","Solyc01g104650.3 (interacts with) Solyc10g018780.2"
"interacts with","0.584017","Solyc03g113620.3 (interacts with) Solyc06g063070.3","1.0E-20","false","interacts with","Solyc03g113620.3 (interacts with) Solyc06g063070.3"
"interacts with","0.483026","Solyc01g104650.3 (interacts with) Solyc02g068200.1","1.0E-15","false","interacts with","Solyc01g104650.3 (interacts with) Solyc02g068200.1"
"interacts with","0.638677","Solyc01g104650.3 (interacts with) Solyc10g084380.1","1.0E-20","false","interacts with","Solyc01g104650.3 (interacts with) Solyc10g084380.1"
"interacts with","0.62853","Solyc08g068320.3 (interacts with) Solyc11g017470.2","1.0E-20","false","interacts with","Solyc08g068320.3 (interacts with) Solyc11g017470.2"
"interacts with","0.758644","Solyc06g053960.3 (interacts with) Solyc06g069430.3","1.0E-25","false","interacts with","Solyc06g053960.3 (interacts with) Solyc06g069430.3"
"interacts with","0.668769","Solyc01g104650.3 (interacts with) Solyc05g051460.3","1.0E-20","false","interacts with","Solyc01g104650.3 (interacts with) Solyc05g051460.3"
"interacts with","0.673983","Solyc06g053960.3 (interacts with) Solyc08g082630.3","1.0E-20","false","interacts with","Solyc06g053960.3 (interacts with) Solyc08g082630.3"
"interacts with","0.632944","Solyc03g113620.3 (interacts with) Solyc11g017470.2","1.0E-20","false","interacts with","Solyc03g113620.3 (interacts with) Solyc11g017470.2"
"interacts with","0.677149","Solyc08g068320.3 (interacts with) Solyc09g010840.1","1.0E-20","false","interacts with","Solyc08g068320.3 (interacts with) Solyc09g010840.1"
"interacts with","0.644388","Solyc06g053960.3 (interacts with) Solyc08g066500.3","1.0E-20","false","interacts with","Solyc06g053960.3 (interacts with) Solyc08g066500.3"
"interacts with","0.484851","Solyc05g007770.3 (interacts with) Solyc12g014610.2","1.0E-15","false","interacts with","Solyc05g007770.3 (interacts with) Solyc12g014610.2"
"interacts with","0.673713","Solyc06g053960.3 (interacts with) Solyc10g018780.2","1.0E-20","false","interacts with","Solyc06g053960.3 (interacts with) Solyc10g018780.2"
"interacts with","0.613394","Solyc06g053960.3 (interacts with) Solyc12g006240.2","1.0E-20","false","interacts with","Solyc06g053960.3 (interacts with) Solyc12g006240.2"
"interacts with","0.628911","Solyc02g067380.3 (interacts with) Solyc10g005330.3","1.0E-20","false","interacts with","Solyc02g067380.3 (interacts with) Solyc10g005330.3"
"interacts with","0.711243","Solyc03g113620.3 (interacts with) Solyc04g014830.2","1.0E-20","false","interacts with","Solyc03g113620.3 (interacts with) Solyc04g014830.2"
"interacts with","0.580811","Solyc01g104650.3 (interacts with) Solyc03g113620.3","1.0E-20","false","interacts with","Solyc01g104650.3 (interacts with) Solyc03g113620.3"
"interacts with","0.539003","Solyc08g068320.3 (interacts with) Solyc12g014140.2","1.0E-15","false","interacts with","Solyc08g068320.3 (interacts with) Solyc12g014140.2"
"interacts with","0.624647","Solyc02g067380.3 (interacts with) Solyc12g098370.2","1.0E-20","false","interacts with","Solyc02g067380.3 (interacts with) Solyc12g098370.2"
"interacts with","0.639742","Solyc03g113620.3 (interacts with) Solyc04g078640.2","1.0E-20","false","interacts with","Solyc03g113620.3 (interacts with) Solyc04g078640.2"
"interacts with","0.61684","Solyc06g053960.3 (interacts with) Solyc09g018460.1","1.0E-20","false","interacts with","Solyc06g053960.3 (interacts with) Solyc09g018460.1"
"interacts with","0.628807","Solyc02g067380.3 (interacts with) Solyc05g012020.3","1.0E-20","false","interacts with","Solyc02g067380.3 (interacts with) Solyc05g012020.3"
"interacts with","0.593671","Solyc03g113620.3 (interacts with) Solyc06g036170.1","1.0E-20","false","interacts with","Solyc03g113620.3 (interacts with) Solyc06g036170.1"
"interacts with","0.699307","Solyc05g007770.3 (interacts with) Solyc05g012020.3","1.0E-20","false","interacts with","Solyc05g007770.3 (interacts with) Solyc05g012020.3"
"interacts with","0.510884","Solyc01g104650.3 (interacts with) Solyc07g005650.3","1.0E-15","false","interacts with","Solyc01g104650.3 (interacts with) Solyc07g005650.3"
"interacts with","0.647325","Solyc01g104650.3 (interacts with) Solyc09g082505.1","1.0E-20","false","interacts with","Solyc01g104650.3 (interacts with) Solyc09g082505.1"
"interacts with","0.641875","Solyc08g068320.3 (interacts with) Solyc10g079070.2","1.0E-20","false","interacts with","Solyc08g068320.3 (interacts with) Solyc10g079070.2"
"interacts with","0.613469","Solyc06g053960.3 (interacts with) Solyc10g084380.1","1.0E-20","false","interacts with","Solyc06g053960.3 (interacts with) Solyc10g084380.1"
"interacts with","0.494033","Solyc02g067380.3 (interacts with) Solyc03g093610.1","1.0E-15","false","interacts with","Solyc02g067380.3 (interacts with) Solyc03g093610.1"
"interacts with","0.615495","Solyc02g067380.3 (interacts with) Solyc06g053960.3","1.0E-20","false","interacts with","Solyc02g067380.3 (interacts with) Solyc06g053960.3"
"interacts with","0.562638","Solyc01g104650.3 (interacts with) Solyc12g007070.2","1.0E-15","false","interacts with","Solyc01g104650.3 (interacts with) Solyc12g007070.2"
"interacts with","0.677361","Solyc08g068320.3 (interacts with) Solyc10g078700.2","1.0E-20","false","interacts with","Solyc08g068320.3 (interacts with) Solyc10g078700.2"
"interacts with","0.660972","Solyc06g053960.3 (interacts with) Solyc12g098370.2","1.0E-20","false","interacts with","Solyc06g053960.3 (interacts with) Solyc12g098370.2"
"interacts with","0.681752","Solyc05g007770.3 (interacts with) Solyc12g013620.2","1.0E-20","false","interacts with","Solyc05g007770.3 (interacts with) Solyc12g013620.2"
"interacts with","0.76482","Solyc01g104650.3 (interacts with) Solyc10g005330.3","1.0E-25","false","interacts with","Solyc01g104650.3 (interacts with) Solyc10g005330.3"
"interacts with","0.669844","Solyc08g068320.3 (interacts with) Solyc10g018780.2","1.0E-20","false","interacts with","Solyc08g068320.3 (interacts with) Solyc10g018780.2"
"interacts with","0.635228","Solyc06g053960.3 (interacts with) Solyc09g082505.1","1.0E-20","false","interacts with","Solyc06g053960.3 (interacts with) Solyc09g082505.1"
"interacts with","0.677953","Solyc02g067380.3 (interacts with) Solyc10g079070.2","1.0E-20","false","interacts with","Solyc02g067380.3 (interacts with) Solyc10g079070.2"
"interacts with","0.678751","Solyc05g007770.3 (interacts with) Solyc10g006880.3","1.0E-20","false","interacts with","Solyc05g007770.3 (interacts with) Solyc10g006880.3"
"interacts with","0.606981","Solyc06g053960.3 (interacts with) Solyc12g007070.2","1.0E-20","false","interacts with","Solyc06g053960.3 (interacts with) Solyc12g007070.2"
"interacts with","0.635203","Solyc02g067380.3 (interacts with) Solyc04g078640.2","1.0E-20","false","interacts with","Solyc02g067380.3 (interacts with) Solyc04g078640.2"
"interacts with","0.674927","Solyc08g068320.3 (interacts with) Solyc10g006880.3","1.0E-20","false","interacts with","Solyc08g068320.3 (interacts with) Solyc10g006880.3"
"interacts with","0.368206","Solyc06g053960.3 (interacts with) Solyc12g005420.2","1.0E-10","false","interacts with","Solyc06g053960.3 (interacts with) Solyc12g005420.2"
"interacts with","0.621018","Solyc02g067380.3 (interacts with) Solyc06g036170.1","1.0E-20","false","interacts with","Solyc02g067380.3 (interacts with) Solyc06g036170.1"
"interacts with","0.38405","Solyc01g104650.3 (interacts with) Solyc12g005420.2","1.0E-10","false","interacts with","Solyc01g104650.3 (interacts with) Solyc12g005420.2"
"interacts with","0.641106","Solyc08g068320.3 (interacts with) Solyc08g082630.3","1.0E-20","false","interacts with","Solyc08g068320.3 (interacts with) Solyc08g082630.3"
"interacts with","0.619106","Solyc02g067380.3 (interacts with) Solyc02g078620.1","1.0E-20","false","interacts with","Solyc02g067380.3 (interacts with) Solyc02g078620.1"
"interacts with","0.658949","Solyc01g104650.3 (interacts with) Solyc02g067380.3","1.0E-20","false","interacts with","Solyc01g104650.3 (interacts with) Solyc02g067380.3"
"interacts with","0.593544","Solyc06g053960.3 (interacts with) Solyc07g063420.3","1.0E-20","false","interacts with","Solyc06g053960.3 (interacts with) Solyc07g063420.3"
"interacts with","0.595363","Solyc02g067380.3 (interacts with) Solyc05g007770.3","1.0E-20","false","interacts with","Solyc02g067380.3 (interacts with) Solyc05g007770.3"
"interacts with","0.488425","Solyc05g007770.3 (interacts with) Solyc05g050220.3","1.0E-15","false","interacts with","Solyc05g007770.3 (interacts with) Solyc05g050220.3"
"interacts with","0.766119","Solyc01g104650.3 (interacts with) Solyc06g063070.3","1.0E-25","false","interacts with","Solyc01g104650.3 (interacts with) Solyc06g063070.3"
"interacts with","0.639065","Solyc08g068320.3 (interacts with) Solyc10g005330.3","1.0E-20","false","interacts with","Solyc08g068320.3 (interacts with) Solyc10g005330.3"
"interacts with","0.592557","Solyc02g067380.3 (interacts with) Solyc02g082670.3","1.0E-20","false","interacts with","Solyc02g067380.3 (interacts with) Solyc02g082670.3"
"interacts with","0.734992","Solyc01g104650.3 (interacts with) Solyc03g097120.3","1.0E-25","false","interacts with","Solyc01g104650.3 (interacts with) Solyc03g097120.3"
"interacts with","0.434588","Solyc06g053960.3 (interacts with) Solyc07g006630.3","1.0E-15","false","interacts with","Solyc06g053960.3 (interacts with) Solyc07g006630.3"
"interacts with","0.633198","Solyc02g067380.3 (interacts with) Solyc05g051460.3","1.0E-20","false","interacts with","Solyc02g067380.3 (interacts with) Solyc05g051460.3"
"interacts with","0.841018","Solyc06g053960.3 (interacts with) Solyc10g006880.3","1.0E-25","false","interacts with","Solyc06g053960.3 (interacts with) Solyc10g006880.3"
"interacts with","0.651466","Solyc05g007770.3 (interacts with) Solyc11g017470.2","1.0E-20","false","interacts with","Solyc05g007770.3 (interacts with) Solyc11g017470.2"
"interacts with","0.454747","Solyc01g104650.3 (interacts with) Solyc03g082550.3","1.0E-15","false","interacts with","Solyc01g104650.3 (interacts with) Solyc03g082550.3"
"interacts with","0.685544","Solyc06g053960.3 (interacts with) Solyc07g063970.3","1.0E-20","false","interacts with","Solyc06g053960.3 (interacts with) Solyc07g063970.3"
"interacts with","0.473512","Solyc07g005650.3 (interacts with) Solyc11g017470.2","1.0E-15","false","interacts with","Solyc07g005650.3 (interacts with) Solyc11g017470.2"
"interacts with","0.176403","Solyc05g007770.3 (interacts with) Solyc06g050950.3","1.0E-5","false","interacts with","Solyc05g007770.3 (interacts with) Solyc06g050950.3"
"interacts with","0.672622","Solyc08g068320.3 (interacts with) Solyc09g007260.3","1.0E-20","false","interacts with","Solyc08g068320.3 (interacts with) Solyc09g007260.3"
"interacts with","0.745898","Solyc06g053960.3 (interacts with) Solyc11g017470.2","1.0E-25","false","interacts with","Solyc06g053960.3 (interacts with) Solyc11g017470.2"
"interacts with","0.620797","Solyc02g067380.3 (interacts with) Solyc11g017470.2","1.0E-20","false","interacts with","Solyc02g067380.3 (interacts with) Solyc11g017470.2"
"interacts with","0.474036","Solyc07g005650.3 (interacts with) Solyc08g022080.3","1.0E-15","false","interacts with","Solyc07g005650.3 (interacts with) Solyc08g022080.3"
"interacts with","0.640277","Solyc08g068320.3 (interacts with) Solyc09g082505.1","1.0E-20","false","interacts with","Solyc08g068320.3 (interacts with) Solyc09g082505.1"
"interacts with","0.565783","Solyc06g053960.3 (interacts with) Solyc06g075140.3","1.0E-15","false","interacts with","Solyc06g053960.3 (interacts with) Solyc06g075140.3"
"interacts with","0.611004","Solyc02g067380.3 (interacts with) Solyc08g082630.3","1.0E-20","false","interacts with","Solyc02g067380.3 (interacts with) Solyc08g082630.3"
"interacts with","0.539692","Solyc05g007770.3 (interacts with) Solyc12g007070.2","1.0E-15","false","interacts with","Solyc05g007770.3 (interacts with) Solyc12g007070.2"
"interacts with","0.758374","Solyc01g104650.3 (interacts with) Solyc07g063970.3","1.0E-25","false","interacts with","Solyc01g104650.3 (interacts with) Solyc07g063970.3"
"interacts with","0.633352","Solyc08g068320.3 (interacts with) Solyc12g098370.2","1.0E-20","false","interacts with","Solyc08g068320.3 (interacts with) Solyc12g098370.2"
"interacts with","0.792617","Solyc01g104650.3 (interacts with) Solyc06g036170.1","1.0E-25","false","interacts with","Solyc01g104650.3 (interacts with) Solyc06g036170.1"
"interacts with","0.655297","Solyc02g067380.3 (interacts with) Solyc10g006880.3","1.0E-20","false","interacts with","Solyc02g067380.3 (interacts with) Solyc10g006880.3"
"interacts with","0.625453","Solyc05g007770.3 (interacts with) Solyc06g063070.3","1.0E-20","false","interacts with","Solyc05g007770.3 (interacts with) Solyc06g063070.3"
"interacts with","0.823453","Solyc01g104650.3 (interacts with) Solyc11g017470.2","1.0E-25","false","interacts with","Solyc01g104650.3 (interacts with) Solyc11g017470.2"
"interacts with","0.718651","Solyc06g053960.3 (interacts with) Solyc09g007260.3","1.0E-25","false","interacts with","Solyc06g053960.3 (interacts with) Solyc09g007260.3"
"interacts with","0.619876","Solyc02g067380.3 (interacts with) Solyc06g069430.3","1.0E-20","false","interacts with","Solyc02g067380.3 (interacts with) Solyc06g069430.3"
"interacts with","0.475349","Solyc05g007770.3 (interacts with) Solyc12g099140.2","1.0E-15","false","interacts with","Solyc05g007770.3 (interacts with) Solyc12g099140.2"
"interacts with","0.659141","Solyc01g104650.3 (interacts with) Solyc05g007770.3","1.0E-20","false","interacts with","Solyc01g104650.3 (interacts with) Solyc05g007770.3"
"interacts with","0.632442","Solyc02g067380.3 (interacts with) Solyc02g092050.3","1.0E-20","false","interacts with","Solyc02g067380.3 (interacts with) Solyc02g092050.3"
"interacts with","0.57796","Solyc01g104650.3 (interacts with) Solyc06g075140.3","1.0E-20","false","interacts with","Solyc01g104650.3 (interacts with) Solyc06g075140.3"
"interacts with","0.630166","Solyc06g053960.3 (interacts with) Solyc07g062680.2","1.0E-20","false","interacts with","Solyc06g053960.3 (interacts with) Solyc07g062680.2"
"interacts with","0.512044","Solyc01g104650.3 (interacts with) Solyc07g043330.2","1.0E-15","false","interacts with","Solyc01g104650.3 (interacts with) Solyc07g043330.2"
"interacts with","0.613116","Solyc02g067380.3 (interacts with) Solyc10g018780.2","1.0E-20","false","interacts with","Solyc02g067380.3 (interacts with) Solyc10g018780.2"
"interacts with","0.586678","Solyc03g119740.3 (interacts with) Solyc05g012020.3","1.0E-20","false","interacts with","Solyc03g119740.3 (interacts with) Solyc05g012020.3"
"interacts with","0.668903","Solyc02g067380.3 (interacts with) Solyc10g078700.2","1.0E-20","false","interacts with","Solyc02g067380.3 (interacts with) Solyc10g078700.2"
"interacts with","0.668473","Solyc05g007770.3 (interacts with) Solyc10g018780.2","1.0E-20","false","interacts with","Solyc05g007770.3 (interacts with) Solyc10g018780.2"
"interacts with","0.660184","Solyc05g007770.3 (interacts with) Solyc10g078700.2","1.0E-20","false","interacts with","Solyc05g007770.3 (interacts with) Solyc10g078700.2"
"interacts with","0.672824","Solyc06g053960.3 (interacts with) Solyc08g068320.3","1.0E-20","false","interacts with","Solyc06g053960.3 (interacts with) Solyc08g068320.3"
"interacts with","0.65591","Solyc05g007770.3 (interacts with) Solyc06g073980.3","1.0E-20","false","interacts with","Solyc05g007770.3 (interacts with) Solyc06g073980.3"
"interacts with","0.351564","Solyc06g053960.3 (interacts with) Solyc11g065840.2","1.0E-10","false","interacts with","Solyc06g053960.3 (interacts with) Solyc11g065840.2"
"interacts with","0.547585","Solyc03g119740.3 (interacts with) Solyc10g079070.2","1.0E-15","false","interacts with","Solyc03g119740.3 (interacts with) Solyc10g079070.2"
"interacts with","0.600292","Solyc03g119740.3 (interacts with) Solyc04g078640.2","1.0E-20","false","interacts with","Solyc03g119740.3 (interacts with) Solyc04g078640.2"
"interacts with","0.630582","Solyc05g007770.3 (interacts with) Solyc10g079070.2","1.0E-20","false","interacts with","Solyc05g007770.3 (interacts with) Solyc10g079070.2"
"interacts with","0.739541","Solyc01g104650.3 (interacts with) Solyc05g012020.3","1.0E-25","false","interacts with","Solyc01g104650.3 (interacts with) Solyc05g012020.3"
"interacts with","0.633666","Solyc05g007770.3 (interacts with) Solyc05g051460.3","1.0E-20","false","interacts with","Solyc05g007770.3 (interacts with) Solyc05g051460.3"
"interacts with","0.706065","Solyc01g104650.3 (interacts with) Solyc09g007260.3","1.0E-20","false","interacts with","Solyc01g104650.3 (interacts with) Solyc09g007260.3"
"interacts with","0.544354","Solyc03g119740.3 (interacts with) Solyc10g079050.2","1.0E-15","false","interacts with","Solyc03g119740.3 (interacts with) Solyc10g079050.2"
"interacts with","0.629408","Solyc01g104650.3 (interacts with) Solyc08g068320.3","1.0E-20","false","interacts with","Solyc01g104650.3 (interacts with) Solyc08g068320.3"
"interacts with","0.765508","Solyc01g104650.3 (interacts with) Solyc06g069430.3","1.0E-25","false","interacts with","Solyc01g104650.3 (interacts with) Solyc06g069430.3"
"interacts with","0.629121","Solyc03g006800.1 (interacts with) Solyc11g017470.2","1.0E-20","false","interacts with","Solyc03g006800.1 (interacts with) Solyc11g017470.2"
"interacts with","0.622775","Solyc03g006800.1 (interacts with) Solyc05g007770.3","1.0E-20","false","interacts with","Solyc03g006800.1 (interacts with) Solyc05g007770.3"
"interacts with","0.643177","Solyc01g104650.3 (interacts with) Solyc08g066500.3","1.0E-20","false","interacts with","Solyc01g104650.3 (interacts with) Solyc08g066500.3"
"interacts with","0.741918","Solyc01g104650.3 (interacts with) Solyc10g078700.2","1.0E-25","false","interacts with","Solyc01g104650.3 (interacts with) Solyc10g078700.2"
"interacts with","0.536726","Solyc03g006800.1 (interacts with) Solyc12g007070.2","1.0E-15","false","interacts with","Solyc03g006800.1 (interacts with) Solyc12g007070.2"
"interacts with","0.582149","Solyc03g006800.1 (interacts with) Solyc10g079070.2","1.0E-20","false","interacts with","Solyc03g006800.1 (interacts with) Solyc10g079070.2"
"interacts with","0.579231","Solyc03g006800.1 (interacts with) Solyc04g078640.2","1.0E-20","false","interacts with","Solyc03g006800.1 (interacts with) Solyc04g078640.2"
"interacts with","0.60304","Solyc03g006800.1 (interacts with) Solyc10g018780.2","1.0E-20","false","interacts with","Solyc03g006800.1 (interacts with) Solyc10g018780.2"
"interacts with","0.601193","Solyc01g104650.3 (interacts with) Solyc12g006240.2","1.0E-20","false","interacts with","Solyc01g104650.3 (interacts with) Solyc12g006240.2"
"interacts with","0.610425","Solyc03g006800.1 (interacts with) Solyc10g078700.2","1.0E-20","false","interacts with","Solyc03g006800.1 (interacts with) Solyc10g078700.2"
"interacts with","0.757242","Solyc01g104650.3 (interacts with) Solyc10g079070.2","1.0E-25","false","interacts with","Solyc01g104650.3 (interacts with) Solyc10g079070.2"
"interacts with","0.599208","Solyc03g006800.1 (interacts with) Solyc05g012020.3","1.0E-20","false","interacts with","Solyc03g006800.1 (interacts with) Solyc05g012020.3"
"interacts with","0.505826","Solyc01g104650.3 (interacts with) Solyc04g076530.3","1.0E-15","false","interacts with","Solyc01g104650.3 (interacts with) Solyc04g076530.3"
"interacts with","0.583683","Solyc03g006800.1 (interacts with) Solyc12g013620.2","1.0E-20","false","interacts with","Solyc03g006800.1 (interacts with) Solyc12g013620.2"
"interacts with","0.601829","Solyc01g104650.3 (interacts with) Solyc08g076860.3","1.0E-20","false","interacts with","Solyc01g104650.3 (interacts with) Solyc08g076860.3"
"interacts with","0.640952","Solyc03g006800.1 (interacts with) Solyc10g006880.3","1.0E-20","false","interacts with","Solyc03g006800.1 (interacts with) Solyc10g006880.3"
"interacts with","0.571159","Solyc06g005130.3 (interacts with) Solyc10g005330.3","1.0E-15","false","interacts with","Solyc06g005130.3 (interacts with) Solyc10g005330.3"
"interacts with","0.756098","Solyc01g104650.3 (interacts with) Solyc06g053960.3","1.0E-25","false","interacts with","Solyc01g104650.3 (interacts with) Solyc06g053960.3"
"interacts with","0.685226","Solyc01g104650.3 (interacts with) Solyc12g098370.2","1.0E-20","false","interacts with","Solyc01g104650.3 (interacts with) Solyc12g098370.2"
"interacts with","0.60482","Solyc01g104650.3 (interacts with) Solyc04g005610.3","1.0E-20","false","interacts with","Solyc01g104650.3 (interacts with) Solyc04g005610.3"
"interacts with","0.576093","Solyc01g104650.3 (interacts with) Solyc05g056120.3","1.0E-20","false","interacts with","Solyc01g104650.3 (interacts with) Solyc05g056120.3"
"interacts with","0.594245","Solyc06g005130.3 (interacts with) Solyc06g069430.3","1.0E-20","false","interacts with","Solyc06g005130.3 (interacts with) Solyc06g069430.3"
"interacts with","0.683039","Solyc09g082505.1 (interacts with) Solyc10g079070.2","1.0E-20","false","interacts with","Solyc09g082505.1 (interacts with) Solyc10g079070.2"
"interacts with","0.544985","Solyc06g005130.3 (interacts with) Solyc10g006880.3","1.0E-15","false","interacts with","Solyc06g005130.3 (interacts with) Solyc10g006880.3"
"interacts with","0.541998","Solyc06g005130.3 (interacts with) Solyc06g073980.3","1.0E-15","false","interacts with","Solyc06g005130.3 (interacts with) Solyc06g073980.3"
"interacts with","0.572145","Solyc06g005130.3 (interacts with) Solyc10g018780.2","1.0E-20","false","interacts with","Solyc06g005130.3 (interacts with) Solyc10g018780.2"
"interacts with","0.623066","Solyc09g082505.1 (interacts with) Solyc10g018780.2","1.0E-20","false","interacts with","Solyc09g082505.1 (interacts with) Solyc10g018780.2"
"interacts with","0.655588","Solyc09g082505.1 (interacts with) Solyc10g078700.2","1.0E-20","false","interacts with","Solyc09g082505.1 (interacts with) Solyc10g078700.2"
"interacts with","0.615303","Solyc09g082505.1 (interacts with) Solyc12g013620.2","1.0E-20","false","interacts with","Solyc09g082505.1 (interacts with) Solyc12g013620.2"
"interacts with","0.673456","Solyc09g082505.1 (interacts with) Solyc10g006880.3","1.0E-20","false","interacts with","Solyc09g082505.1 (interacts with) Solyc10g006880.3"
"interacts with","0.727319","Solyc07g055100.3 (interacts with) Solyc10g006880.3","1.0E-25","false","interacts with","Solyc07g055100.3 (interacts with) Solyc10g006880.3"
"interacts with","0.691331","Solyc07g055100.3 (interacts with) Solyc12g013620.2","1.0E-20","false","interacts with","Solyc07g055100.3 (interacts with) Solyc12g013620.2"
"interacts with","0.660527","Solyc07g055100.3 (interacts with) Solyc10g018780.2","1.0E-20","false","interacts with","Solyc07g055100.3 (interacts with) Solyc10g018780.2"
"interacts with","0.668254","Solyc07g055100.3 (interacts with) Solyc10g078700.2","1.0E-20","false","interacts with","Solyc07g055100.3 (interacts with) Solyc10g078700.2"
"interacts with","0.639559","Solyc07g055100.3 (interacts with) Solyc12g098370.2","1.0E-20","false","interacts with","Solyc07g055100.3 (interacts with) Solyc12g098370.2"
"interacts with","0.435351","Solyc07g055100.3 (interacts with) Solyc12g099140.2","1.0E-15","false","interacts with","Solyc07g055100.3 (interacts with) Solyc12g099140.2"
"interacts with","0.170011","Solyc06g050950.3 (interacts with) Solyc12g013620.2","1.0E-5","false","interacts with","Solyc06g050950.3 (interacts with) Solyc12g013620.2"
"interacts with","0.181371","Solyc06g050950.3 (interacts with) Solyc08g022080.3","1.0E-5","false","interacts with","Solyc06g050950.3 (interacts with) Solyc08g022080.3"
"interacts with","0.473287","Solyc05g050220.3 (interacts with) Solyc10g005330.3","1.0E-15","false","interacts with","Solyc05g050220.3 (interacts with) Solyc10g005330.3"
"interacts with","0.17069","Solyc06g050950.3 (interacts with) Solyc08g076860.3","1.0E-5","false","interacts with","Solyc06g050950.3 (interacts with) Solyc08g076860.3"
"interacts with","0.521396","Solyc01g096810.3 (interacts with) Solyc02g068200.1","1.0E-15","false","interacts with","Solyc01g096810.3 (interacts with) Solyc02g068200.1"
"interacts with","0.707777","Solyc10g079070.2 (interacts with) Solyc11g017470.2","1.0E-20","false","interacts with","Solyc10g079070.2 (interacts with) Solyc11g017470.2"
"interacts with","0.587655","Solyc10g079070.2 (interacts with) Solyc10g084380.1","1.0E-20","false","interacts with","Solyc10g079070.2 (interacts with) Solyc10g084380.1"
"interacts with","0.265782","Solyc01g096810.3 (interacts with) Solyc12g088130.2","1.0E-5","false","interacts with","Solyc01g096810.3 (interacts with) Solyc12g088130.2"
"interacts with","0.482236","Solyc05g050220.3 (interacts with) Solyc12g098370.2","1.0E-15","false","interacts with","Solyc05g050220.3 (interacts with) Solyc12g098370.2"
"interacts with","0.493275","Solyc05g050220.3 (interacts with) Solyc06g036170.1","1.0E-15","false","interacts with","Solyc05g050220.3 (interacts with) Solyc06g036170.1"
"interacts with","0.691754","Solyc01g096810.3 (interacts with) Solyc12g098520.2","1.0E-20","false","interacts with","Solyc01g096810.3 (interacts with) Solyc12g098520.2"
"interacts with","0.491127","Solyc05g050220.3 (interacts with) Solyc10g079070.2","1.0E-15","false","interacts with","Solyc05g050220.3 (interacts with) Solyc10g079070.2"
"interacts with","0.377184","Solyc10g079070.2 (interacts with) Solyc12g005420.2","1.0E-10","false","interacts with","Solyc10g079070.2 (interacts with) Solyc12g005420.2"
"interacts with","0.646349","Solyc01g096810.3 (interacts with) Solyc04g071160.3","1.0E-20","false","interacts with","Solyc01g096810.3 (interacts with) Solyc04g071160.3"
"interacts with","0.472083","Solyc05g050220.3 (interacts with) Solyc12g013620.2","1.0E-15","false","interacts with","Solyc05g050220.3 (interacts with) Solyc12g013620.2"
"interacts with","0.52386","Solyc05g050220.3 (interacts with) Solyc10g078700.2","1.0E-15","false","interacts with","Solyc05g050220.3 (interacts with) Solyc10g078700.2"
"interacts with","0.49858","Solyc10g079070.2 (interacts with) Solyc12g014610.2","1.0E-15","false","interacts with","Solyc10g079070.2 (interacts with) Solyc12g014610.2"
"interacts with","0.695817","Solyc01g096810.3 (interacts with) Solyc09g089550.3","1.0E-20","false","interacts with","Solyc01g096810.3 (interacts with) Solyc09g089550.3"
"interacts with","0.595009","Solyc01g096810.3 (interacts with) Solyc06g063070.3","1.0E-20","false","interacts with","Solyc01g096810.3 (interacts with) Solyc06g063070.3"
"interacts with","0.457442","Solyc10g079070.2 (interacts with) Solyc12g099370.2","1.0E-15","false","interacts with","Solyc10g079070.2 (interacts with) Solyc12g099370.2"
"interacts with","0.640302","Solyc01g096810.3 (interacts with) Solyc03g026020.3","1.0E-20","false","interacts with","Solyc01g096810.3 (interacts with) Solyc03g026020.3"
"interacts with","0.761743","Solyc10g079070.2 (interacts with) Solyc12g098370.2","1.0E-25","false","interacts with","Solyc10g079070.2 (interacts with) Solyc12g098370.2"
"interacts with","0.356787","Solyc01g096810.3 (interacts with) Solyc05g007880.3","1.0E-10","false","interacts with","Solyc01g096810.3 (interacts with) Solyc05g007880.3"
"interacts with","0.376899","Solyc10g084380.1 (interacts with) Solyc12g005420.2","1.0E-10","false","interacts with","Solyc10g084380.1 (interacts with) Solyc12g005420.2"
"interacts with","0.365617","Solyc01g087240.3 (interacts with) Solyc04g078640.2","1.0E-10","false","interacts with","Solyc01g087240.3 (interacts with) Solyc04g078640.2"
"interacts with","0.641474","Solyc01g096810.3 (interacts with) Solyc04g078640.2","1.0E-20","false","interacts with","Solyc01g096810.3 (interacts with) Solyc04g078640.2"
"interacts with","0.598883","Solyc10g084380.1 (interacts with) Solyc11g017470.2","1.0E-20","false","interacts with","Solyc10g084380.1 (interacts with) Solyc11g017470.2"
"interacts with","0.353185","Solyc01g087240.3 (interacts with) Solyc11g017470.2","1.0E-10","false","interacts with","Solyc01g087240.3 (interacts with) Solyc11g017470.2"
"interacts with","0.356084","Solyc01g087240.3 (interacts with) Solyc10g006880.3","1.0E-10","false","interacts with","Solyc01g087240.3 (interacts with) Solyc10g006880.3"
"interacts with","0.555803","Solyc04g005320.3 (interacts with) Solyc10g005330.3","1.0E-15","false","interacts with","Solyc04g005320.3 (interacts with) Solyc10g005330.3"
"interacts with","0.56553","Solyc04g005320.3 (interacts with) Solyc06g069430.3","1.0E-15","false","interacts with","Solyc04g005320.3 (interacts with) Solyc06g069430.3"
"interacts with","0.381127","Solyc01g087240.3 (interacts with) Solyc03g120910.3","1.0E-10","false","interacts with","Solyc01g087240.3 (interacts with) Solyc03g120910.3"
"interacts with","0.536193","Solyc04g005320.3 (interacts with) Solyc10g006880.3","1.0E-15","false","interacts with","Solyc04g005320.3 (interacts with) Solyc10g006880.3"
"interacts with","0.535454","Solyc04g005320.3 (interacts with) Solyc08g066500.3","1.0E-15","false","interacts with","Solyc04g005320.3 (interacts with) Solyc08g066500.3"
"interacts with","0.590291","Solyc01g079260.3 (interacts with) Solyc06g063070.3","1.0E-20","false","interacts with","Solyc01g079260.3 (interacts with) Solyc06g063070.3"
"interacts with","0.434702","Solyc01g079260.3 (interacts with) Solyc12g099140.2","1.0E-15","false","interacts with","Solyc01g079260.3 (interacts with) Solyc12g099140.2"
"interacts with","0.560959","Solyc04g005320.3 (interacts with) Solyc07g063970.3","1.0E-15","false","interacts with","Solyc04g005320.3 (interacts with) Solyc07g063970.3"
"interacts with","0.533705","Solyc04g005320.3 (interacts with) Solyc04g078640.2","1.0E-15","false","interacts with","Solyc04g005320.3 (interacts with) Solyc04g078640.2"
"interacts with","0.527578","Solyc04g005320.3 (interacts with) Solyc09g018460.1","1.0E-15","false","interacts with","Solyc04g005320.3 (interacts with) Solyc09g018460.1"
"interacts with","0.372174","Solyc01g087240.3 (interacts with) Solyc03g113270.3","1.0E-10","false","interacts with","Solyc01g087240.3 (interacts with) Solyc03g113270.3"
"interacts with","0.640772","Solyc01g079260.3 (interacts with) Solyc06g069430.3","1.0E-20","false","interacts with","Solyc01g079260.3 (interacts with) Solyc06g069430.3"
"interacts with","0.565063","Solyc04g005320.3 (interacts with) Solyc10g079070.2","1.0E-15","false","interacts with","Solyc04g005320.3 (interacts with) Solyc10g079070.2"
"interacts with","0.509113","Solyc04g005320.3 (interacts with) Solyc06g075140.3","1.0E-15","false","interacts with","Solyc04g005320.3 (interacts with) Solyc06g075140.3"
"interacts with","0.585413","Solyc01g079260.3 (interacts with) Solyc08g076860.3","1.0E-20","false","interacts with","Solyc01g079260.3 (interacts with) Solyc08g076860.3"
"interacts with","0.620291","Solyc01g079260.3 (interacts with) Solyc10g079070.2","1.0E-20","false","interacts with","Solyc01g079260.3 (interacts with) Solyc10g079070.2"
"interacts with","0.59484","Solyc01g079260.3 (interacts with) Solyc09g018460.1","1.0E-20","false","interacts with","Solyc01g079260.3 (interacts with) Solyc09g018460.1"
"interacts with","0.655917","Solyc01g079260.3 (interacts with) Solyc05g012020.3","1.0E-20","false","interacts with","Solyc01g079260.3 (interacts with) Solyc05g012020.3"
"interacts with","0.537042","Solyc01g079260.3 (interacts with) Solyc03g043900.1","1.0E-15","false","interacts with","Solyc01g079260.3 (interacts with) Solyc03g043900.1"
"interacts with","0.607275","Solyc01g079260.3 (interacts with) Solyc10g006880.3","1.0E-20","false","interacts with","Solyc01g079260.3 (interacts with) Solyc10g006880.3"
"interacts with","0.607093","Solyc01g079260.3 (interacts with) Solyc03g006000.3","1.0E-20","false","interacts with","Solyc01g079260.3 (interacts with) Solyc03g006000.3"
"interacts with","0.658147","Solyc01g079260.3 (interacts with) Solyc02g082670.3","1.0E-20","false","interacts with","Solyc01g079260.3 (interacts with) Solyc02g082670.3"
"interacts with","0.646166","Solyc04g071160.3 (interacts with) Solyc08g076860.3","1.0E-20","false","interacts with","Solyc04g071160.3 (interacts with) Solyc08g076860.3"
"interacts with","0.5956","Solyc01g079260.3 (interacts with) Solyc01g104650.3","1.0E-20","false","interacts with","Solyc01g079260.3 (interacts with) Solyc01g104650.3"
"interacts with","0.53098","Solyc04g071160.3 (interacts with) Solyc12g014140.2","1.0E-15","false","interacts with","Solyc04g071160.3 (interacts with) Solyc12g014140.2"
"interacts with","0.640097","Solyc01g079260.3 (interacts with) Solyc11g017470.2","1.0E-20","false","interacts with","Solyc01g079260.3 (interacts with) Solyc11g017470.2"
"interacts with","0.639014","Solyc08g076860.3 (interacts with) Solyc11g017470.2","1.0E-20","false","interacts with","Solyc08g076860.3 (interacts with) Solyc11g017470.2"
"interacts with","0.45168","Solyc08g076860.3 (interacts with) Solyc11g008830.2","1.0E-15","false","interacts with","Solyc08g076860.3 (interacts with) Solyc11g008830.2"
"interacts with","0.594196","Solyc01g079260.3 (interacts with) Solyc06g036170.1","1.0E-20","false","interacts with","Solyc01g079260.3 (interacts with) Solyc06g036170.1"
"interacts with","0.716481","Solyc07g063970.3 (interacts with) Solyc10g079070.2","1.0E-25","false","interacts with","Solyc07g063970.3 (interacts with) Solyc10g079070.2"
"interacts with","0.59842","Solyc01g079260.3 (interacts with) Solyc04g078640.2","1.0E-20","false","interacts with","Solyc01g079260.3 (interacts with) Solyc04g078640.2"
"interacts with","0.611527","Solyc07g063970.3 (interacts with) Solyc09g018460.1","1.0E-20","false","interacts with","Solyc07g063970.3 (interacts with) Solyc09g018460.1"
"interacts with","0.665269","Solyc07g063970.3 (interacts with) Solyc10g018780.2","1.0E-20","false","interacts with","Solyc07g063970.3 (interacts with) Solyc10g018780.2"
"interacts with","0.807688","Solyc04g071160.3 (interacts with) Solyc12g098520.2","1.0E-25","false","interacts with","Solyc04g071160.3 (interacts with) Solyc12g098520.2"
"interacts with","0.684667","Solyc07g063970.3 (interacts with) Solyc10g078700.2","1.0E-20","false","interacts with","Solyc07g063970.3 (interacts with) Solyc10g078700.2"
"interacts with","0.611299","Solyc08g076860.3 (interacts with) Solyc10g079070.2","1.0E-20","false","interacts with","Solyc08g076860.3 (interacts with) Solyc10g079070.2"
"interacts with","0.37927","Solyc07g063970.3 (interacts with) Solyc09g090790.3","1.0E-10","false","interacts with","Solyc07g063970.3 (interacts with) Solyc09g090790.3"
"interacts with","0.707426","Solyc07g063970.3 (interacts with) Solyc12g013620.2","1.0E-20","false","interacts with","Solyc07g063970.3 (interacts with) Solyc12g013620.2"
"interacts with","0.628096","Solyc04g071160.3 (interacts with) Solyc06g008200.3","1.0E-20","false","interacts with","Solyc04g071160.3 (interacts with) Solyc06g008200.3"
"interacts with","0.729035","Solyc07g063970.3 (interacts with) Solyc10g006880.3","1.0E-25","false","interacts with","Solyc07g063970.3 (interacts with) Solyc10g006880.3"
"interacts with","0.443466","Solyc07g063970.3 (interacts with) Solyc11g008830.2","1.0E-15","false","interacts with","Solyc07g063970.3 (interacts with) Solyc11g008830.2"
"interacts with","0.495238","Solyc04g071160.3 (interacts with) Solyc11g065700.2","1.0E-15","false","interacts with","Solyc04g071160.3 (interacts with) Solyc11g065700.2"
"interacts with","0.695248","Solyc07g063970.3 (interacts with) Solyc10g005330.3","1.0E-20","false","interacts with","Solyc07g063970.3 (interacts with) Solyc10g005330.3"
"interacts with","0.530518","Solyc04g071160.3 (interacts with) Solyc07g043330.2","1.0E-15","false","interacts with","Solyc04g071160.3 (interacts with) Solyc07g043330.2"
"interacts with","0.679386","Solyc07g063970.3 (interacts with) Solyc09g007260.3","1.0E-20","false","interacts with","Solyc07g063970.3 (interacts with) Solyc09g007260.3"
"interacts with","0.267591","Solyc07g063970.3 (interacts with) Solyc10g007970.2","1.0E-5","false","interacts with","Solyc07g063970.3 (interacts with) Solyc10g007970.2"
"interacts with","0.81169","Solyc04g071160.3 (interacts with) Solyc04g078640.2","1.0E-25","false","interacts with","Solyc04g071160.3 (interacts with) Solyc04g078640.2"
"interacts with","0.766503","Solyc04g071160.3 (interacts with) Solyc06g036170.1","1.0E-25","false","interacts with","Solyc04g071160.3 (interacts with) Solyc06g036170.1"
"interacts with","0.672526","Solyc07g063970.3 (interacts with) Solyc09g082505.1","1.0E-20","false","interacts with","Solyc07g063970.3 (interacts with) Solyc09g082505.1"
"interacts with","0.578144","Solyc04g071160.3 (interacts with) Solyc08g022080.3","1.0E-20","false","interacts with","Solyc04g071160.3 (interacts with) Solyc08g022080.3"
"interacts with","0.644212","Solyc01g091000.3 (interacts with) Solyc04g005800.3","1.0E-20","false","interacts with","Solyc01g091000.3 (interacts with) Solyc04g005800.3"
"interacts with","0.618479","Solyc01g091000.3 (interacts with) Solyc08g006260.2","1.0E-20","false","interacts with","Solyc01g091000.3 (interacts with) Solyc08g006260.2"
"interacts with","0.62026","Solyc01g091000.3 (interacts with) Solyc02g082670.3","1.0E-20","false","interacts with","Solyc01g091000.3 (interacts with) Solyc02g082670.3"
"interacts with","0.619052","Solyc01g091000.3 (interacts with) Solyc05g007770.3","1.0E-20","false","interacts with","Solyc01g091000.3 (interacts with) Solyc05g007770.3"
"interacts with","0.665414","Solyc01g091000.3 (interacts with) Solyc04g078640.2","1.0E-20","false","interacts with","Solyc01g091000.3 (interacts with) Solyc04g078640.2"
"interacts with","0.588859","Solyc01g091000.3 (interacts with) Solyc04g014830.2","1.0E-20","false","interacts with","Solyc01g091000.3 (interacts with) Solyc04g014830.2"
"interacts with","0.271456","Solyc07g063410.3 (interacts with) Solyc09g010840.1","1.0E-5","false","interacts with","Solyc07g063410.3 (interacts with) Solyc09g010840.1"
"interacts with","0.482301","Solyc01g091000.3 (interacts with) Solyc05g050220.3","1.0E-15","false","interacts with","Solyc01g091000.3 (interacts with) Solyc05g050220.3"
"interacts with","0.26842","Solyc07g063410.3 (interacts with) Solyc07g063420.3","1.0E-5","false","interacts with","Solyc07g063410.3 (interacts with) Solyc07g063420.3"
"interacts with","0.686978","Solyc01g091000.3 (interacts with) Solyc05g012020.3","1.0E-20","false","interacts with","Solyc01g091000.3 (interacts with) Solyc05g012020.3"
"interacts with","0.511992","Solyc01g091000.3 (interacts with) Solyc07g043330.2","1.0E-15","false","interacts with","Solyc01g091000.3 (interacts with) Solyc07g043330.2"
"interacts with","0.520115","Solyc01g091000.3 (interacts with) Solyc12g014610.2","1.0E-15","false","interacts with","Solyc01g091000.3 (interacts with) Solyc12g014610.2"
"interacts with","0.443249","Solyc07g006630.3 (interacts with) Solyc12g098520.2","1.0E-15","false","interacts with","Solyc07g006630.3 (interacts with) Solyc12g098520.2"
"interacts with","0.587898","Solyc01g091000.3 (interacts with) Solyc02g067320.2","1.0E-20","false","interacts with","Solyc01g091000.3 (interacts with) Solyc02g067320.2"
"interacts with","0.583954","Solyc01g091000.3 (interacts with) Solyc03g006800.1","1.0E-20","false","interacts with","Solyc01g091000.3 (interacts with) Solyc03g006800.1"
"interacts with","0.421169","Solyc07g006630.3 (interacts with) Solyc10g006880.3","1.0E-10","false","interacts with","Solyc07g006630.3 (interacts with) Solyc10g006880.3"
"interacts with","0.441886","Solyc07g006630.3 (interacts with) Solyc07g063970.3","1.0E-15","false","interacts with","Solyc07g006630.3 (interacts with) Solyc07g063970.3"
"interacts with","0.415089","Solyc07g006630.3 (interacts with) Solyc10g005330.3","1.0E-10","false","interacts with","Solyc07g006630.3 (interacts with) Solyc10g005330.3"
"interacts with","0.706291","Solyc01g091000.3 (interacts with) Solyc10g078700.2","1.0E-20","false","interacts with","Solyc01g091000.3 (interacts with) Solyc10g078700.2"
"interacts with","0.418536","Solyc07g006630.3 (interacts with) Solyc09g007260.3","1.0E-10","false","interacts with","Solyc07g006630.3 (interacts with) Solyc09g007260.3"
"interacts with","0.653979","Solyc01g091000.3 (interacts with) Solyc10g018780.2","1.0E-20","false","interacts with","Solyc01g091000.3 (interacts with) Solyc10g018780.2"
"interacts with","0.653085","Solyc01g091000.3 (interacts with) Solyc06g069430.3","1.0E-20","false","interacts with","Solyc01g091000.3 (interacts with) Solyc06g069430.3"
"interacts with","0.413825","Solyc07g006630.3 (interacts with) Solyc07g063420.3","1.0E-10","false","interacts with","Solyc07g006630.3 (interacts with) Solyc07g063420.3"
"interacts with","0.612057","Solyc01g091000.3 (interacts with) Solyc07g055100.3","1.0E-20","false","interacts with","Solyc01g091000.3 (interacts with) Solyc07g055100.3"
"interacts with","0.308587","Solyc08g076230.1 (interacts with) Solyc12g014290.2","1.0E-10","false","interacts with","Solyc08g076230.1 (interacts with) Solyc12g014290.2"
"interacts with","0.69967","Solyc01g091000.3 (interacts with) Solyc10g079070.2","1.0E-20","false","interacts with","Solyc01g091000.3 (interacts with) Solyc10g079070.2"
"interacts with","0.315886","Solyc08g076230.1 (interacts with) Solyc12g098520.2","1.0E-10","false","interacts with","Solyc08g076230.1 (interacts with) Solyc12g098520.2"
"interacts with","0.304579","Solyc08g076230.1 (interacts with) Solyc12g013620.2","1.0E-10","false","interacts with","Solyc08g076230.1 (interacts with) Solyc12g013620.2"
"interacts with","0.679638","Solyc01g091000.3 (interacts with) Solyc12g098370.2","1.0E-20","false","interacts with","Solyc01g091000.3 (interacts with) Solyc12g098370.2"
"interacts with","0.458701","Solyc01g091000.3 (interacts with) Solyc12g099140.2","1.0E-15","false","interacts with","Solyc01g091000.3 (interacts with) Solyc12g099140.2"
"interacts with","0.63085","Solyc01g091000.3 (interacts with) Solyc02g067380.3","1.0E-20","false","interacts with","Solyc01g091000.3 (interacts with) Solyc02g067380.3"
"interacts with","0.496628","Solyc01g094485.1 (interacts with) Solyc09g089550.3","1.0E-15","false","interacts with","Solyc01g094485.1 (interacts with) Solyc09g089550.3"
"interacts with","0.725111","Solyc01g091000.3 (interacts with) Solyc10g005330.3","1.0E-25","false","interacts with","Solyc01g091000.3 (interacts with) Solyc10g005330.3"
"interacts with","0.479146","Solyc01g094485.1 (interacts with) Solyc04g045430.3","1.0E-15","false","interacts with","Solyc01g094485.1 (interacts with) Solyc04g045430.3"
"interacts with","0.4674","Solyc01g094485.1 (interacts with) Solyc03g026020.3","1.0E-15","false","interacts with","Solyc01g094485.1 (interacts with) Solyc03g026020.3"
"interacts with","0.453741","Solyc01g094485.1 (interacts with) Solyc07g062680.2","1.0E-15","false","interacts with","Solyc01g094485.1 (interacts with) Solyc07g062680.2"
"interacts with","0.466594","Solyc01g094485.1 (interacts with) Solyc03g006000.3","1.0E-15","false","interacts with","Solyc01g094485.1 (interacts with) Solyc03g006000.3"
"interacts with","0.460002","Solyc01g094485.1 (interacts with) Solyc12g098520.2","1.0E-15","false","interacts with","Solyc01g094485.1 (interacts with) Solyc12g098520.2"
"interacts with","0.458944","Solyc01g094485.1 (interacts with) Solyc06g069430.3","1.0E-15","false","interacts with","Solyc01g094485.1 (interacts with) Solyc06g069430.3"
"interacts with","0.488408","Solyc01g094485.1 (interacts with) Solyc08g060840.1","1.0E-15","false","interacts with","Solyc01g094485.1 (interacts with) Solyc08g060840.1"
"interacts with","0.476335","Solyc01g094485.1 (interacts with) Solyc04g078640.2","1.0E-15","false","interacts with","Solyc01g094485.1 (interacts with) Solyc04g078640.2"
"interacts with","0.685803","Solyc06g073980.3 (interacts with) Solyc09g007260.3","1.0E-20","false","interacts with","Solyc06g073980.3 (interacts with) Solyc09g007260.3"
"interacts with","0.688259","Solyc06g073980.3 (interacts with) Solyc08g068320.3","1.0E-20","false","interacts with","Solyc06g073980.3 (interacts with) Solyc08g068320.3"
"interacts with","0.598188","Solyc07g062680.2 (interacts with) Solyc11g017470.2","1.0E-20","false","interacts with","Solyc07g062680.2 (interacts with) Solyc11g017470.2"
"interacts with","0.662079","Solyc06g073980.3 (interacts with) Solyc09g010840.1","1.0E-20","false","interacts with","Solyc06g073980.3 (interacts with) Solyc09g010840.1"
"interacts with","0.562068","Solyc03g043900.1 (interacts with) Solyc06g069430.3","1.0E-15","false","interacts with","Solyc03g043900.1 (interacts with) Solyc06g069430.3"
"interacts with","0.647924","Solyc07g062680.2 (interacts with) Solyc10g079070.2","1.0E-20","false","interacts with","Solyc07g062680.2 (interacts with) Solyc10g079070.2"
"interacts with","0.759791","Solyc06g073980.3 (interacts with) Solyc10g006880.3","1.0E-25","false","interacts with","Solyc06g073980.3 (interacts with) Solyc10g006880.3"
"interacts with","0.676682","Solyc06g073980.3 (interacts with) Solyc08g006260.2","1.0E-20","false","interacts with","Solyc06g073980.3 (interacts with) Solyc08g006260.2"
"interacts with","0.56146","Solyc03g043900.1 (interacts with) Solyc04g071160.3","1.0E-15","false","interacts with","Solyc03g043900.1 (interacts with) Solyc04g071160.3"
"interacts with","0.584605","Solyc03g043900.1 (interacts with) Solyc11g017470.2","1.0E-20","false","interacts with","Solyc03g043900.1 (interacts with) Solyc11g017470.2"
"interacts with","0.586796","Solyc03g043900.1 (interacts with) Solyc04g078640.2","1.0E-20","false","interacts with","Solyc03g043900.1 (interacts with) Solyc04g078640.2"
"interacts with","0.661232","Solyc08g066500.3 (interacts with) Solyc10g006880.3","1.0E-20","false","interacts with","Solyc08g066500.3 (interacts with) Solyc10g006880.3"
"interacts with","0.670069","Solyc08g061140.3 (interacts with) Solyc12g013620.2","1.0E-20","false","interacts with","Solyc08g061140.3 (interacts with) Solyc12g013620.2"
"interacts with","0.560013","Solyc03g043900.1 (interacts with) Solyc06g036170.1","1.0E-15","false","interacts with","Solyc03g043900.1 (interacts with) Solyc06g036170.1"
"interacts with","0.607164","Solyc08g061140.3 (interacts with) Solyc11g017470.2","1.0E-20","false","interacts with","Solyc08g061140.3 (interacts with) Solyc11g017470.2"
"interacts with","0.78949","Solyc06g073980.3 (interacts with) Solyc10g018780.2","1.0E-25","false","interacts with","Solyc06g073980.3 (interacts with) Solyc10g018780.2"
"interacts with","0.611602","Solyc08g066500.3 (interacts with) Solyc11g017470.2","1.0E-20","false","interacts with","Solyc08g066500.3 (interacts with) Solyc11g017470.2"
"interacts with","0.263714","Solyc08g061140.3 (interacts with) Solyc10g007970.2","1.0E-5","false","interacts with","Solyc08g061140.3 (interacts with) Solyc10g007970.2"
"interacts with","0.640305","Solyc07g062680.2 (interacts with) Solyc10g078700.2","1.0E-20","false","interacts with","Solyc07g062680.2 (interacts with) Solyc10g078700.2"
"interacts with","0.553897","Solyc03g043900.1 (interacts with) Solyc03g118190.3","1.0E-15","false","interacts with","Solyc03g043900.1 (interacts with) Solyc03g118190.3"
"interacts with","0.357998","Solyc08g061140.3 (interacts with) Solyc11g065840.2","1.0E-10","false","interacts with","Solyc08g061140.3 (interacts with) Solyc11g065840.2"
"interacts with","0.645339","Solyc07g062680.2 (interacts with) Solyc10g006880.3","1.0E-20","false","interacts with","Solyc07g062680.2 (interacts with) Solyc10g006880.3"
"interacts with","0.579287","Solyc03g043900.1 (interacts with) Solyc05g012020.3","1.0E-20","false","interacts with","Solyc03g043900.1 (interacts with) Solyc05g012020.3"
"interacts with","0.722741","Solyc07g062680.2 (interacts with) Solyc08g066500.3","1.0E-25","false","interacts with","Solyc07g062680.2 (interacts with) Solyc08g066500.3"
"interacts with","0.520018","Solyc01g100460.3 (interacts with) Solyc12g098370.2","1.0E-15","false","interacts with","Solyc01g100460.3 (interacts with) Solyc12g098370.2"
"interacts with","0.540034","Solyc01g100460.3 (interacts with) Solyc05g012020.3","1.0E-15","false","interacts with","Solyc01g100460.3 (interacts with) Solyc05g012020.3"
"interacts with","0.533048","Solyc03g043900.1 (interacts with) Solyc08g061140.3","1.0E-15","false","interacts with","Solyc03g043900.1 (interacts with) Solyc08g061140.3"
"interacts with","0.625","Solyc08g066500.3 (interacts with) Solyc08g068320.3","1.0E-20","false","interacts with","Solyc08g066500.3 (interacts with) Solyc08g068320.3"
"interacts with","0.68505","Solyc08g066500.3 (interacts with) Solyc09g007260.3","1.0E-20","false","interacts with","Solyc08g066500.3 (interacts with) Solyc09g007260.3"
"interacts with","0.653946","Solyc07g062680.2 (interacts with) Solyc12g098370.2","1.0E-20","false","interacts with","Solyc07g062680.2 (interacts with) Solyc12g098370.2"
"interacts with","0.572175","Solyc01g100460.3 (interacts with) Solyc09g007260.3","1.0E-20","false","interacts with","Solyc01g100460.3 (interacts with) Solyc09g007260.3"
"interacts with","0.529232","Solyc01g100460.3 (interacts with) Solyc08g063040.3","1.0E-15","false","interacts with","Solyc01g100460.3 (interacts with) Solyc08g063040.3"
"interacts with","0.616869","Solyc08g066500.3 (interacts with) Solyc10g018780.2","1.0E-20","false","interacts with","Solyc08g066500.3 (interacts with) Solyc10g018780.2"
"interacts with","0.546473","Solyc01g100460.3 (interacts with) Solyc10g079050.2","1.0E-15","false","interacts with","Solyc01g100460.3 (interacts with) Solyc10g079050.2"
"interacts with","0.70999","Solyc02g082670.3 (interacts with) Solyc04g078640.2","1.0E-20","false","interacts with","Solyc02g082670.3 (interacts with) Solyc04g078640.2"
"interacts with","0.520648","Solyc01g100460.3 (interacts with) Solyc10g018780.2","1.0E-15","false","interacts with","Solyc01g100460.3 (interacts with) Solyc10g018780.2"
"interacts with","0.597863","Solyc02g082670.3 (interacts with) Solyc09g018460.1","1.0E-20","false","interacts with","Solyc02g082670.3 (interacts with) Solyc09g018460.1"
"interacts with","0.535611","Solyc01g100460.3 (interacts with) Solyc10g078700.2","1.0E-15","false","interacts with","Solyc01g100460.3 (interacts with) Solyc10g078700.2"
"interacts with","0.598978","Solyc03g118190.3 (interacts with) Solyc04g005800.3","1.0E-20","false","interacts with","Solyc03g118190.3 (interacts with) Solyc04g005800.3"
"interacts with","0.747432","Solyc02g082670.3 (interacts with) Solyc11g017470.2","1.0E-25","false","interacts with","Solyc02g082670.3 (interacts with) Solyc11g017470.2"
"interacts with","0.558659","Solyc03g118190.3 (interacts with) Solyc04g071160.3","1.0E-15","false","interacts with","Solyc03g118190.3 (interacts with) Solyc04g071160.3"
"interacts with","0.526574","Solyc01g100460.3 (interacts with) Solyc10g006880.3","1.0E-15","false","interacts with","Solyc01g100460.3 (interacts with) Solyc10g006880.3"
"interacts with","0.535114","Solyc01g100460.3 (interacts with) Solyc03g097120.3","1.0E-15","false","interacts with","Solyc01g100460.3 (interacts with) Solyc03g097120.3"
"interacts with","0.586492","Solyc03g118190.3 (interacts with) Solyc06g069430.3","1.0E-20","false","interacts with","Solyc03g118190.3 (interacts with) Solyc06g069430.3"
"interacts with","0.556449","Solyc01g100460.3 (interacts with) Solyc06g069430.3","1.0E-15","false","interacts with","Solyc01g100460.3 (interacts with) Solyc06g069430.3"
"interacts with","0.654829","Solyc02g082670.3 (interacts with) Solyc05g007770.3","1.0E-20","false","interacts with","Solyc02g082670.3 (interacts with) Solyc05g007770.3"
"interacts with","0.604451","Solyc03g118190.3 (interacts with) Solyc05g012020.3","1.0E-20","false","interacts with","Solyc03g118190.3 (interacts with) Solyc05g012020.3"
"interacts with","0.573495","Solyc01g100460.3 (interacts with) Solyc05g051460.3","1.0E-20","false","interacts with","Solyc01g100460.3 (interacts with) Solyc05g051460.3"
"interacts with","0.594921","Solyc03g118190.3 (interacts with) Solyc10g079050.2","1.0E-20","false","interacts with","Solyc03g118190.3 (interacts with) Solyc10g079050.2"
"interacts with","0.695023","Solyc02g082670.3 (interacts with) Solyc10g006880.3","1.0E-20","false","interacts with","Solyc02g082670.3 (interacts with) Solyc10g006880.3"
"interacts with","0.524114","Solyc01g100460.3 (interacts with) Solyc10g079070.2","1.0E-15","false","interacts with","Solyc01g100460.3 (interacts with) Solyc10g079070.2"
"interacts with","0.534945","Solyc02g082670.3 (interacts with) Solyc03g043900.1","1.0E-15","false","interacts with","Solyc02g082670.3 (interacts with) Solyc03g043900.1"
"interacts with","0.57893","Solyc03g118190.3 (interacts with) Solyc06g036170.1","1.0E-20","false","interacts with","Solyc03g118190.3 (interacts with) Solyc06g036170.1"
"interacts with","0.537775","Solyc01g100460.3 (interacts with) Solyc04g078640.2","1.0E-15","false","interacts with","Solyc01g100460.3 (interacts with) Solyc04g078640.2"
"interacts with","0.597548","Solyc03g118190.3 (interacts with) Solyc04g078640.2","1.0E-20","false","interacts with","Solyc03g118190.3 (interacts with) Solyc04g078640.2"
"interacts with","0.850558","Solyc04g045430.3 (interacts with) Solyc04g078640.2","1.0E-25","false","interacts with","Solyc04g045430.3 (interacts with) Solyc04g078640.2"
"interacts with","0.53065","Solyc01g100460.3 (interacts with) Solyc06g036170.1","1.0E-15","false","interacts with","Solyc01g100460.3 (interacts with) Solyc06g036170.1"
"interacts with","0.466985","Solyc02g082670.3 (interacts with) Solyc12g099140.2","1.0E-15","false","interacts with","Solyc02g082670.3 (interacts with) Solyc12g099140.2"
"interacts with","0.571122","Solyc04g045430.3 (interacts with) Solyc06g075140.3","1.0E-15","false","interacts with","Solyc04g045430.3 (interacts with) Solyc06g075140.3"
"interacts with","0.549299","Solyc04g045430.3 (interacts with) Solyc08g022080.3","1.0E-15","false","interacts with","Solyc04g045430.3 (interacts with) Solyc08g022080.3"
"interacts with","0.270552","Solyc04g045430.3 (interacts with) Solyc10g007970.2","1.0E-5","false","interacts with","Solyc04g045430.3 (interacts with) Solyc10g007970.2"
"interacts with","0.548574","Solyc04g045430.3 (interacts with) Solyc12g014140.2","1.0E-15","false","interacts with","Solyc04g045430.3 (interacts with) Solyc12g014140.2"
"interacts with","0.549885","Solyc04g045430.3 (interacts with) Solyc05g012040.3","1.0E-15","false","interacts with","Solyc04g045430.3 (interacts with) Solyc05g012040.3"
"interacts with","0.414081","Solyc04g045430.3 (interacts with) Solyc10g080480.2","1.0E-10","false","interacts with","Solyc04g045430.3 (interacts with) Solyc10g080480.2"
"interacts with","0.62664","Solyc02g067320.2 (interacts with) Solyc09g007260.3","1.0E-20","false","interacts with","Solyc02g067320.2 (interacts with) Solyc09g007260.3"
"interacts with","0.670915","Solyc02g082670.3 (interacts with) Solyc05g012020.3","1.0E-20","false","interacts with","Solyc02g082670.3 (interacts with) Solyc05g012020.3"
"interacts with","0.457888","Solyc02g067320.2 (interacts with) Solyc08g080120.3","1.0E-15","false","interacts with","Solyc02g067320.2 (interacts with) Solyc08g080120.3"
"interacts with","0.502182","Solyc10g006880.3 (interacts with) Solyc12g099370.2","1.0E-15","false","interacts with","Solyc10g006880.3 (interacts with) Solyc12g099370.2"
"interacts with","0.58896","Solyc04g045430.3 (interacts with) Solyc08g076860.3","1.0E-20","false","interacts with","Solyc04g045430.3 (interacts with) Solyc08g076860.3"
"interacts with","0.628368","Solyc02g067320.2 (interacts with) Solyc05g012020.3","1.0E-20","false","interacts with","Solyc02g067320.2 (interacts with) Solyc05g012020.3"
"interacts with","0.691876","Solyc10g006880.3 (interacts with) Solyc12g098370.2","1.0E-20","false","interacts with","Solyc10g006880.3 (interacts with) Solyc12g098370.2"
"interacts with","0.562924","Solyc02g067320.2 (interacts with) Solyc02g087840.3","1.0E-15","false","interacts with","Solyc02g067320.2 (interacts with) Solyc02g087840.3"
"interacts with","0.593596","Solyc10g006880.3 (interacts with) Solyc12g007070.2","1.0E-20","false","interacts with","Solyc10g006880.3 (interacts with) Solyc12g007070.2"
"interacts with","0.604181","Solyc04g045430.3 (interacts with) Solyc08g066500.3","1.0E-20","false","interacts with","Solyc04g045430.3 (interacts with) Solyc08g066500.3"
"interacts with","0.572986","Solyc02g067320.2 (interacts with) Solyc11g017470.2","1.0E-20","false","interacts with","Solyc02g067320.2 (interacts with) Solyc11g017470.2"
"interacts with","0.647566","Solyc04g045430.3 (interacts with) Solyc06g075510.3","1.0E-20","false","interacts with","Solyc04g045430.3 (interacts with) Solyc06g075510.3"
"interacts with","0.445886","Solyc10g006880.3 (interacts with) Solyc12g099140.2","1.0E-15","false","interacts with","Solyc10g006880.3 (interacts with) Solyc12g099140.2"
"interacts with","0.579738","Solyc02g067320.2 (interacts with) Solyc06g036170.1","1.0E-20","false","interacts with","Solyc02g067320.2 (interacts with) Solyc06g036170.1"
"interacts with","0.367175","Solyc10g006880.3 (interacts with) Solyc12g005420.2","1.0E-10","false","interacts with","Solyc10g006880.3 (interacts with) Solyc12g005420.2"
"interacts with","0.366282","Solyc04g045430.3 (interacts with) Solyc09g090790.3","1.0E-10","false","interacts with","Solyc04g045430.3 (interacts with) Solyc09g090790.3"
"interacts with","0.582558","Solyc02g067320.2 (interacts with) Solyc04g078640.2","1.0E-20","false","interacts with","Solyc02g067320.2 (interacts with) Solyc04g078640.2"
"interacts with","0.325016","Solyc10g006880.3 (interacts with) Solyc11g065840.2","1.0E-10","false","interacts with","Solyc10g006880.3 (interacts with) Solyc11g065840.2"
"interacts with","0.753874","Solyc10g006880.3 (interacts with) Solyc12g013620.2","1.0E-25","false","interacts with","Solyc10g006880.3 (interacts with) Solyc12g013620.2"
"interacts with","0.630248","Solyc04g045430.3 (interacts with) Solyc08g061140.3","1.0E-20","false","interacts with","Solyc04g045430.3 (interacts with) Solyc08g061140.3"
"interacts with","0.476208","Solyc02g067320.2 (interacts with) Solyc05g050220.3","1.0E-15","false","interacts with","Solyc02g067320.2 (interacts with) Solyc05g050220.3"
"interacts with","0.48855","Solyc04g045430.3 (interacts with) Solyc11g008830.2","1.0E-15","false","interacts with","Solyc04g045430.3 (interacts with) Solyc11g008830.2"
"interacts with","0.758344","Solyc10g006880.3 (interacts with) Solyc10g078700.2","1.0E-25","false","interacts with","Solyc10g006880.3 (interacts with) Solyc10g078700.2"
"interacts with","0.611438","Solyc04g045430.3 (interacts with) Solyc07g063420.3","1.0E-20","false","interacts with","Solyc04g045430.3 (interacts with) Solyc07g063420.3"
"interacts with","0.744059","Solyc10g006880.3 (interacts with) Solyc10g018780.2","1.0E-25","false","interacts with","Solyc10g006880.3 (interacts with) Solyc10g018780.2"
"interacts with","0.381023","Solyc02g067320.2 (interacts with) Solyc02g092550.3","1.0E-10","false","interacts with","Solyc02g067320.2 (interacts with) Solyc02g092550.3"
"interacts with","0.596675","Solyc10g006880.3 (interacts with) Solyc12g006240.2","1.0E-20","false","interacts with","Solyc10g006880.3 (interacts with) Solyc12g006240.2"
"interacts with","0.511935","Solyc04g045430.3 (interacts with) Solyc12g014290.2","1.0E-15","false","interacts with","Solyc04g045430.3 (interacts with) Solyc12g014290.2"
"interacts with","0.577065","Solyc02g067320.2 (interacts with) Solyc03g097120.3","1.0E-20","false","interacts with","Solyc02g067320.2 (interacts with) Solyc03g097120.3"
"interacts with","0.535343","Solyc02g067320.2 (interacts with) Solyc05g056120.3","1.0E-15","false","interacts with","Solyc02g067320.2 (interacts with) Solyc05g056120.3"
"interacts with","0.78186","Solyc10g006880.3 (interacts with) Solyc10g079070.2","1.0E-25","false","interacts with","Solyc10g006880.3 (interacts with) Solyc10g079070.2"
"interacts with","0.572667","Solyc02g067320.2 (interacts with) Solyc10g005330.3","1.0E-20","false","interacts with","Solyc02g067320.2 (interacts with) Solyc10g005330.3"
"interacts with","0.827643","Solyc10g006880.3 (interacts with) Solyc11g017470.2","1.0E-25","false","interacts with","Solyc10g006880.3 (interacts with) Solyc11g017470.2"
"interacts with","0.620757","Solyc10g006880.3 (interacts with) Solyc10g084380.1","1.0E-20","false","interacts with","Solyc10g006880.3 (interacts with) Solyc10g084380.1"
"interacts with","0.598864","Solyc02g067320.2 (interacts with) Solyc12g098370.2","1.0E-20","false","interacts with","Solyc02g067320.2 (interacts with) Solyc12g098370.2"
"interacts with","0.613495","Solyc06g075140.3 (interacts with) Solyc10g005330.3","1.0E-20","false","interacts with","Solyc06g075140.3 (interacts with) Solyc10g005330.3"
"interacts with","0.582401","Solyc06g075140.3 (interacts with) Solyc07g063970.3","1.0E-20","false","interacts with","Solyc06g075140.3 (interacts with) Solyc07g063970.3"
"interacts with","0.558511","Solyc06g075140.3 (interacts with) Solyc09g007260.3","1.0E-15","false","interacts with","Solyc06g075140.3 (interacts with) Solyc09g007260.3"
"interacts with","0.552635","Solyc06g075140.3 (interacts with) Solyc10g079070.2","1.0E-15","false","interacts with","Solyc06g075140.3 (interacts with) Solyc10g079070.2"
"interacts with","0.556957","Solyc06g075140.3 (interacts with) Solyc11g017470.2","1.0E-15","false","interacts with","Solyc06g075140.3 (interacts with) Solyc11g017470.2"
"interacts with","0.599554","Solyc02g067320.2 (interacts with) Solyc10g079070.2","1.0E-20","false","interacts with","Solyc02g067320.2 (interacts with) Solyc10g079070.2"
"interacts with","0.429745","Solyc09g018460.1 (interacts with) Solyc12g099140.2","1.0E-10","false","interacts with","Solyc09g018460.1 (interacts with) Solyc12g099140.2"
"interacts with","0.342225","Solyc06g075140.3 (interacts with) Solyc11g065840.2","1.0E-10","false","interacts with","Solyc06g075140.3 (interacts with) Solyc11g065840.2"
"interacts with","0.607874","Solyc09g018460.1 (interacts with) Solyc11g017470.2","1.0E-20","false","interacts with","Solyc09g018460.1 (interacts with) Solyc11g017470.2"
"interacts with","0.520825","Solyc02g067320.2 (interacts with) Solyc05g012040.3","1.0E-15","false","interacts with","Solyc02g067320.2 (interacts with) Solyc05g012040.3"
"interacts with","0.35153","Solyc09g018460.1 (interacts with) Solyc11g065840.2","1.0E-10","false","interacts with","Solyc09g018460.1 (interacts with) Solyc11g065840.2"
"interacts with","0.569632","Solyc06g075140.3 (interacts with) Solyc10g006880.3","1.0E-15","false","interacts with","Solyc06g075140.3 (interacts with) Solyc10g006880.3"
"interacts with","0.55187","Solyc06g075140.3 (interacts with) Solyc06g075510.3","1.0E-15","false","interacts with","Solyc06g075140.3 (interacts with) Solyc06g075510.3"
"interacts with","0.565411","Solyc06g075140.3 (interacts with) Solyc12g098370.2","1.0E-15","false","interacts with","Solyc06g075140.3 (interacts with) Solyc12g098370.2"
"interacts with","0.265654","Solyc09g018460.1 (interacts with) Solyc10g007970.2","1.0E-5","false","interacts with","Solyc09g018460.1 (interacts with) Solyc10g007970.2"
"interacts with","0.502718","Solyc03g026020.3 (interacts with) Solyc11g065700.2","1.0E-15","false","interacts with","Solyc03g026020.3 (interacts with) Solyc11g065700.2"
"interacts with","0.608598","Solyc02g067320.2 (interacts with) Solyc10g078700.2","1.0E-20","false","interacts with","Solyc02g067320.2 (interacts with) Solyc10g078700.2"
"interacts with","0.573821","Solyc02g067320.2 (interacts with) Solyc10g079050.2","1.0E-20","false","interacts with","Solyc02g067320.2 (interacts with) Solyc10g079050.2"
"interacts with","0.588351","Solyc02g067320.2 (interacts with) Solyc10g018780.2","1.0E-20","false","interacts with","Solyc02g067320.2 (interacts with) Solyc10g018780.2"
"interacts with","0.576098","Solyc02g067320.2 (interacts with) Solyc08g082630.3","1.0E-20","false","interacts with","Solyc02g067320.2 (interacts with) Solyc08g082630.3"
"interacts with","0.635915","Solyc02g067320.2 (interacts with) Solyc06g069430.3","1.0E-20","false","interacts with","Solyc02g067320.2 (interacts with) Solyc06g069430.3"
"interacts with","0.589538","Solyc09g018460.1 (interacts with) Solyc12g013620.2","1.0E-20","false","interacts with","Solyc09g018460.1 (interacts with) Solyc12g013620.2"
"interacts with","0.580361","Solyc02g067320.2 (interacts with) Solyc02g092050.3","1.0E-20","false","interacts with","Solyc02g067320.2 (interacts with) Solyc02g092050.3"
"interacts with","0.634882","Solyc09g018460.1 (interacts with) Solyc10g006880.3","1.0E-20","false","interacts with","Solyc09g018460.1 (interacts with) Solyc10g006880.3"
"interacts with","0.565076","Solyc03g026020.3 (interacts with) Solyc07g043330.2","1.0E-15","false","interacts with","Solyc03g026020.3 (interacts with) Solyc07g043330.2"
"interacts with","0.697516","Solyc06g063070.3 (interacts with) Solyc10g005330.3","1.0E-20","false","interacts with","Solyc06g063070.3 (interacts with) Solyc10g005330.3"
"interacts with","0.580294","Solyc06g063070.3 (interacts with) Solyc12g007070.2","1.0E-20","false","interacts with","Solyc06g063070.3 (interacts with) Solyc12g007070.2"
"interacts with","0.467728","Solyc03g026020.3 (interacts with) Solyc03g082550.3","1.0E-15","false","interacts with","Solyc03g026020.3 (interacts with) Solyc03g082550.3"
"interacts with","0.581204","Solyc03g026020.3 (interacts with) Solyc04g005800.3","1.0E-20","false","interacts with","Solyc03g026020.3 (interacts with) Solyc04g005800.3"
"interacts with","0.567605","Solyc03g026020.3 (interacts with) Solyc06g075140.3","1.0E-15","false","interacts with","Solyc03g026020.3 (interacts with) Solyc06g075140.3"
"interacts with","0.49569","Solyc06g063070.3 (interacts with) Solyc12g099370.2","1.0E-15","false","interacts with","Solyc06g063070.3 (interacts with) Solyc12g099370.2"
"interacts with","0.526778","Solyc06g063070.3 (interacts with) Solyc07g043330.2","1.0E-15","false","interacts with","Solyc06g063070.3 (interacts with) Solyc07g043330.2"
"interacts with","0.486431","Solyc06g063070.3 (interacts with) Solyc12g014610.2","1.0E-15","false","interacts with","Solyc06g063070.3 (interacts with) Solyc12g014610.2"
"interacts with","0.847306","Solyc03g026020.3 (interacts with) Solyc04g078640.2","1.0E-25","false","interacts with","Solyc03g026020.3 (interacts with) Solyc04g078640.2"
"interacts with","0.786902","Solyc03g026020.3 (interacts with) Solyc06g036170.1","1.0E-25","false","interacts with","Solyc03g026020.3 (interacts with) Solyc06g036170.1"
"interacts with","0.70518","Solyc06g063070.3 (interacts with) Solyc10g079070.2","1.0E-20","false","interacts with","Solyc06g063070.3 (interacts with) Solyc10g079070.2"
"interacts with","0.615927","Solyc06g063070.3 (interacts with) Solyc10g084380.1","1.0E-20","false","interacts with","Solyc06g063070.3 (interacts with) Solyc10g084380.1"
"interacts with","0.58978","Solyc06g063070.3 (interacts with) Solyc08g076860.3","1.0E-20","false","interacts with","Solyc06g063070.3 (interacts with) Solyc08g076860.3"
"interacts with","0.716047","Solyc06g063070.3 (interacts with) Solyc10g006880.3","1.0E-25","false","interacts with","Solyc06g063070.3 (interacts with) Solyc10g006880.3"
"interacts with","0.670574","Solyc03g026020.3 (interacts with) Solyc09g089550.3","1.0E-20","false","interacts with","Solyc03g026020.3 (interacts with) Solyc09g089550.3"
"interacts with","0.649086","Solyc06g063070.3 (interacts with) Solyc08g082630.3","1.0E-20","false","interacts with","Solyc06g063070.3 (interacts with) Solyc08g082630.3"
"interacts with","0.684412","Solyc03g026020.3 (interacts with) Solyc06g063070.3","1.0E-20","false","interacts with","Solyc03g026020.3 (interacts with) Solyc06g063070.3"
"interacts with","0.741933","Solyc06g063070.3 (interacts with) Solyc06g069430.3","1.0E-25","false","interacts with","Solyc06g063070.3 (interacts with) Solyc06g069430.3"
"interacts with","0.599211","Solyc01g008730.3 (interacts with) Solyc04g078640.2","1.0E-20","false","interacts with","Solyc01g008730.3 (interacts with) Solyc04g078640.2"
"interacts with","0.550669","Solyc12g007070.2 (interacts with) Solyc12g013620.2","1.0E-15","false","interacts with","Solyc12g007070.2 (interacts with) Solyc12g013620.2"
"interacts with","0.572679","Solyc01g008730.3 (interacts with) Solyc01g087990.3","1.0E-20","false","interacts with","Solyc01g008730.3 (interacts with) Solyc01g087990.3"
"interacts with","0.360559","Solyc03g026020.3 (interacts with) Solyc09g090790.3","1.0E-10","false","interacts with","Solyc03g026020.3 (interacts with) Solyc09g090790.3"
"interacts with","0.56821","Solyc01g008730.3 (interacts with) Solyc12g013620.2","1.0E-15","false","interacts with","Solyc01g008730.3 (interacts with) Solyc12g013620.2"
"interacts with","0.566683","Solyc01g008730.3 (interacts with) Solyc08g060840.1","1.0E-15","false","interacts with","Solyc01g008730.3 (interacts with) Solyc08g060840.1"
"interacts with","0.715861","Solyc03g113270.3 (interacts with) Solyc10g006880.3","1.0E-25","false","interacts with","Solyc03g113270.3 (interacts with) Solyc10g006880.3"
"interacts with","0.557988","Solyc01g008730.3 (interacts with) Solyc10g006880.3","1.0E-15","false","interacts with","Solyc01g008730.3 (interacts with) Solyc10g006880.3"
"interacts with","0.755476","Solyc03g026020.3 (interacts with) Solyc12g098520.2","1.0E-25","false","interacts with","Solyc03g026020.3 (interacts with) Solyc12g098520.2"
"interacts with","0.57121","Solyc01g008730.3 (interacts with) Solyc03g006000.3","1.0E-15","false","interacts with","Solyc01g008730.3 (interacts with) Solyc03g006000.3"
"interacts with","0.599337","Solyc01g008730.3 (interacts with) Solyc03g097120.3","1.0E-20","false","interacts with","Solyc01g008730.3 (interacts with) Solyc03g097120.3"
"interacts with","0.815584","Solyc03g026020.3 (interacts with) Solyc04g071160.3","1.0E-25","false","interacts with","Solyc03g026020.3 (interacts with) Solyc04g071160.3"
"interacts with","0.588892","Solyc01g008730.3 (interacts with) Solyc01g079870.3","1.0E-20","false","interacts with","Solyc01g008730.3 (interacts with) Solyc01g079870.3"
"interacts with","0.619222","Solyc03g113270.3 (interacts with) Solyc09g010840.1","1.0E-20","false","interacts with","Solyc03g113270.3 (interacts with) Solyc09g010840.1"
"interacts with","0.652325","Solyc03g026020.3 (interacts with) Solyc08g076860.3","1.0E-20","false","interacts with","Solyc03g026020.3 (interacts with) Solyc08g076860.3"
"interacts with","0.593891","Solyc03g026020.3 (interacts with) Solyc09g010840.1","1.0E-20","false","interacts with","Solyc03g026020.3 (interacts with) Solyc09g010840.1"
"interacts with","0.653476","Solyc03g113270.3 (interacts with) Solyc04g078640.2","1.0E-20","false","interacts with","Solyc03g113270.3 (interacts with) Solyc04g078640.2"
"interacts with","0.287503","Solyc03g113270.3 (interacts with) Solyc05g009660.3","1.0E-5","false","interacts with","Solyc03g113270.3 (interacts with) Solyc05g009660.3"
"interacts with","0.399919","Solyc01g008730.3 (interacts with) Solyc09g090790.3","1.0E-10","false","interacts with","Solyc01g008730.3 (interacts with) Solyc09g090790.3"
"interacts with","0.615027","Solyc03g026020.3 (interacts with) Solyc10g084380.1","1.0E-20","false","interacts with","Solyc03g026020.3 (interacts with) Solyc10g084380.1"
"interacts with","0.543902","Solyc01g008730.3 (interacts with) Solyc10g079050.2","1.0E-15","false","interacts with","Solyc01g008730.3 (interacts with) Solyc10g079050.2"
"interacts with","0.433015","Solyc03g026020.3 (interacts with) Solyc10g080480.2","1.0E-15","false","interacts with","Solyc03g026020.3 (interacts with) Solyc10g080480.2"
"interacts with","0.517828","Solyc03g026020.3 (interacts with) Solyc04g076530.3","1.0E-15","false","interacts with","Solyc03g026020.3 (interacts with) Solyc04g076530.3"
"interacts with","0.462945","Solyc11g065700.2 (interacts with) Solyc12g098520.2","1.0E-15","false","interacts with","Solyc11g065700.2 (interacts with) Solyc12g098520.2"
"interacts with","0.348712","Solyc05g052850.3 (interacts with) Solyc08g060840.1","1.0E-10","false","interacts with","Solyc05g052850.3 (interacts with) Solyc08g060840.1"
"interacts with","0.275259","Solyc11g065700.2 (interacts with) Solyc12g088130.2","1.0E-5","false","interacts with","Solyc11g065700.2 (interacts with) Solyc12g088130.2"
"interacts with","0.33475","Solyc05g052850.3 (interacts with) Solyc06g069430.3","1.0E-10","false","interacts with","Solyc05g052850.3 (interacts with) Solyc06g069430.3"
"interacts with","0.551952","Solyc01g008730.3 (interacts with) Solyc06g008200.3","1.0E-15","false","interacts with","Solyc01g008730.3 (interacts with) Solyc06g008200.3"
"interacts with","0.586201","Solyc03g113270.3 (interacts with) Solyc07g063420.3","1.0E-20","false","interacts with","Solyc03g113270.3 (interacts with) Solyc07g063420.3"
"interacts with","0.541951","Solyc01g008730.3 (interacts with) Solyc10g005330.3","1.0E-15","false","interacts with","Solyc01g008730.3 (interacts with) Solyc10g005330.3"
"interacts with","0.56044","Solyc01g008730.3 (interacts with) Solyc04g005610.3","1.0E-15","false","interacts with","Solyc01g008730.3 (interacts with) Solyc04g005610.3"
"interacts with","0.582492","Solyc01g008730.3 (interacts with) Solyc05g012020.3","1.0E-20","false","interacts with","Solyc01g008730.3 (interacts with) Solyc05g012020.3"
"interacts with","0.380919","Solyc04g078640.2 (interacts with) Solyc12g005420.2","1.0E-10","false","interacts with","Solyc04g078640.2 (interacts with) Solyc12g005420.2"
"interacts with","0.444642","Solyc04g078640.2 (interacts with) Solyc11g008830.2","1.0E-15","false","interacts with","Solyc04g078640.2 (interacts with) Solyc11g008830.2"
"interacts with","0.4551","Solyc04g078640.2 (interacts with) Solyc12g099140.2","1.0E-15","false","interacts with","Solyc04g078640.2 (interacts with) Solyc12g099140.2"
"interacts with","0.700629","Solyc04g078640.2 (interacts with) Solyc06g063070.3","1.0E-20","false","interacts with","Solyc04g078640.2 (interacts with) Solyc06g063070.3"
"interacts with","0.66424","Solyc04g078640.2 (interacts with) Solyc09g089550.3","1.0E-20","false","interacts with","Solyc04g078640.2 (interacts with) Solyc09g089550.3"
"interacts with","0.595147","Solyc04g078640.2 (interacts with) Solyc12g007070.2","1.0E-20","false","interacts with","Solyc04g078640.2 (interacts with) Solyc12g007070.2"
"interacts with","0.304728","Solyc05g009660.3 (interacts with) Solyc07g063970.3","1.0E-10","false","interacts with","Solyc05g009660.3 (interacts with) Solyc07g063970.3"
"interacts with","0.760996","Solyc04g078640.2 (interacts with) Solyc10g005330.3","1.0E-25","false","interacts with","Solyc04g078640.2 (interacts with) Solyc10g005330.3"
"interacts with","0.297032","Solyc05g009660.3 (interacts with) Solyc12g014140.2","1.0E-10","false","interacts with","Solyc05g009660.3 (interacts with) Solyc12g014140.2"
"interacts with","0.616433","Solyc04g078640.2 (interacts with) Solyc08g063040.3","1.0E-20","false","interacts with","Solyc04g078640.2 (interacts with) Solyc08g063040.3"
"interacts with","0.490474","Solyc12g014610.2 (interacts with) Solyc12g098370.2","1.0E-15","false","interacts with","Solyc12g014610.2 (interacts with) Solyc12g098370.2"
"interacts with","0.303637","Solyc04g078640.2 (interacts with) Solyc05g009660.3","1.0E-10","false","interacts with","Solyc04g078640.2 (interacts with) Solyc05g009660.3"
"interacts with","0.467574","Solyc04g078640.2 (interacts with) Solyc07g005650.3","1.0E-15","false","interacts with","Solyc04g078640.2 (interacts with) Solyc07g005650.3"
"interacts with","0.654424","Solyc04g078640.2 (interacts with) Solyc09g082505.1","1.0E-20","false","interacts with","Solyc04g078640.2 (interacts with) Solyc09g082505.1"
"interacts with","0.609789","Solyc08g063040.3 (interacts with) Solyc10g079050.2","1.0E-20","false","interacts with","Solyc08g063040.3 (interacts with) Solyc10g079050.2"
"interacts with","0.325223","Solyc04g078640.2 (interacts with) Solyc05g007880.3","1.0E-10","false","interacts with","Solyc04g078640.2 (interacts with) Solyc05g007880.3"
"interacts with","0.612821","Solyc08g063040.3 (interacts with) Solyc10g006880.3","1.0E-20","false","interacts with","Solyc08g063040.3 (interacts with) Solyc10g006880.3"
"interacts with","0.65815","Solyc04g078640.2 (interacts with) Solyc09g010840.1","1.0E-20","false","interacts with","Solyc04g078640.2 (interacts with) Solyc09g010840.1"
"interacts with","0.698334","Solyc02g092050.3 (interacts with) Solyc07g062680.2","1.0E-20","false","interacts with","Solyc02g092050.3 (interacts with) Solyc07g062680.2"
"interacts with","0.283483","Solyc05g009660.3 (interacts with) Solyc08g066500.3","1.0E-5","false","interacts with","Solyc05g009660.3 (interacts with) Solyc08g066500.3"
"interacts with","0.706247","Solyc02g092050.3 (interacts with) Solyc09g007260.3","1.0E-20","false","interacts with","Solyc02g092050.3 (interacts with) Solyc09g007260.3"
"interacts with","0.646228","Solyc04g078640.2 (interacts with) Solyc10g084380.1","1.0E-20","false","interacts with","Solyc04g078640.2 (interacts with) Solyc10g084380.1"
"interacts with","0.649139","Solyc04g078640.2 (interacts with) Solyc05g051460.3","1.0E-20","false","interacts with","Solyc04g078640.2 (interacts with) Solyc05g051460.3"
"interacts with","0.56455","Solyc04g078640.2 (interacts with) Solyc05g012040.3","1.0E-15","false","interacts with","Solyc04g078640.2 (interacts with) Solyc05g012040.3"
"interacts with","0.658419","Solyc02g092050.3 (interacts with) Solyc08g068320.3","1.0E-20","false","interacts with","Solyc02g092050.3 (interacts with) Solyc08g068320.3"
"interacts with","0.598936","Solyc04g078640.2 (interacts with) Solyc09g018460.1","1.0E-20","false","interacts with","Solyc04g078640.2 (interacts with) Solyc09g018460.1"
"interacts with","0.286271","Solyc05g009660.3 (interacts with) Solyc09g007260.3","1.0E-5","false","interacts with","Solyc05g009660.3 (interacts with) Solyc09g007260.3"
"interacts with","0.681459","Solyc04g078640.2 (interacts with) Solyc10g079050.2","1.0E-20","false","interacts with","Solyc04g078640.2 (interacts with) Solyc10g079050.2"
"interacts with","0.70504","Solyc04g078640.2 (interacts with) Solyc10g018780.2","1.0E-20","false","interacts with","Solyc04g078640.2 (interacts with) Solyc10g018780.2"
"interacts with","0.690864","Solyc04g078640.2 (interacts with) Solyc06g073980.3","1.0E-20","false","interacts with","Solyc04g078640.2 (interacts with) Solyc06g073980.3"
"interacts with","0.257558","Solyc04g078640.2 (interacts with) Solyc12g088130.2","1.0E-5","false","interacts with","Solyc04g078640.2 (interacts with) Solyc12g088130.2"
"interacts with","0.685341","Solyc02g092050.3 (interacts with) Solyc05g012020.3","1.0E-20","false","interacts with","Solyc02g092050.3 (interacts with) Solyc05g012020.3"
"interacts with","0.626605","Solyc04g078640.2 (interacts with) Solyc06g075510.3","1.0E-20","false","interacts with","Solyc04g078640.2 (interacts with) Solyc06g075510.3"
"interacts with","0.485212","Solyc02g092050.3 (interacts with) Solyc03g093610.1","1.0E-15","false","interacts with","Solyc02g092050.3 (interacts with) Solyc03g093610.1"
"interacts with","0.65332","Solyc04g078640.2 (interacts with) Solyc08g082630.3","1.0E-20","false","interacts with","Solyc04g078640.2 (interacts with) Solyc08g082630.3"
"interacts with","0.674479","Solyc02g092050.3 (interacts with) Solyc04g078640.2","1.0E-20","false","interacts with","Solyc02g092050.3 (interacts with) Solyc04g078640.2"
"interacts with","0.325067","Solyc04g078640.2 (interacts with) Solyc11g065840.2","1.0E-10","false","interacts with","Solyc04g078640.2 (interacts with) Solyc11g065840.2"
"interacts with","0.690772","Solyc02g092050.3 (interacts with) Solyc06g036170.1","1.0E-20","false","interacts with","Solyc02g092050.3 (interacts with) Solyc06g036170.1"
"interacts with","0.502277","Solyc04g078640.2 (interacts with) Solyc11g065700.2","1.0E-15","false","interacts with","Solyc04g078640.2 (interacts with) Solyc11g065700.2"
"interacts with","0.486311","Solyc04g078640.2 (interacts with) Solyc12g014610.2","1.0E-15","false","interacts with","Solyc04g078640.2 (interacts with) Solyc12g014610.2"
"interacts with","0.660553","Solyc02g092050.3 (interacts with) Solyc11g017470.2","1.0E-20","false","interacts with","Solyc02g092050.3 (interacts with) Solyc11g017470.2"
"interacts with","0.475481","Solyc04g078640.2 (interacts with) Solyc12g099370.2","1.0E-15","false","interacts with","Solyc04g078640.2 (interacts with) Solyc12g099370.2"
"interacts with","0.704243","Solyc02g092050.3 (interacts with) Solyc10g006880.3","1.0E-20","false","interacts with","Solyc02g092050.3 (interacts with) Solyc10g006880.3"
"interacts with","0.671923","Solyc02g092050.3 (interacts with) Solyc03g097120.3","1.0E-20","false","interacts with","Solyc02g092050.3 (interacts with) Solyc03g097120.3"
"interacts with","0.309305","Solyc04g078640.2 (interacts with) Solyc08g076230.1","1.0E-10","false","interacts with","Solyc04g078640.2 (interacts with) Solyc08g076230.1"
"interacts with","0.60418","Solyc04g078640.2 (interacts with) Solyc08g022080.3","1.0E-20","false","interacts with","Solyc04g078640.2 (interacts with) Solyc08g022080.3"
"interacts with","0.831992","Solyc04g078640.2 (interacts with) Solyc12g013620.2","1.0E-25","false","interacts with","Solyc04g078640.2 (interacts with) Solyc12g013620.2"
"interacts with","0.502258","Solyc04g078640.2 (interacts with) Solyc07g053590.3","1.0E-15","false","interacts with","Solyc04g078640.2 (interacts with) Solyc07g053590.3"
"interacts with","0.442472","Solyc04g078640.2 (interacts with) Solyc07g006630.3","1.0E-15","false","interacts with","Solyc04g078640.2 (interacts with) Solyc07g006630.3"
"interacts with","0.792164","Solyc04g078640.2 (interacts with) Solyc10g006880.3","1.0E-25","false","interacts with","Solyc04g078640.2 (interacts with) Solyc10g006880.3"
"interacts with","0.331397","Solyc04g078640.2 (interacts with) Solyc05g052850.3","1.0E-10","false","interacts with","Solyc04g078640.2 (interacts with) Solyc05g052850.3"
"interacts with","0.561029","Solyc04g078640.2 (interacts with) Solyc05g056120.3","1.0E-15","false","interacts with","Solyc04g078640.2 (interacts with) Solyc05g056120.3"
"interacts with","0.556891","Solyc04g078640.2 (interacts with) Solyc12g014290.2","1.0E-15","false","interacts with","Solyc04g078640.2 (interacts with) Solyc12g014290.2"
"interacts with","0.642833","Solyc04g078640.2 (interacts with) Solyc07g063420.3","1.0E-20","false","interacts with","Solyc04g078640.2 (interacts with) Solyc07g063420.3"
"interacts with","0.651722","Solyc04g078640.2 (interacts with) Solyc08g061140.3","1.0E-20","false","interacts with","Solyc04g078640.2 (interacts with) Solyc08g061140.3"
"interacts with","0.701359","Solyc02g092050.3 (interacts with) Solyc12g098370.2","1.0E-20","false","interacts with","Solyc02g092050.3 (interacts with) Solyc12g098370.2"
"interacts with","0.541731","Solyc12g014140.2 (interacts with) Solyc12g098370.2","1.0E-15","false","interacts with","Solyc12g014140.2 (interacts with) Solyc12g098370.2"
"interacts with","0.789143","Solyc04g078640.2 (interacts with) Solyc06g053960.3","1.0E-25","false","interacts with","Solyc04g078640.2 (interacts with) Solyc06g053960.3"
"interacts with","0.70128","Solyc04g078640.2 (interacts with) Solyc12g098370.2","1.0E-20","false","interacts with","Solyc04g078640.2 (interacts with) Solyc12g098370.2"
"interacts with","0.705122","Solyc02g092050.3 (interacts with) Solyc06g053960.3","1.0E-20","false","interacts with","Solyc02g092050.3 (interacts with) Solyc06g053960.3"
"interacts with","0.710487","Solyc02g092050.3 (interacts with) Solyc10g079070.2","1.0E-20","false","interacts with","Solyc02g092050.3 (interacts with) Solyc10g079070.2"
"interacts with","0.17677","Solyc04g078640.2 (interacts with) Solyc06g050950.3","1.0E-5","false","interacts with","Solyc04g078640.2 (interacts with) Solyc06g050950.3"
"interacts with","0.646638","Solyc04g078640.2 (interacts with) Solyc08g076860.3","1.0E-20","false","interacts with","Solyc04g078640.2 (interacts with) Solyc08g076860.3"
"interacts with","0.37728","Solyc10g005330.3 (interacts with) Solyc12g005420.2","1.0E-10","false","interacts with","Solyc10g005330.3 (interacts with) Solyc12g005420.2"
"interacts with","0.671982","Solyc08g082630.3 (interacts with) Solyc10g006880.3","1.0E-20","false","interacts with","Solyc08g082630.3 (interacts with) Solyc10g006880.3"
"interacts with","0.534382","Solyc10g005330.3 (interacts with) Solyc12g014290.2","1.0E-15","false","interacts with","Solyc10g005330.3 (interacts with) Solyc12g014290.2"
"interacts with","0.658323","Solyc04g078640.2 (interacts with) Solyc07g055100.3","1.0E-20","false","interacts with","Solyc04g078640.2 (interacts with) Solyc07g055100.3"
"interacts with","0.56927","Solyc10g005330.3 (interacts with) Solyc12g007070.2","1.0E-15","false","interacts with","Solyc10g005330.3 (interacts with) Solyc12g007070.2"
"interacts with","0.412699","Solyc04g078640.2 (interacts with) Solyc10g080480.2","1.0E-10","false","interacts with","Solyc04g078640.2 (interacts with) Solyc10g080480.2"
"interacts with","0.730817","Solyc02g092050.3 (interacts with) Solyc08g066500.3","1.0E-25","false","interacts with","Solyc02g092050.3 (interacts with) Solyc08g066500.3"
"interacts with","0.542917","Solyc04g078640.2 (interacts with) Solyc12g014140.2","1.0E-15","false","interacts with","Solyc04g078640.2 (interacts with) Solyc12g014140.2"
"interacts with","0.70873","Solyc02g092050.3 (interacts with) Solyc08g082630.3","1.0E-20","false","interacts with","Solyc02g092050.3 (interacts with) Solyc08g082630.3"
"interacts with","0.732244","Solyc08g082630.3 (interacts with) Solyc10g079070.2","1.0E-25","false","interacts with","Solyc08g082630.3 (interacts with) Solyc10g079070.2"
"interacts with","0.712175","Solyc10g005330.3 (interacts with) Solyc12g098370.2","1.0E-20","false","interacts with","Solyc10g005330.3 (interacts with) Solyc12g098370.2"
"interacts with","0.68942","Solyc02g092050.3 (interacts with) Solyc06g069430.3","1.0E-20","false","interacts with","Solyc02g092050.3 (interacts with) Solyc06g069430.3"
"interacts with","0.720896","Solyc04g078640.2 (interacts with) Solyc10g079070.2","1.0E-25","false","interacts with","Solyc04g078640.2 (interacts with) Solyc10g079070.2"
"interacts with","0.59122","Solyc08g082630.3 (interacts with) Solyc10g084380.1","1.0E-20","false","interacts with","Solyc08g082630.3 (interacts with) Solyc10g084380.1"
"interacts with","0.373437","Solyc04g078640.2 (interacts with) Solyc09g090790.3","1.0E-10","false","interacts with","Solyc04g078640.2 (interacts with) Solyc09g090790.3"
"interacts with","0.43315","Solyc08g080120.3 (interacts with) Solyc10g079050.2","1.0E-15","false","interacts with","Solyc08g080120.3 (interacts with) Solyc10g079050.2"
"interacts with","0.481246","Solyc10g005330.3 (interacts with) Solyc12g099370.2","1.0E-15","false","interacts with","Solyc10g005330.3 (interacts with) Solyc12g099370.2"
"interacts with","0.686823","Solyc08g082630.3 (interacts with) Solyc11g017470.2","1.0E-20","false","interacts with","Solyc08g082630.3 (interacts with) Solyc11g017470.2"
"interacts with","0.732671","Solyc04g078640.2 (interacts with) Solyc10g078700.2","1.0E-25","false","interacts with","Solyc04g078640.2 (interacts with) Solyc10g078700.2"
"interacts with","0.691553","Solyc08g082630.3 (interacts with) Solyc12g098370.2","1.0E-20","false","interacts with","Solyc08g082630.3 (interacts with) Solyc12g098370.2"
"interacts with","0.540532","Solyc04g078640.2 (interacts with) Solyc06g005130.3","1.0E-15","false","interacts with","Solyc04g078640.2 (interacts with) Solyc06g005130.3"
"interacts with","0.689508","Solyc08g082630.3 (interacts with) Solyc09g007260.3","1.0E-20","false","interacts with","Solyc08g082630.3 (interacts with) Solyc09g007260.3"
"interacts with","0.483662","Solyc02g090310.1 (interacts with) Solyc12g013620.2","1.0E-15","false","interacts with","Solyc02g090310.1 (interacts with) Solyc12g013620.2"
"interacts with","0.623184","Solyc10g005330.3 (interacts with) Solyc10g084380.1","1.0E-20","false","interacts with","Solyc10g005330.3 (interacts with) Solyc10g084380.1"
"interacts with","0.67925","Solyc02g092050.3 (interacts with) Solyc10g078700.2","1.0E-20","false","interacts with","Solyc02g092050.3 (interacts with) Solyc10g078700.2"
"interacts with","0.577418","Solyc04g078640.2 (interacts with) Solyc12g006240.2","1.0E-20","false","interacts with","Solyc04g078640.2 (interacts with) Solyc12g006240.2"
"interacts with","0.385644","Solyc02g092050.3 (interacts with) Solyc09g090790.3","1.0E-10","false","interacts with","Solyc02g092050.3 (interacts with) Solyc09g090790.3"
"interacts with","0.500743","Solyc02g090310.1 (interacts with) Solyc05g012020.3","1.0E-15","false","interacts with","Solyc02g090310.1 (interacts with) Solyc05g012020.3"
"interacts with","0.732409","Solyc10g005330.3 (interacts with) Solyc10g079070.2","1.0E-25","false","interacts with","Solyc10g005330.3 (interacts with) Solyc10g079070.2"
"interacts with","0.326954","Solyc08g082630.3 (interacts with) Solyc11g065840.2","1.0E-10","false","interacts with","Solyc08g082630.3 (interacts with) Solyc11g065840.2"
"interacts with","0.802594","Solyc04g078640.2 (interacts with) Solyc12g098520.2","1.0E-25","false","interacts with","Solyc04g078640.2 (interacts with) Solyc12g098520.2"
"interacts with","0.489159","Solyc08g082630.3 (interacts with) Solyc11g008830.2","1.0E-15","false","interacts with","Solyc08g082630.3 (interacts with) Solyc11g008830.2"
"interacts with","0.800067","Solyc04g078640.2 (interacts with) Solyc06g069430.3","1.0E-25","false","interacts with","Solyc04g078640.2 (interacts with) Solyc06g069430.3"
"interacts with","0.499773","Solyc02g090310.1 (interacts with) Solyc09g007260.3","1.0E-15","false","interacts with","Solyc02g090310.1 (interacts with) Solyc09g007260.3"
"interacts with","0.675409","Solyc10g005330.3 (interacts with) Solyc10g018780.2","1.0E-20","false","interacts with","Solyc10g005330.3 (interacts with) Solyc10g018780.2"
"interacts with","0.385488","Solyc08g082630.3 (interacts with) Solyc12g005420.2","1.0E-10","false","interacts with","Solyc08g082630.3 (interacts with) Solyc12g005420.2"
"interacts with","0.723867","Solyc10g005330.3 (interacts with) Solyc10g078700.2","1.0E-25","false","interacts with","Solyc10g005330.3 (interacts with) Solyc10g078700.2"
"interacts with","0.623779","Solyc04g078640.2 (interacts with) Solyc08g066500.3","1.0E-20","false","interacts with","Solyc04g078640.2 (interacts with) Solyc08g066500.3"
"interacts with","0.520376","Solyc02g090310.1 (interacts with) Solyc08g063040.3","1.0E-15","false","interacts with","Solyc02g090310.1 (interacts with) Solyc08g063040.3"
"interacts with","0.526761","Solyc02g090310.1 (interacts with) Solyc04g078640.2","1.0E-15","false","interacts with","Solyc02g090310.1 (interacts with) Solyc04g078640.2"
"interacts with","0.775951","Solyc10g005330.3 (interacts with) Solyc10g006880.3","1.0E-25","false","interacts with","Solyc10g005330.3 (interacts with) Solyc10g006880.3"
"interacts with","0.659214","Solyc04g078640.2 (interacts with) Solyc08g068320.3","1.0E-20","false","interacts with","Solyc04g078640.2 (interacts with) Solyc08g068320.3"
"interacts with","0.691284","Solyc04g078640.2 (interacts with) Solyc06g008200.3","1.0E-20","false","interacts with","Solyc04g078640.2 (interacts with) Solyc06g008200.3"
"interacts with","0.499929","Solyc02g090310.1 (interacts with) Solyc05g007770.3","1.0E-15","false","interacts with","Solyc02g090310.1 (interacts with) Solyc05g007770.3"
"interacts with","0.760313","Solyc04g078640.2 (interacts with) Solyc09g007260.3","1.0E-25","false","interacts with","Solyc04g078640.2 (interacts with) Solyc09g007260.3"
"interacts with","0.477756","Solyc04g078640.2 (interacts with) Solyc08g080120.3","1.0E-15","false","interacts with","Solyc04g078640.2 (interacts with) Solyc08g080120.3"
"interacts with","0.625888","Solyc04g078640.2 (interacts with) Solyc07g062680.2","1.0E-20","false","interacts with","Solyc04g078640.2 (interacts with) Solyc07g062680.2"
"interacts with","0.277887","Solyc04g078640.2 (interacts with) Solyc10g007970.2","1.0E-5","false","interacts with","Solyc04g078640.2 (interacts with) Solyc10g007970.2"
"interacts with","0.789898","Solyc04g078640.2 (interacts with) Solyc05g012020.3","1.0E-25","false","interacts with","Solyc04g078640.2 (interacts with) Solyc05g012020.3"
"interacts with","0.529344","Solyc04g078640.2 (interacts with) Solyc07g043330.2","1.0E-15","false","interacts with","Solyc04g078640.2 (interacts with) Solyc07g043330.2"
"interacts with","0.806032","Solyc04g078640.2 (interacts with) Solyc11g017470.2","1.0E-25","false","interacts with","Solyc04g078640.2 (interacts with) Solyc11g017470.2"
"interacts with","0.649726","Solyc04g014830.2 (interacts with) Solyc04g078640.2","1.0E-20","false","interacts with","Solyc04g014830.2 (interacts with) Solyc04g078640.2"
"interacts with","0.667274","Solyc04g078640.2 (interacts with) Solyc05g007770.3","1.0E-20","false","interacts with","Solyc04g078640.2 (interacts with) Solyc05g007770.3"
"interacts with","0.602281","Solyc04g078640.2 (interacts with) Solyc06g075140.3","1.0E-20","false","interacts with","Solyc04g078640.2 (interacts with) Solyc06g075140.3"
"interacts with","0.507408","Solyc04g078640.2 (interacts with) Solyc05g050220.3","1.0E-15","false","interacts with","Solyc04g078640.2 (interacts with) Solyc05g050220.3"
"interacts with","0.614496","Solyc04g014830.2 (interacts with) Solyc11g017470.2","1.0E-20","false","interacts with","Solyc04g014830.2 (interacts with) Solyc11g017470.2"
"interacts with","0.736687","Solyc04g078640.2 (interacts with) Solyc07g063970.3","1.0E-25","false","interacts with","Solyc04g078640.2 (interacts with) Solyc07g063970.3"
"interacts with","0.666562","Solyc04g014830.2 (interacts with) Solyc10g006880.3","1.0E-20","false","interacts with","Solyc04g014830.2 (interacts with) Solyc10g006880.3"
"interacts with","0.797445","Solyc04g078640.2 (interacts with) Solyc06g036170.1","1.0E-25","false","interacts with","Solyc04g078640.2 (interacts with) Solyc06g036170.1"
"interacts with","0.256421","Solyc04g078640.2 (interacts with) Solyc07g063410.3","1.0E-5","false","interacts with","Solyc04g078640.2 (interacts with) Solyc07g063410.3"
"interacts with","0.641772","Solyc04g078640.2 (interacts with) Solyc08g006260.2","1.0E-20","false","interacts with","Solyc04g078640.2 (interacts with) Solyc08g006260.2"
"interacts with","0.62297","Solyc04g014830.2 (interacts with) Solyc06g069430.3","1.0E-20","false","interacts with","Solyc04g014830.2 (interacts with) Solyc06g069430.3"
"interacts with","0.326152","Solyc09g007260.3 (interacts with) Solyc11g065840.2","1.0E-10","false","interacts with","Solyc09g007260.3 (interacts with) Solyc11g065840.2"
"interacts with","0.70215","Solyc04g078640.2 (interacts with) Solyc08g060840.1","1.0E-20","false","interacts with","Solyc04g078640.2 (interacts with) Solyc08g060840.1"
"interacts with","0.739912","Solyc01g087990.3 (interacts with) Solyc04g078640.2","1.0E-25","false","interacts with","Solyc01g087990.3 (interacts with) Solyc04g078640.2"
"interacts with","0.631058","Solyc06g075510.3 (interacts with) Solyc09g007260.3","1.0E-20","false","interacts with","Solyc06g075510.3 (interacts with) Solyc09g007260.3"
"interacts with","0.478887","Solyc09g007260.3 (interacts with) Solyc11g008830.2","1.0E-15","false","interacts with","Solyc09g007260.3 (interacts with) Solyc11g008830.2"
"interacts with","0.652625","Solyc01g087990.3 (interacts with) Solyc05g007770.3","1.0E-20","false","interacts with","Solyc01g087990.3 (interacts with) Solyc05g007770.3"
"interacts with","0.607469","Solyc06g075510.3 (interacts with) Solyc10g078700.2","1.0E-20","false","interacts with","Solyc06g075510.3 (interacts with) Solyc10g078700.2"
"interacts with","0.648786","Solyc04g014830.2 (interacts with) Solyc10g078700.2","1.0E-20","false","interacts with","Solyc04g014830.2 (interacts with) Solyc10g078700.2"
"interacts with","0.666429","Solyc09g007260.3 (interacts with) Solyc09g082505.1","1.0E-20","false","interacts with","Solyc09g007260.3 (interacts with) Solyc09g082505.1"
"interacts with","0.720253","Solyc09g007260.3 (interacts with) Solyc12g098370.2","1.0E-25","false","interacts with","Solyc09g007260.3 (interacts with) Solyc12g098370.2"
"interacts with","0.753794","Solyc09g007260.3 (interacts with) Solyc10g079070.2","1.0E-25","false","interacts with","Solyc09g007260.3 (interacts with) Solyc10g079070.2"
"interacts with","0.529294","Solyc06g075510.3 (interacts with) Solyc07g043330.2","1.0E-15","false","interacts with","Solyc06g075510.3 (interacts with) Solyc07g043330.2"
"interacts with","0.553884","Solyc09g007260.3 (interacts with) Solyc12g014140.2","1.0E-15","false","interacts with","Solyc09g007260.3 (interacts with) Solyc12g014140.2"
"interacts with","0.650609","Solyc04g014830.2 (interacts with) Solyc10g005330.3","1.0E-20","false","interacts with","Solyc04g014830.2 (interacts with) Solyc10g005330.3"
"interacts with","0.718325","Solyc09g007260.3 (interacts with) Solyc10g006880.3","1.0E-25","false","interacts with","Solyc09g007260.3 (interacts with) Solyc10g006880.3"
"interacts with","0.628065","Solyc04g014830.2 (interacts with) Solyc06g063070.3","1.0E-20","false","interacts with","Solyc04g014830.2 (interacts with) Solyc06g063070.3"
"interacts with","0.672803","Solyc01g087990.3 (interacts with) Solyc03g097120.3","1.0E-20","false","interacts with","Solyc01g087990.3 (interacts with) Solyc03g097120.3"
"interacts with","0.738553","Solyc09g007260.3 (interacts with) Solyc10g018780.2","1.0E-25","false","interacts with","Solyc09g007260.3 (interacts with) Solyc10g018780.2"
"interacts with","0.443688","Solyc01g087990.3 (interacts with) Solyc08g080120.3","1.0E-15","false","interacts with","Solyc01g087990.3 (interacts with) Solyc08g080120.3"
"interacts with","0.714583","Solyc09g007260.3 (interacts with) Solyc10g078700.2","1.0E-25","false","interacts with","Solyc09g007260.3 (interacts with) Solyc10g078700.2"
"interacts with","0.528893","Solyc04g014830.2 (interacts with) Solyc12g014610.2","1.0E-15","false","interacts with","Solyc04g014830.2 (interacts with) Solyc12g014610.2"
"interacts with","0.38272","Solyc09g007260.3 (interacts with) Solyc09g090790.3","1.0E-10","false","interacts with","Solyc09g007260.3 (interacts with) Solyc09g090790.3"
"interacts with","0.461664","Solyc04g014830.2 (interacts with) Solyc12g099370.2","1.0E-15","false","interacts with","Solyc04g014830.2 (interacts with) Solyc12g099370.2"
"interacts with","0.599299","Solyc01g087990.3 (interacts with) Solyc05g051460.3","1.0E-20","false","interacts with","Solyc01g087990.3 (interacts with) Solyc05g051460.3"
"interacts with","0.532929","Solyc01g087990.3 (interacts with) Solyc02g090310.1","1.0E-15","false","interacts with","Solyc01g087990.3 (interacts with) Solyc02g090310.1"
"interacts with","0.662317","Solyc01g087990.3 (interacts with) Solyc10g079050.2","1.0E-20","false","interacts with","Solyc01g087990.3 (interacts with) Solyc10g079050.2"
"interacts with","0.609242","Solyc01g087990.3 (interacts with) Solyc08g063040.3","1.0E-20","false","interacts with","Solyc01g087990.3 (interacts with) Solyc08g063040.3"
"interacts with","0.607784","Solyc01g087990.3 (interacts with) Solyc03g113270.3","1.0E-20","false","interacts with","Solyc01g087990.3 (interacts with) Solyc03g113270.3"
"interacts with","0.491027","Solyc03g019710.3 (interacts with) Solyc06g063070.3","1.0E-15","false","interacts with","Solyc03g019710.3 (interacts with) Solyc06g063070.3"
"interacts with","0.469493","Solyc03g019710.3 (interacts with) Solyc10g005330.3","1.0E-15","false","interacts with","Solyc03g019710.3 (interacts with) Solyc10g005330.3"
"interacts with","0.479256","Solyc03g019710.3 (interacts with) Solyc06g053960.3","1.0E-15","false","interacts with","Solyc03g019710.3 (interacts with) Solyc06g053960.3"
"interacts with","0.365707","Solyc01g090340.2 (interacts with) Solyc09g090790.3","1.0E-10","false","interacts with","Solyc01g090340.2 (interacts with) Solyc09g090790.3"
"interacts with","0.494547","Solyc03g019710.3 (interacts with) Solyc09g082505.1","1.0E-15","false","interacts with","Solyc03g019710.3 (interacts with) Solyc09g082505.1"
"interacts with","0.725402","Solyc01g090340.2 (interacts with) Solyc06g069430.3","1.0E-25","false","interacts with","Solyc01g090340.2 (interacts with) Solyc06g069430.3"
"interacts with","0.671089","Solyc01g090340.2 (interacts with) Solyc10g079070.2","1.0E-20","false","interacts with","Solyc01g090340.2 (interacts with) Solyc10g079070.2"
"interacts with","0.509594","Solyc03g019710.3 (interacts with) Solyc07g063970.3","1.0E-15","false","interacts with","Solyc03g019710.3 (interacts with) Solyc07g063970.3"
"interacts with","0.654119","Solyc08g060840.1 (interacts with) Solyc09g089550.3","1.0E-20","false","interacts with","Solyc08g060840.1 (interacts with) Solyc09g089550.3"
"interacts with","0.464141","Solyc03g019710.3 (interacts with) Solyc10g079070.2","1.0E-15","false","interacts with","Solyc03g019710.3 (interacts with) Solyc10g079070.2"
"interacts with","0.494214","Solyc03g019710.3 (interacts with) Solyc04g078640.2","1.0E-15","false","interacts with","Solyc03g019710.3 (interacts with) Solyc04g078640.2"
"interacts with","0.491261","Solyc03g019710.3 (interacts with) Solyc06g036170.1","1.0E-15","false","interacts with","Solyc03g019710.3 (interacts with) Solyc06g036170.1"
"interacts with","0.650528","Solyc01g090340.2 (interacts with) Solyc12g098370.2","1.0E-20","false","interacts with","Solyc01g090340.2 (interacts with) Solyc12g098370.2"
"interacts with","0.475574","Solyc03g019710.3 (interacts with) Solyc09g018460.1","1.0E-15","false","interacts with","Solyc03g019710.3 (interacts with) Solyc09g018460.1"
"interacts with","0.69104","Solyc01g090340.2 (interacts with) Solyc06g053960.3","1.0E-20","false","interacts with","Solyc01g090340.2 (interacts with) Solyc06g053960.3"
"interacts with","0.465707","Solyc03g019710.3 (interacts with) Solyc06g075510.3","1.0E-15","false","interacts with","Solyc03g019710.3 (interacts with) Solyc06g075510.3"
"interacts with","0.461978","Solyc03g019710.3 (interacts with) Solyc03g097120.3","1.0E-15","false","interacts with","Solyc03g019710.3 (interacts with) Solyc03g097120.3"
"interacts with","0.603664","Solyc01g090340.2 (interacts with) Solyc07g063420.3","1.0E-20","false","interacts with","Solyc01g090340.2 (interacts with) Solyc07g063420.3"
"interacts with","0.496084","Solyc03g019710.3 (interacts with) Solyc06g069430.3","1.0E-15","false","interacts with","Solyc03g019710.3 (interacts with) Solyc06g069430.3"
"interacts with","0.572496","Solyc03g097120.3 (interacts with) Solyc03g118190.3","1.0E-20","false","interacts with","Solyc03g097120.3 (interacts with) Solyc03g118190.3"
"interacts with","0.461072","Solyc03g019710.3 (interacts with) Solyc12g013620.2","1.0E-15","false","interacts with","Solyc03g019710.3 (interacts with) Solyc12g013620.2"
"interacts with","0.717599","Solyc03g097120.3 (interacts with) Solyc06g053960.3","1.0E-25","false","interacts with","Solyc03g097120.3 (interacts with) Solyc06g053960.3"
"interacts with","0.49542","Solyc03g019710.3 (interacts with) Solyc10g006880.3","1.0E-15","false","interacts with","Solyc03g019710.3 (interacts with) Solyc10g006880.3"
"interacts with","0.384235","Solyc02g092550.3 (interacts with) Solyc10g018780.2","1.0E-10","false","interacts with","Solyc02g092550.3 (interacts with) Solyc10g018780.2"
"interacts with","0.67547","Solyc01g090340.2 (interacts with) Solyc03g097120.3","1.0E-20","false","interacts with","Solyc01g090340.2 (interacts with) Solyc03g097120.3"
"interacts with","0.593228","Solyc01g090340.2 (interacts with) Solyc06g075140.3","1.0E-20","false","interacts with","Solyc01g090340.2 (interacts with) Solyc06g075140.3"
"interacts with","0.39269","Solyc02g092550.3 (interacts with) Solyc08g066500.3","1.0E-10","false","interacts with","Solyc02g092550.3 (interacts with) Solyc08g066500.3"
"interacts with","0.718202","Solyc01g090340.2 (interacts with) Solyc07g063970.3","1.0E-25","false","interacts with","Solyc01g090340.2 (interacts with) Solyc07g063970.3"
"interacts with","0.647581","Solyc03g097120.3 (interacts with) Solyc07g063420.3","1.0E-20","false","interacts with","Solyc03g097120.3 (interacts with) Solyc07g063420.3"
"interacts with","0.270116","Solyc01g090340.2 (interacts with) Solyc10g007970.2","1.0E-5","false","interacts with","Solyc01g090340.2 (interacts with) Solyc10g007970.2"
"interacts with","0.38638","Solyc02g092550.3 (interacts with) Solyc06g069430.3","1.0E-10","false","interacts with","Solyc02g092550.3 (interacts with) Solyc06g069430.3"
"interacts with","0.634082","Solyc03g097120.3 (interacts with) Solyc08g061140.3","1.0E-20","false","interacts with","Solyc03g097120.3 (interacts with) Solyc08g061140.3"
"interacts with","0.416799","Solyc02g092550.3 (interacts with) Solyc05g051460.3","1.0E-10","false","interacts with","Solyc02g092550.3 (interacts with) Solyc05g051460.3"
"interacts with","0.509478","Solyc03g093610.1 (interacts with) Solyc10g079070.2","1.0E-15","false","interacts with","Solyc03g093610.1 (interacts with) Solyc10g079070.2"
"interacts with","0.385236","Solyc02g092550.3 (interacts with) Solyc04g078640.2","1.0E-10","false","interacts with","Solyc02g092550.3 (interacts with) Solyc04g078640.2"
"interacts with","0.71794","Solyc03g097120.3 (interacts with) Solyc10g078700.2","1.0E-25","false","interacts with","Solyc03g097120.3 (interacts with) Solyc10g078700.2"
"interacts with","0.482235","Solyc03g093610.1 (interacts with) Solyc04g078640.2","1.0E-15","false","interacts with","Solyc03g093610.1 (interacts with) Solyc04g078640.2"
"interacts with","0.393383","Solyc03g097120.3 (interacts with) Solyc09g090790.3","1.0E-10","false","interacts with","Solyc03g097120.3 (interacts with) Solyc09g090790.3"
"interacts with","0.490217","Solyc03g093610.1 (interacts with) Solyc06g036170.1","1.0E-15","false","interacts with","Solyc03g093610.1 (interacts with) Solyc06g036170.1"
"interacts with","0.509011","Solyc01g090340.2 (interacts with) Solyc01g102980.3","1.0E-15","false","interacts with","Solyc01g090340.2 (interacts with) Solyc01g102980.3"
"interacts with","0.414108","Solyc02g092550.3 (interacts with) Solyc12g098370.2","1.0E-10","false","interacts with","Solyc02g092550.3 (interacts with) Solyc12g098370.2"
"interacts with","0.720336","Solyc01g090340.2 (interacts with) Solyc09g007260.3","1.0E-25","false","interacts with","Solyc01g090340.2 (interacts with) Solyc09g007260.3"
"interacts with","0.388511","Solyc02g092550.3 (interacts with) Solyc05g012020.3","1.0E-10","false","interacts with","Solyc02g092550.3 (interacts with) Solyc05g012020.3"
"interacts with","0.596562","Solyc01g090340.2 (interacts with) Solyc06g075510.3","1.0E-20","false","interacts with","Solyc01g090340.2 (interacts with) Solyc06g075510.3"
"interacts with","0.759404","Solyc03g097120.3 (interacts with) Solyc06g069430.3","1.0E-25","false","interacts with","Solyc03g097120.3 (interacts with) Solyc06g069430.3"
"interacts with","0.391737","Solyc02g092550.3 (interacts with) Solyc09g007260.3","1.0E-10","false","interacts with","Solyc02g092550.3 (interacts with) Solyc09g007260.3"
"interacts with","0.407235","Solyc03g097120.3 (interacts with) Solyc10g080480.2","1.0E-10","false","interacts with","Solyc03g097120.3 (interacts with) Solyc10g080480.2"
"interacts with","0.423284","Solyc02g092550.3 (interacts with) Solyc07g062680.2","1.0E-10","false","interacts with","Solyc02g092550.3 (interacts with) Solyc07g062680.2"
"interacts with","0.382723","Solyc02g092550.3 (interacts with) Solyc08g063040.3","1.0E-10","false","interacts with","Solyc02g092550.3 (interacts with) Solyc08g063040.3"
"interacts with","0.741956","Solyc03g097120.3 (interacts with) Solyc10g079070.2","1.0E-25","false","interacts with","Solyc03g097120.3 (interacts with) Solyc10g079070.2"
"interacts with","0.509124","Solyc03g097120.3 (interacts with) Solyc04g076530.3","1.0E-15","false","interacts with","Solyc03g097120.3 (interacts with) Solyc04g076530.3"
"interacts with","0.478038","Solyc01g090340.2 (interacts with) Solyc02g068200.1","1.0E-15","false","interacts with","Solyc01g090340.2 (interacts with) Solyc02g068200.1"
"interacts with","0.392715","Solyc02g092550.3 (interacts with) Solyc10g005330.3","1.0E-10","false","interacts with","Solyc02g092550.3 (interacts with) Solyc10g005330.3"
"interacts with","0.781415","Solyc03g097120.3 (interacts with) Solyc05g012020.3","1.0E-25","false","interacts with","Solyc03g097120.3 (interacts with) Solyc05g012020.3"
"interacts with","0.650372","Solyc08g006260.2 (interacts with) Solyc12g098370.2","1.0E-20","false","interacts with","Solyc08g006260.2 (interacts with) Solyc12g098370.2"
"interacts with","0.510669","Solyc03g093610.1 (interacts with) Solyc05g012020.3","1.0E-15","false","interacts with","Solyc03g093610.1 (interacts with) Solyc05g012020.3"
"interacts with","0.654447","Solyc01g090340.2 (interacts with) Solyc06g063070.3","1.0E-20","false","interacts with","Solyc01g090340.2 (interacts with) Solyc06g063070.3"
"interacts with","0.457869","Solyc01g090340.2 (interacts with) Solyc11g008830.2","1.0E-15","false","interacts with","Solyc01g090340.2 (interacts with) Solyc11g008830.2"
"interacts with","0.66276","Solyc08g006260.2 (interacts with) Solyc09g007260.3","1.0E-20","false","interacts with","Solyc08g006260.2 (interacts with) Solyc09g007260.3"
"interacts with","0.652436","Solyc03g097120.3 (interacts with) Solyc08g068320.3","1.0E-20","false","interacts with","Solyc03g097120.3 (interacts with) Solyc08g068320.3"
"interacts with","0.686768","Solyc08g006260.2 (interacts with) Solyc10g005330.3","1.0E-20","false","interacts with","Solyc08g006260.2 (interacts with) Solyc10g005330.3"
"interacts with","0.665174","Solyc01g090340.2 (interacts with) Solyc10g005330.3","1.0E-20","false","interacts with","Solyc01g090340.2 (interacts with) Solyc10g005330.3"
"interacts with","0.700348","Solyc08g006260.2 (interacts with) Solyc08g068320.3","1.0E-20","false","interacts with","Solyc08g006260.2 (interacts with) Solyc08g068320.3"
"interacts with","0.653887","Solyc01g090340.2 (interacts with) Solyc04g045430.3","1.0E-20","false","interacts with","Solyc01g090340.2 (interacts with) Solyc04g045430.3"
"interacts with","0.531843","Solyc01g090340.2 (interacts with) Solyc02g090220.3","1.0E-15","false","interacts with","Solyc01g090340.2 (interacts with) Solyc02g090220.3"
"interacts with","0.717829","Solyc03g097120.3 (interacts with) Solyc09g007260.3","1.0E-25","false","interacts with","Solyc03g097120.3 (interacts with) Solyc09g007260.3"
"interacts with","0.649397","Solyc08g006260.2 (interacts with) Solyc10g006880.3","1.0E-20","false","interacts with","Solyc08g006260.2 (interacts with) Solyc10g006880.3"
"interacts with","0.460018","Solyc01g090340.2 (interacts with) Solyc03g019710.3","1.0E-15","false","interacts with","Solyc01g090340.2 (interacts with) Solyc03g019710.3"
"interacts with","0.623306","Solyc03g097120.3 (interacts with) Solyc07g062680.2","1.0E-20","false","interacts with","Solyc03g097120.3 (interacts with) Solyc07g062680.2"
"interacts with","0.658285","Solyc08g006260.2 (interacts with) Solyc10g018780.2","1.0E-20","false","interacts with","Solyc08g006260.2 (interacts with) Solyc10g018780.2"
"interacts with","0.430006","Solyc01g090340.2 (interacts with) Solyc07g006630.3","1.0E-10","false","interacts with","Solyc01g090340.2 (interacts with) Solyc07g006630.3"
"interacts with","0.463335","Solyc03g097120.3 (interacts with) Solyc08g080120.3","1.0E-15","false","interacts with","Solyc03g097120.3 (interacts with) Solyc08g080120.3"
"interacts with","0.685864","Solyc08g006260.2 (interacts with) Solyc10g078700.2","1.0E-20","false","interacts with","Solyc08g006260.2 (interacts with) Solyc10g078700.2"
"interacts with","0.677035","Solyc08g006260.2 (interacts with) Solyc10g079070.2","1.0E-20","false","interacts with","Solyc08g006260.2 (interacts with) Solyc10g079070.2"
"interacts with","0.655872","Solyc01g090340.2 (interacts with) Solyc10g006880.3","1.0E-20","false","interacts with","Solyc01g090340.2 (interacts with) Solyc10g006880.3"
"interacts with","0.688064","Solyc01g090340.2 (interacts with) Solyc04g078640.2","1.0E-20","false","interacts with","Solyc01g090340.2 (interacts with) Solyc04g078640.2"
"interacts with","0.695956","Solyc03g097120.3 (interacts with) Solyc08g060840.1","1.0E-20","false","interacts with","Solyc03g097120.3 (interacts with) Solyc08g060840.1"
"interacts with","0.531383","Solyc01g090340.2 (interacts with) Solyc04g005320.3","1.0E-15","false","interacts with","Solyc01g090340.2 (interacts with) Solyc04g005320.3"
"interacts with","0.607527","Solyc03g097120.3 (interacts with) Solyc04g005800.3","1.0E-20","false","interacts with","Solyc03g097120.3 (interacts with) Solyc04g005800.3"
"interacts with","0.49689","Solyc01g102980.3 (interacts with) Solyc07g062680.2","1.0E-15","false","interacts with","Solyc01g102980.3 (interacts with) Solyc07g062680.2"
"interacts with","0.500842","Solyc03g097120.3 (interacts with) Solyc05g050220.3","1.0E-15","false","interacts with","Solyc03g097120.3 (interacts with) Solyc05g050220.3"
"interacts with","0.528321","Solyc01g102980.3 (interacts with) Solyc09g007260.3","1.0E-15","false","interacts with","Solyc01g102980.3 (interacts with) Solyc09g007260.3"
"interacts with","0.694455","Solyc03g097120.3 (interacts with) Solyc07g063970.3","1.0E-20","false","interacts with","Solyc03g097120.3 (interacts with) Solyc07g063970.3"
"interacts with","0.346666","Solyc01g102980.3 (interacts with) Solyc11g065840.2","1.0E-10","false","interacts with","Solyc01g102980.3 (interacts with) Solyc11g065840.2"
"interacts with","0.523872","Solyc05g012040.3 (interacts with) Solyc06g053960.3","1.0E-15","false","interacts with","Solyc05g012040.3 (interacts with) Solyc06g053960.3"
"interacts with","0.548553","Solyc03g097120.3 (interacts with) Solyc03g119740.3","1.0E-15","false","interacts with","Solyc03g097120.3 (interacts with) Solyc03g119740.3"
"interacts with","0.535958","Solyc01g102980.3 (interacts with) Solyc03g097120.3","1.0E-15","false","interacts with","Solyc01g102980.3 (interacts with) Solyc03g097120.3"
"interacts with","0.539823","Solyc05g012040.3 (interacts with) Solyc10g079050.2","1.0E-15","false","interacts with","Solyc05g012040.3 (interacts with) Solyc10g079050.2"
"interacts with","0.529613","Solyc01g102980.3 (interacts with) Solyc10g006880.3","1.0E-15","false","interacts with","Solyc01g102980.3 (interacts with) Solyc10g006880.3"
"interacts with","0.85811","Solyc03g097120.3 (interacts with) Solyc06g036170.1","1.0E-30","false","interacts with","Solyc03g097120.3 (interacts with) Solyc06g036170.1"
"interacts with","0.658722","Solyc03g097120.3 (interacts with) Solyc03g113270.3","1.0E-20","false","interacts with","Solyc03g097120.3 (interacts with) Solyc03g113270.3"
"interacts with","0.624639","Solyc03g097120.3 (interacts with) Solyc09g082505.1","1.0E-20","false","interacts with","Solyc03g097120.3 (interacts with) Solyc09g082505.1"
"interacts with","0.564156","Solyc06g069430.3 (interacts with) Solyc12g007070.2","1.0E-15","false","interacts with","Solyc06g069430.3 (interacts with) Solyc12g007070.2"
"interacts with","0.505781","Solyc01g102980.3 (interacts with) Solyc12g013620.2","1.0E-15","false","interacts with","Solyc01g102980.3 (interacts with) Solyc12g013620.2"
"interacts with","0.785344","Solyc06g069430.3 (interacts with) Solyc10g005330.3","1.0E-25","false","interacts with","Solyc06g069430.3 (interacts with) Solyc10g005330.3"
"interacts with","0.606969","Solyc03g097120.3 (interacts with) Solyc09g089550.3","1.0E-20","false","interacts with","Solyc03g097120.3 (interacts with) Solyc09g089550.3"
"interacts with","0.531354","Solyc01g102980.3 (interacts with) Solyc07g063970.3","1.0E-15","false","interacts with","Solyc01g102980.3 (interacts with) Solyc07g063970.3"
"interacts with","0.652596","Solyc03g097120.3 (interacts with) Solyc08g063040.3","1.0E-20","false","interacts with","Solyc03g097120.3 (interacts with) Solyc08g063040.3"
"interacts with","0.536481","Solyc05g012040.3 (interacts with) Solyc08g063040.3","1.0E-15","false","interacts with","Solyc05g012040.3 (interacts with) Solyc08g063040.3"
"interacts with","0.482362","Solyc06g069430.3 (interacts with) Solyc11g008830.2","1.0E-15","false","interacts with","Solyc06g069430.3 (interacts with) Solyc11g008830.2"
"interacts with","0.508833","Solyc01g102980.3 (interacts with) Solyc06g036170.1","1.0E-15","false","interacts with","Solyc01g102980.3 (interacts with) Solyc06g036170.1"
"interacts with","0.697576","Solyc03g097120.3 (interacts with) Solyc10g018780.2","1.0E-20","false","interacts with","Solyc03g097120.3 (interacts with) Solyc10g018780.2"
"interacts with","0.712208","Solyc06g069430.3 (interacts with) Solyc08g082630.3","1.0E-20","false","interacts with","Solyc06g069430.3 (interacts with) Solyc08g082630.3"
"interacts with","0.520456","Solyc01g102980.3 (interacts with) Solyc04g078640.2","1.0E-15","false","interacts with","Solyc01g102980.3 (interacts with) Solyc04g078640.2"
"interacts with","0.623062","Solyc03g097120.3 (interacts with) Solyc06g075510.3","1.0E-20","false","interacts with","Solyc03g097120.3 (interacts with) Solyc06g075510.3"
"interacts with","0.696202","Solyc06g069430.3 (interacts with) Solyc10g079050.2","1.0E-20","false","interacts with","Solyc06g069430.3 (interacts with) Solyc10g079050.2"
"interacts with","0.71581","Solyc06g069430.3 (interacts with) Solyc10g018780.2","1.0E-25","false","interacts with","Solyc06g069430.3 (interacts with) Solyc10g018780.2"
"interacts with","0.652622","Solyc06g069430.3 (interacts with) Solyc06g075510.3","1.0E-20","false","interacts with","Solyc06g069430.3 (interacts with) Solyc06g075510.3"
"interacts with","0.300331","Solyc01g102980.3 (interacts with) Solyc05g009660.3","1.0E-10","false","interacts with","Solyc01g102980.3 (interacts with) Solyc05g009660.3"
"interacts with","0.522524","Solyc01g102980.3 (interacts with) Solyc06g053960.3","1.0E-15","false","interacts with","Solyc01g102980.3 (interacts with) Solyc06g053960.3"
"interacts with","0.520931","Solyc01g102980.3 (interacts with) Solyc04g045430.3","1.0E-15","false","interacts with","Solyc01g102980.3 (interacts with) Solyc04g045430.3"
"interacts with","0.515757","Solyc01g102980.3 (interacts with) Solyc07g063420.3","1.0E-15","false","interacts with","Solyc01g102980.3 (interacts with) Solyc07g063420.3"
"interacts with","0.465684","Solyc03g097120.3 (interacts with) Solyc11g065700.2","1.0E-15","false","interacts with","Solyc03g097120.3 (interacts with) Solyc11g065700.2"
"interacts with","0.512599","Solyc01g102980.3 (interacts with) Solyc06g069430.3","1.0E-15","false","interacts with","Solyc01g102980.3 (interacts with) Solyc06g069430.3"
"interacts with","0.601446","Solyc06g069430.3 (interacts with) Solyc10g084380.1","1.0E-20","false","interacts with","Solyc06g069430.3 (interacts with) Solyc10g084380.1"
"interacts with","0.516959","Solyc01g102980.3 (interacts with) Solyc08g066500.3","1.0E-15","false","interacts with","Solyc01g102980.3 (interacts with) Solyc08g066500.3"
"interacts with","0.511772","Solyc06g069430.3 (interacts with) Solyc12g014610.2","1.0E-15","false","interacts with","Solyc06g069430.3 (interacts with) Solyc12g014610.2"
"interacts with","0.332496","Solyc06g069430.3 (interacts with) Solyc11g065840.2","1.0E-10","false","interacts with","Solyc06g069430.3 (interacts with) Solyc11g065840.2"
"interacts with","0.431546","Solyc06g069430.3 (interacts with) Solyc07g006630.3","1.0E-15","false","interacts with","Solyc06g069430.3 (interacts with) Solyc07g006630.3"
"interacts with","0.464244","Solyc06g069430.3 (interacts with) Solyc07g053590.3","1.0E-15","false","interacts with","Solyc06g069430.3 (interacts with) Solyc07g053590.3"
"interacts with","0.808231","Solyc06g069430.3 (interacts with) Solyc10g006880.3","1.0E-25","false","interacts with","Solyc06g069430.3 (interacts with) Solyc10g006880.3"
"interacts with","0.494131","Solyc09g010840.1 (interacts with) Solyc11g065700.2","1.0E-15","false","interacts with","Solyc09g010840.1 (interacts with) Solyc11g065700.2"
"interacts with","0.477109","Solyc03g097120.3 (interacts with) Solyc07g053590.3","1.0E-15","false","interacts with","Solyc03g097120.3 (interacts with) Solyc07g053590.3"
"interacts with","0.726318","Solyc09g010840.1 (interacts with) Solyc10g018780.2","1.0E-25","false","interacts with","Solyc09g010840.1 (interacts with) Solyc10g018780.2"
"interacts with","0.4131","Solyc03g097120.3 (interacts with) Solyc07g006630.3","1.0E-10","false","interacts with","Solyc03g097120.3 (interacts with) Solyc07g006630.3"
"interacts with","0.609887","Solyc06g036170.1 (interacts with) Solyc08g063040.3","1.0E-20","false","interacts with","Solyc06g036170.1 (interacts with) Solyc08g063040.3"
"interacts with","0.781001","Solyc03g097120.3 (interacts with) Solyc10g006880.3","1.0E-25","false","interacts with","Solyc03g097120.3 (interacts with) Solyc10g006880.3"
"interacts with","0.592063","Solyc06g036170.1 (interacts with) Solyc12g007070.2","1.0E-20","false","interacts with","Solyc06g036170.1 (interacts with) Solyc12g007070.2"
"interacts with","0.756783","Solyc06g036170.1 (interacts with) Solyc06g063070.3","1.0E-25","false","interacts with","Solyc06g036170.1 (interacts with) Solyc06g063070.3"
"interacts with","0.804421","Solyc03g097120.3 (interacts with) Solyc04g078640.2","1.0E-25","false","interacts with","Solyc03g097120.3 (interacts with) Solyc04g078640.2"
"interacts with","0.659699","Solyc06g036170.1 (interacts with) Solyc08g082630.3","1.0E-20","false","interacts with","Solyc06g036170.1 (interacts with) Solyc08g082630.3"
"interacts with","0.698024","Solyc06g069430.3 (interacts with) Solyc12g098370.2","1.0E-20","false","interacts with","Solyc06g069430.3 (interacts with) Solyc12g098370.2"
"interacts with","0.641138","Solyc06g036170.1 (interacts with) Solyc06g075510.3","1.0E-20","false","interacts with","Solyc06g036170.1 (interacts with) Solyc06g075510.3"
"interacts with","0.625104","Solyc06g069430.3 (interacts with) Solyc08g061140.3","1.0E-20","false","interacts with","Solyc06g069430.3 (interacts with) Solyc08g061140.3"
"interacts with","0.694135","Solyc06g036170.1 (interacts with) Solyc10g018780.2","1.0E-20","false","interacts with","Solyc06g036170.1 (interacts with) Solyc10g018780.2"
"interacts with","0.504391","Solyc06g069430.3 (interacts with) Solyc12g014290.2","1.0E-15","false","interacts with","Solyc06g069430.3 (interacts with) Solyc12g014290.2"
"interacts with","0.695365","Solyc06g069430.3 (interacts with) Solyc10g078700.2","1.0E-20","false","interacts with","Solyc06g069430.3 (interacts with) Solyc10g078700.2"
"interacts with","0.365751","Solyc06g069430.3 (interacts with) Solyc09g090790.3","1.0E-10","false","interacts with","Solyc06g069430.3 (interacts with) Solyc09g090790.3"
"interacts with","0.413792","Solyc01g111580.3 (interacts with) Solyc09g010840.1","1.0E-10","false","interacts with","Solyc01g111580.3 (interacts with) Solyc09g010840.1"
"interacts with","0.649194","Solyc06g036170.1 (interacts with) Solyc10g084380.1","1.0E-20","false","interacts with","Solyc06g036170.1 (interacts with) Solyc10g084380.1"
"interacts with","0.40778","Solyc06g069430.3 (interacts with) Solyc10g080480.2","1.0E-10","false","interacts with","Solyc06g069430.3 (interacts with) Solyc10g080480.2"
"interacts with","0.441469","Solyc01g111580.3 (interacts with) Solyc04g078640.2","1.0E-15","false","interacts with","Solyc01g111580.3 (interacts with) Solyc04g078640.2"
"interacts with","0.558959","Solyc06g069430.3 (interacts with) Solyc12g014140.2","1.0E-15","false","interacts with","Solyc06g069430.3 (interacts with) Solyc12g014140.2"
"interacts with","0.77233","Solyc06g069430.3 (interacts with) Solyc10g079070.2","1.0E-25","false","interacts with","Solyc06g069430.3 (interacts with) Solyc10g079070.2"
"interacts with","0.453615","Solyc06g036170.1 (interacts with) Solyc12g099370.2","1.0E-15","false","interacts with","Solyc06g036170.1 (interacts with) Solyc12g099370.2"
"interacts with","0.430327","Solyc01g111580.3 (interacts with) Solyc03g026020.3","1.0E-10","false","interacts with","Solyc01g111580.3 (interacts with) Solyc03g026020.3"
"interacts with","0.604183","Solyc06g069430.3 (interacts with) Solyc08g076860.3","1.0E-20","false","interacts with","Solyc06g069430.3 (interacts with) Solyc08g076860.3"
"interacts with","0.458267","Solyc06g036170.1 (interacts with) Solyc11g065700.2","1.0E-15","false","interacts with","Solyc06g036170.1 (interacts with) Solyc11g065700.2"
"interacts with","0.529296","Solyc06g069430.3 (interacts with) Solyc07g043330.2","1.0E-15","false","interacts with","Solyc06g069430.3 (interacts with) Solyc07g043330.2"
"interacts with","0.422954","Solyc01g111580.3 (interacts with) Solyc10g079050.2","1.0E-10","false","interacts with","Solyc01g111580.3 (interacts with) Solyc10g079050.2"
"interacts with","0.400502","Solyc01g111580.3 (interacts with) Solyc04g071160.3","1.0E-10","false","interacts with","Solyc01g111580.3 (interacts with) Solyc04g071160.3"
"interacts with","0.283979","Solyc06g069430.3 (interacts with) Solyc10g007970.2","1.0E-5","false","interacts with","Solyc06g069430.3 (interacts with) Solyc10g007970.2"
"interacts with","0.763094","Solyc06g036170.1 (interacts with) Solyc10g006880.3","1.0E-25","false","interacts with","Solyc06g036170.1 (interacts with) Solyc10g006880.3"
"interacts with","0.418055","Solyc06g036170.1 (interacts with) Solyc07g006630.3","1.0E-10","false","interacts with","Solyc06g036170.1 (interacts with) Solyc07g006630.3"
"interacts with","0.793488","Solyc06g069430.3 (interacts with) Solyc09g007260.3","1.0E-25","false","interacts with","Solyc06g069430.3 (interacts with) Solyc09g007260.3"
"interacts with","0.645465","Solyc06g069430.3 (interacts with) Solyc08g068320.3","1.0E-20","false","interacts with","Solyc06g069430.3 (interacts with) Solyc08g068320.3"
"interacts with","0.666881","Solyc06g069430.3 (interacts with) Solyc08g006260.2","1.0E-20","false","interacts with","Solyc06g069430.3 (interacts with) Solyc08g006260.2"
"interacts with","0.557193","Solyc10g079050.2 (interacts with) Solyc12g007070.2","1.0E-15","false","interacts with","Solyc10g079050.2 (interacts with) Solyc12g007070.2"
"interacts with","0.523574","Solyc07g043330.2 (interacts with) Solyc08g006260.2","1.0E-15","false","interacts with","Solyc07g043330.2 (interacts with) Solyc08g006260.2"
"interacts with","0.645893","Solyc06g069430.3 (interacts with) Solyc08g060840.1","1.0E-20","false","interacts with","Solyc06g069430.3 (interacts with) Solyc08g060840.1"
"interacts with","0.550116","Solyc07g043330.2 (interacts with) Solyc12g098370.2","1.0E-15","false","interacts with","Solyc07g043330.2 (interacts with) Solyc12g098370.2"
"interacts with","0.525688","Solyc05g051460.3 (interacts with) Solyc07g043330.2","1.0E-15","false","interacts with","Solyc05g051460.3 (interacts with) Solyc07g043330.2"
"interacts with","0.709186","Solyc06g069430.3 (interacts with) Solyc07g063970.3","1.0E-20","false","interacts with","Solyc06g069430.3 (interacts with) Solyc07g063970.3"
"interacts with","0.533361","Solyc07g043330.2 (interacts with) Solyc10g078700.2","1.0E-15","false","interacts with","Solyc07g043330.2 (interacts with) Solyc10g078700.2"
"interacts with","0.694932","Solyc06g036170.1 (interacts with) Solyc12g098370.2","1.0E-20","false","interacts with","Solyc06g036170.1 (interacts with) Solyc12g098370.2"
"interacts with","0.777142","Solyc06g036170.1 (interacts with) Solyc06g053960.3","1.0E-25","false","interacts with","Solyc06g036170.1 (interacts with) Solyc06g053960.3"
"interacts with","0.668242","Solyc05g051460.3 (interacts with) Solyc08g068320.3","1.0E-20","false","interacts with","Solyc05g051460.3 (interacts with) Solyc08g068320.3"
"interacts with","0.341183","Solyc11g065840.2 (interacts with) Solyc12g013620.2","1.0E-10","false","interacts with","Solyc11g065840.2 (interacts with) Solyc12g013620.2"
"interacts with","0.545822","Solyc07g043330.2 (interacts with) Solyc10g005330.3","1.0E-15","false","interacts with","Solyc07g043330.2 (interacts with) Solyc10g005330.3"
"interacts with","0.587004","Solyc06g069430.3 (interacts with) Solyc06g075140.3","1.0E-20","false","interacts with","Solyc06g069430.3 (interacts with) Solyc06g075140.3"
"interacts with","0.625077","Solyc06g036170.1 (interacts with) Solyc08g061140.3","1.0E-20","false","interacts with","Solyc06g036170.1 (interacts with) Solyc08g061140.3"
"interacts with","0.815917","Solyc06g036170.1 (interacts with) Solyc06g069430.3","1.0E-25","false","interacts with","Solyc06g036170.1 (interacts with) Solyc06g069430.3"
"interacts with","0.704445","Solyc05g051460.3 (interacts with) Solyc10g006880.3","1.0E-20","false","interacts with","Solyc05g051460.3 (interacts with) Solyc10g006880.3"
"interacts with","0.581867","Solyc06g036170.1 (interacts with) Solyc12g006240.2","1.0E-20","false","interacts with","Solyc06g036170.1 (interacts with) Solyc12g006240.2"
"interacts with","0.659505","Solyc05g051460.3 (interacts with) Solyc06g036170.1","1.0E-20","false","interacts with","Solyc05g051460.3 (interacts with) Solyc06g036170.1"
"interacts with","0.381163","Solyc06g036170.1 (interacts with) Solyc09g090790.3","1.0E-10","false","interacts with","Solyc06g036170.1 (interacts with) Solyc09g090790.3"
"interacts with","0.6419","Solyc05g051460.3 (interacts with) Solyc12g098370.2","1.0E-20","false","interacts with","Solyc05g051460.3 (interacts with) Solyc12g098370.2"
"interacts with","0.715444","Solyc06g036170.1 (interacts with) Solyc10g078700.2","1.0E-25","false","interacts with","Solyc06g036170.1 (interacts with) Solyc10g078700.2"
"interacts with","0.747326","Solyc06g036170.1 (interacts with) Solyc10g079070.2","1.0E-25","false","interacts with","Solyc06g036170.1 (interacts with) Solyc10g079070.2"
"interacts with","0.417311","Solyc06g036170.1 (interacts with) Solyc10g080480.2","1.0E-10","false","interacts with","Solyc06g036170.1 (interacts with) Solyc10g080480.2"
"interacts with","0.542999","Solyc05g051460.3 (interacts with) Solyc05g056120.3","1.0E-15","false","interacts with","Solyc05g051460.3 (interacts with) Solyc05g056120.3"
"interacts with","0.623509","Solyc06g036170.1 (interacts with) Solyc08g076860.3","1.0E-20","false","interacts with","Solyc06g036170.1 (interacts with) Solyc08g076860.3"
"interacts with","0.523249","Solyc06g036170.1 (interacts with) Solyc07g043330.2","1.0E-15","false","interacts with","Solyc06g036170.1 (interacts with) Solyc07g043330.2"
"interacts with","0.709762","Solyc05g051460.3 (interacts with) Solyc10g005330.3","1.0E-20","false","interacts with","Solyc05g051460.3 (interacts with) Solyc10g005330.3"
"interacts with","0.686842","Solyc05g051460.3 (interacts with) Solyc10g078700.2","1.0E-20","false","interacts with","Solyc05g051460.3 (interacts with) Solyc10g078700.2"
"interacts with","0.274504","Solyc06g036170.1 (interacts with) Solyc10g007970.2","1.0E-5","false","interacts with","Solyc06g036170.1 (interacts with) Solyc10g007970.2"
"interacts with","0.705392","Solyc05g051460.3 (interacts with) Solyc10g018780.2","1.0E-20","false","interacts with","Solyc05g051460.3 (interacts with) Solyc10g018780.2"
"interacts with","0.672847","Solyc05g051460.3 (interacts with) Solyc06g073980.3","1.0E-20","false","interacts with","Solyc05g051460.3 (interacts with) Solyc06g073980.3"
"interacts with","0.543752","Solyc05g051460.3 (interacts with) Solyc06g005130.3","1.0E-15","false","interacts with","Solyc05g051460.3 (interacts with) Solyc06g005130.3"
"interacts with","0.642902","Solyc06g036170.1 (interacts with) Solyc07g062680.2","1.0E-20","false","interacts with","Solyc06g036170.1 (interacts with) Solyc07g062680.2"
"interacts with","0.693214","Solyc05g051460.3 (interacts with) Solyc06g069430.3","1.0E-20","false","interacts with","Solyc05g051460.3 (interacts with) Solyc06g069430.3"
"interacts with","0.74524","Solyc06g036170.1 (interacts with) Solyc09g007260.3","1.0E-25","false","interacts with","Solyc06g036170.1 (interacts with) Solyc09g007260.3"
"interacts with","0.680827","Solyc05g051460.3 (interacts with) Solyc10g079070.2","1.0E-20","false","interacts with","Solyc05g051460.3 (interacts with) Solyc10g079070.2"
"interacts with","0.676401","Solyc06g036170.1 (interacts with) Solyc08g068320.3","1.0E-20","false","interacts with","Solyc06g036170.1 (interacts with) Solyc08g068320.3"
"interacts with","0.646697","Solyc06g036170.1 (interacts with) Solyc08g060840.1","1.0E-20","false","interacts with","Solyc06g036170.1 (interacts with) Solyc08g060840.1"
"interacts with","0.553729","Solyc06g036170.1 (interacts with) Solyc06g075140.3","1.0E-15","false","interacts with","Solyc06g036170.1 (interacts with) Solyc06g075140.3"
"interacts with","0.728431","Solyc06g036170.1 (interacts with) Solyc11g017470.2","1.0E-25","false","interacts with","Solyc06g036170.1 (interacts with) Solyc11g017470.2"
"interacts with","0.508954","Solyc01g079870.3 (interacts with) Solyc07g043330.2","1.0E-15","false","interacts with","Solyc01g079870.3 (interacts with) Solyc07g043330.2"
"interacts with","0.40645","Solyc03g120910.3 (interacts with) Solyc04g078640.2","1.0E-10","false","interacts with","Solyc03g120910.3 (interacts with) Solyc04g078640.2"
"interacts with","0.476259","Solyc01g079870.3 (interacts with) Solyc11g065700.2","1.0E-15","false","interacts with","Solyc01g079870.3 (interacts with) Solyc11g065700.2"
"interacts with","0.402602","Solyc03g120910.3 (interacts with) Solyc06g063070.3","1.0E-10","false","interacts with","Solyc03g120910.3 (interacts with) Solyc06g063070.3"
"interacts with","0.736063","Solyc01g079870.3 (interacts with) Solyc09g007260.3","1.0E-25","false","interacts with","Solyc01g079870.3 (interacts with) Solyc09g007260.3"
"interacts with","0.404694","Solyc03g120910.3 (interacts with) Solyc10g006880.3","1.0E-10","false","interacts with","Solyc03g120910.3 (interacts with) Solyc10g006880.3"
"interacts with","0.68989","Solyc01g079870.3 (interacts with) Solyc08g068320.3","1.0E-20","false","interacts with","Solyc01g079870.3 (interacts with) Solyc08g068320.3"
"interacts with","0.74963","Solyc01g079870.3 (interacts with) Solyc03g097120.3","1.0E-25","false","interacts with","Solyc01g079870.3 (interacts with) Solyc03g097120.3"
"interacts with","0.596956","Solyc04g005800.3 (interacts with) Solyc06g069430.3","1.0E-20","false","interacts with","Solyc04g005800.3 (interacts with) Solyc06g069430.3"
"interacts with","0.687184","Solyc01g079870.3 (interacts with) Solyc08g006260.2","1.0E-20","false","interacts with","Solyc01g079870.3 (interacts with) Solyc08g006260.2"
"interacts with","0.609632","Solyc04g005800.3 (interacts with) Solyc10g006880.3","1.0E-20","false","interacts with","Solyc04g005800.3 (interacts with) Solyc10g006880.3"
"interacts with","0.635478","Solyc04g005800.3 (interacts with) Solyc04g071160.3","1.0E-20","false","interacts with","Solyc04g005800.3 (interacts with) Solyc04g071160.3"
"interacts with","0.606968","Solyc01g079870.3 (interacts with) Solyc04g005800.3","1.0E-20","false","interacts with","Solyc01g079870.3 (interacts with) Solyc04g005800.3"
"interacts with","0.756802","Solyc01g079870.3 (interacts with) Solyc10g006880.3","1.0E-25","false","interacts with","Solyc01g079870.3 (interacts with) Solyc10g006880.3"
"interacts with","0.60821","Solyc04g005800.3 (interacts with) Solyc06g073980.3","1.0E-20","false","interacts with","Solyc04g005800.3 (interacts with) Solyc06g073980.3"
"interacts with","0.4609","Solyc01g079870.3 (interacts with) Solyc03g019710.3","1.0E-15","false","interacts with","Solyc01g079870.3 (interacts with) Solyc03g019710.3"
"interacts with","0.451095","Solyc01g079870.3 (interacts with) Solyc03g082550.3","1.0E-15","false","interacts with","Solyc01g079870.3 (interacts with) Solyc03g082550.3"
"interacts with","0.603947","Solyc04g005800.3 (interacts with) Solyc04g078640.2","1.0E-20","false","interacts with","Solyc04g005800.3 (interacts with) Solyc04g078640.2"
"interacts with","0.765547","Solyc01g079870.3 (interacts with) Solyc06g036170.1","1.0E-25","false","interacts with","Solyc01g079870.3 (interacts with) Solyc06g036170.1"
"interacts with","0.59063","Solyc02g078620.1 (interacts with) Solyc05g012020.3","1.0E-20","false","interacts with","Solyc02g078620.1 (interacts with) Solyc05g012020.3"
"interacts with","0.619972","Solyc04g005800.3 (interacts with) Solyc06g036170.1","1.0E-20","false","interacts with","Solyc04g005800.3 (interacts with) Solyc06g036170.1"
"interacts with","0.78527","Solyc01g079870.3 (interacts with) Solyc04g078640.2","1.0E-25","false","interacts with","Solyc01g079870.3 (interacts with) Solyc04g078640.2"
"interacts with","0.58646","Solyc02g078620.1 (interacts with) Solyc06g053960.3","1.0E-20","false","interacts with","Solyc02g078620.1 (interacts with) Solyc06g053960.3"
"interacts with","0.48813","Solyc02g078620.1 (interacts with) Solyc03g093610.1","1.0E-15","false","interacts with","Solyc02g078620.1 (interacts with) Solyc03g093610.1"
"interacts with","0.668184","Solyc01g079870.3 (interacts with) Solyc05g007770.3","1.0E-20","false","interacts with","Solyc01g079870.3 (interacts with) Solyc05g007770.3"
"interacts with","0.408159","Solyc10g080480.2 (interacts with) Solyc12g098520.2","1.0E-10","false","interacts with","Solyc10g080480.2 (interacts with) Solyc12g098520.2"
"interacts with","0.653835","Solyc04g005800.3 (interacts with) Solyc10g079070.2","1.0E-20","false","interacts with","Solyc04g005800.3 (interacts with) Solyc10g079070.2"
"interacts with","0.72338","Solyc01g079870.3 (interacts with) Solyc01g087030.3","1.0E-25","false","interacts with","Solyc01g079870.3 (interacts with) Solyc01g087030.3"
"interacts with","0.594375","Solyc02g078620.1 (interacts with) Solyc09g007260.3","1.0E-20","false","interacts with","Solyc02g078620.1 (interacts with) Solyc09g007260.3"
"interacts with","0.57725","Solyc04g005800.3 (interacts with) Solyc08g076860.3","1.0E-20","false","interacts with","Solyc04g005800.3 (interacts with) Solyc08g076860.3"
"interacts with","0.453329","Solyc10g080480.2 (interacts with) Solyc12g099370.2","1.0E-15","false","interacts with","Solyc10g080480.2 (interacts with) Solyc12g099370.2"
"interacts with","0.600941","Solyc02g078620.1 (interacts with) Solyc10g005330.3","1.0E-20","false","interacts with","Solyc02g078620.1 (interacts with) Solyc10g005330.3"
"interacts with","0.389727","Solyc10g078700.2 (interacts with) Solyc12g005420.2","1.0E-10","false","interacts with","Solyc10g078700.2 (interacts with) Solyc12g005420.2"
"interacts with","0.296035","Solyc01g079870.3 (interacts with) Solyc05g009660.3","1.0E-10","false","interacts with","Solyc01g079870.3 (interacts with) Solyc05g009660.3"
"interacts with","0.585717","Solyc02g078620.1 (interacts with) Solyc12g013620.2","1.0E-20","false","interacts with","Solyc02g078620.1 (interacts with) Solyc12g013620.2"
"interacts with","0.72813","Solyc10g078700.2 (interacts with) Solyc11g017470.2","1.0E-25","false","interacts with","Solyc10g078700.2 (interacts with) Solyc11g017470.2"
"interacts with","0.643729","Solyc02g078620.1 (interacts with) Solyc10g006880.3","1.0E-20","false","interacts with","Solyc02g078620.1 (interacts with) Solyc10g006880.3"
"interacts with","0.8067","Solyc10g078700.2 (interacts with) Solyc10g079070.2","1.0E-25","false","interacts with","Solyc10g078700.2 (interacts with) Solyc10g079070.2"
"interacts with","0.582498","Solyc02g078620.1 (interacts with) Solyc08g006260.2","1.0E-20","false","interacts with","Solyc02g078620.1 (interacts with) Solyc08g006260.2"
"interacts with","0.693092","Solyc01g079870.3 (interacts with) Solyc10g005330.3","1.0E-20","false","interacts with","Solyc01g079870.3 (interacts with) Solyc10g005330.3"
"interacts with","0.619821","Solyc04g005800.3 (interacts with) Solyc05g012020.3","1.0E-20","false","interacts with","Solyc04g005800.3 (interacts with) Solyc05g012020.3"
"interacts with","0.536878","Solyc03g114720.3 (interacts with) Solyc06g069430.3","1.0E-15","false","interacts with","Solyc03g114720.3 (interacts with) Solyc06g069430.3"
"interacts with","0.619458","Solyc02g078620.1 (interacts with) Solyc10g018780.2","1.0E-20","false","interacts with","Solyc02g078620.1 (interacts with) Solyc10g018780.2"
"interacts with","0.795298","Solyc10g078700.2 (interacts with) Solyc12g098370.2","1.0E-25","false","interacts with","Solyc10g078700.2 (interacts with) Solyc12g098370.2"
"interacts with","0.525707","Solyc02g068200.1 (interacts with) Solyc08g076860.3","1.0E-15","false","interacts with","Solyc02g068200.1 (interacts with) Solyc08g076860.3"
"interacts with","0.597649","Solyc02g078620.1 (interacts with) Solyc10g078700.2","1.0E-20","false","interacts with","Solyc02g078620.1 (interacts with) Solyc10g078700.2"
"interacts with","0.610105","Solyc04g005800.3 (interacts with) Solyc10g005330.3","1.0E-20","false","interacts with","Solyc04g005800.3 (interacts with) Solyc10g005330.3"
"interacts with","0.711409","Solyc10g078700.2 (interacts with) Solyc12g013620.2","1.0E-20","false","interacts with","Solyc10g078700.2 (interacts with) Solyc12g013620.2"
"interacts with","0.547674","Solyc01g079870.3 (interacts with) Solyc05g056120.3","1.0E-15","false","interacts with","Solyc01g079870.3 (interacts with) Solyc05g056120.3"
"interacts with","0.723812","Solyc06g008200.3 (interacts with) Solyc09g089550.3","1.0E-25","false","interacts with","Solyc06g008200.3 (interacts with) Solyc09g089550.3"
"interacts with","0.596969","Solyc02g087840.3 (interacts with) Solyc09g007260.3","1.0E-20","false","interacts with","Solyc02g087840.3 (interacts with) Solyc09g007260.3"
"interacts with","0.625752","Solyc02g078620.1 (interacts with) Solyc10g079070.2","1.0E-20","false","interacts with","Solyc02g078620.1 (interacts with) Solyc10g079070.2"
"interacts with","0.453796","Solyc10g078700.2 (interacts with) Solyc12g099370.2","1.0E-15","false","interacts with","Solyc10g078700.2 (interacts with) Solyc12g099370.2"
"interacts with","0.52132","Solyc03g114720.3 (interacts with) Solyc10g078700.2","1.0E-15","false","interacts with","Solyc03g114720.3 (interacts with) Solyc10g078700.2"
"interacts with","0.593856","Solyc02g078620.1 (interacts with) Solyc04g078640.2","1.0E-20","false","interacts with","Solyc02g078620.1 (interacts with) Solyc04g078640.2"
"interacts with","0.71651","Solyc01g079870.3 (interacts with) Solyc06g069430.3","1.0E-25","false","interacts with","Solyc01g079870.3 (interacts with) Solyc06g069430.3"
"interacts with","0.7825","Solyc01g079870.3 (interacts with) Solyc04g071160.3","1.0E-25","false","interacts with","Solyc01g079870.3 (interacts with) Solyc04g071160.3"
"interacts with","0.512841","Solyc03g114720.3 (interacts with) Solyc10g079070.2","1.0E-15","false","interacts with","Solyc03g114720.3 (interacts with) Solyc10g079070.2"
"interacts with","0.599425","Solyc02g078620.1 (interacts with) Solyc05g007770.3","1.0E-20","false","interacts with","Solyc02g078620.1 (interacts with) Solyc05g007770.3"
"interacts with","0.454096","Solyc06g008200.3 (interacts with) Solyc07g005650.3","1.0E-15","false","interacts with","Solyc06g008200.3 (interacts with) Solyc07g005650.3"
"interacts with","0.584284","Solyc02g078620.1 (interacts with) Solyc05g051460.3","1.0E-20","false","interacts with","Solyc02g078620.1 (interacts with) Solyc05g051460.3"
"interacts with","0.719664","Solyc01g079870.3 (interacts with) Solyc10g018780.2","1.0E-25","false","interacts with","Solyc01g079870.3 (interacts with) Solyc10g018780.2"
"interacts with","0.596528","Solyc02g087840.3 (interacts with) Solyc05g012020.3","1.0E-20","false","interacts with","Solyc02g087840.3 (interacts with) Solyc05g012020.3"
"interacts with","0.497269","Solyc02g068200.1 (interacts with) Solyc06g069430.3","1.0E-15","false","interacts with","Solyc02g068200.1 (interacts with) Solyc06g069430.3"
"interacts with","0.37429","Solyc07g063420.3 (interacts with) Solyc09g090790.3","1.0E-10","false","interacts with","Solyc07g063420.3 (interacts with) Solyc09g090790.3"
"interacts with","0.661824","Solyc01g079870.3 (interacts with) Solyc01g090730.3","1.0E-20","false","interacts with","Solyc01g079870.3 (interacts with) Solyc01g090730.3"
"interacts with","0.568197","Solyc06g008200.3 (interacts with) Solyc08g022080.3","1.0E-15","false","interacts with","Solyc06g008200.3 (interacts with) Solyc08g022080.3"
"interacts with","0.612855","Solyc02g087840.3 (interacts with) Solyc04g014830.2","1.0E-20","false","interacts with","Solyc02g087840.3 (interacts with) Solyc04g014830.2"
"interacts with","0.535216","Solyc03g114720.3 (interacts with) Solyc05g051460.3","1.0E-15","false","interacts with","Solyc03g114720.3 (interacts with) Solyc05g051460.3"
"interacts with","0.589449","Solyc02g078620.1 (interacts with) Solyc11g017470.2","1.0E-20","false","interacts with","Solyc02g078620.1 (interacts with) Solyc11g017470.2"
"interacts with","0.449855","Solyc03g082550.3 (interacts with) Solyc07g063420.3","1.0E-15","false","interacts with","Solyc03g082550.3 (interacts with) Solyc07g063420.3"
"interacts with","0.687115","Solyc01g079870.3 (interacts with) Solyc10g078700.2","1.0E-20","false","interacts with","Solyc01g079870.3 (interacts with) Solyc10g078700.2"
"interacts with","0.608327","Solyc02g087840.3 (interacts with) Solyc04g078640.2","1.0E-20","false","interacts with","Solyc02g087840.3 (interacts with) Solyc04g078640.2"
"interacts with","0.45618","Solyc03g082550.3 (interacts with) Solyc11g017470.2","1.0E-15","false","interacts with","Solyc03g082550.3 (interacts with) Solyc11g017470.2"
"interacts with","0.648124","Solyc01g079870.3 (interacts with) Solyc10g079050.2","1.0E-20","false","interacts with","Solyc01g079870.3 (interacts with) Solyc10g079050.2"
"interacts with","0.518879","Solyc02g068200.1 (interacts with) Solyc06g063070.3","1.0E-15","false","interacts with","Solyc02g068200.1 (interacts with) Solyc06g063070.3"
"interacts with","0.60354","Solyc07g063420.3 (interacts with) Solyc12g013620.2","1.0E-20","false","interacts with","Solyc07g063420.3 (interacts with) Solyc12g013620.2"
"interacts with","0.502793","Solyc03g114720.3 (interacts with) Solyc06g053960.3","1.0E-15","false","interacts with","Solyc03g114720.3 (interacts with) Solyc06g053960.3"
"interacts with","0.492625","Solyc03g082550.3 (interacts with) Solyc04g076530.3","1.0E-15","false","interacts with","Solyc03g082550.3 (interacts with) Solyc04g076530.3"
"interacts with","0.728773","Solyc01g079870.3 (interacts with) Solyc06g073980.3","1.0E-25","false","interacts with","Solyc01g079870.3 (interacts with) Solyc06g073980.3"
"interacts with","0.611086","Solyc07g063420.3 (interacts with) Solyc10g006880.3","1.0E-20","false","interacts with","Solyc07g063420.3 (interacts with) Solyc10g006880.3"
"interacts with","0.499453","Solyc03g114720.3 (interacts with) Solyc12g098370.2","1.0E-15","false","interacts with","Solyc03g114720.3 (interacts with) Solyc12g098370.2"
"interacts with","0.464688","Solyc03g082550.3 (interacts with) Solyc04g078640.2","1.0E-15","false","interacts with","Solyc03g082550.3 (interacts with) Solyc04g078640.2"
"interacts with","0.615134","Solyc01g079870.3 (interacts with) Solyc06g075510.3","1.0E-20","false","interacts with","Solyc01g079870.3 (interacts with) Solyc06g075510.3"
"interacts with","0.589341","Solyc02g087840.3 (interacts with) Solyc10g006880.3","1.0E-20","false","interacts with","Solyc02g087840.3 (interacts with) Solyc10g006880.3"
"interacts with","0.529144","Solyc02g068200.1 (interacts with) Solyc03g026020.3","1.0E-15","false","interacts with","Solyc02g068200.1 (interacts with) Solyc03g026020.3"
"interacts with","0.502942","Solyc03g114720.3 (interacts with) Solyc10g005330.3","1.0E-15","false","interacts with","Solyc03g114720.3 (interacts with) Solyc10g005330.3"
"interacts with","0.57343","Solyc01g079870.3 (interacts with) Solyc01g100460.3","1.0E-20","false","interacts with","Solyc01g079870.3 (interacts with) Solyc01g100460.3"
"interacts with","0.515106","Solyc02g068200.1 (interacts with) Solyc04g045430.3","1.0E-15","false","interacts with","Solyc02g068200.1 (interacts with) Solyc04g045430.3"
"interacts with","0.637084","Solyc07g063420.3 (interacts with) Solyc07g063970.3","1.0E-20","false","interacts with","Solyc07g063420.3 (interacts with) Solyc07g063970.3"
"interacts with","0.310012","Solyc07g063420.3 (interacts with) Solyc08g076230.1","1.0E-10","false","interacts with","Solyc07g063420.3 (interacts with) Solyc08g076230.1"
"interacts with","0.462379","Solyc03g082550.3 (interacts with) Solyc05g012020.3","1.0E-15","false","interacts with","Solyc03g082550.3 (interacts with) Solyc05g012020.3"
"interacts with","0.683391","Solyc01g079870.3 (interacts with) Solyc10g079070.2","1.0E-20","false","interacts with","Solyc01g079870.3 (interacts with) Solyc10g079070.2"
"interacts with","0.483402","Solyc02g068200.1 (interacts with) Solyc11g017470.2","1.0E-15","false","interacts with","Solyc02g068200.1 (interacts with) Solyc11g017470.2"
"interacts with","0.578651","Solyc07g063420.3 (interacts with) Solyc09g082505.1","1.0E-20","false","interacts with","Solyc07g063420.3 (interacts with) Solyc09g082505.1"
"interacts with","0.453849","Solyc03g082550.3 (interacts with) Solyc06g053960.3","1.0E-15","false","interacts with","Solyc03g082550.3 (interacts with) Solyc06g053960.3"
"interacts with","0.509929","Solyc01g079870.3 (interacts with) Solyc04g076530.3","1.0E-15","false","interacts with","Solyc01g079870.3 (interacts with) Solyc04g076530.3"
"interacts with","0.489787","Solyc03g082550.3 (interacts with) Solyc10g006880.3","1.0E-15","false","interacts with","Solyc03g082550.3 (interacts with) Solyc10g006880.3"
"interacts with","0.598083","Solyc02g087840.3 (interacts with) Solyc10g005330.3","1.0E-20","false","interacts with","Solyc02g087840.3 (interacts with) Solyc10g005330.3"
"interacts with","0.491474","Solyc02g068200.1 (interacts with) Solyc06g036170.1","1.0E-15","false","interacts with","Solyc02g068200.1 (interacts with) Solyc06g036170.1"
"interacts with","0.460085","Solyc03g082550.3 (interacts with) Solyc03g097120.3","1.0E-15","false","interacts with","Solyc03g082550.3 (interacts with) Solyc03g097120.3"
"interacts with","0.714622","Solyc01g079870.3 (interacts with) Solyc05g051460.3","1.0E-25","false","interacts with","Solyc01g079870.3 (interacts with) Solyc05g051460.3"
"interacts with","0.539692","Solyc02g087840.3 (interacts with) Solyc03g114720.3","1.0E-15","false","interacts with","Solyc02g087840.3 (interacts with) Solyc03g114720.3"
"interacts with","0.491299","Solyc02g068200.1 (interacts with) Solyc04g078640.2","1.0E-15","false","interacts with","Solyc02g068200.1 (interacts with) Solyc04g078640.2"
"interacts with","0.521852","Solyc03g114720.3 (interacts with) Solyc06g036170.1","1.0E-15","false","interacts with","Solyc03g114720.3 (interacts with) Solyc06g036170.1"
"interacts with","0.514447","Solyc03g114720.3 (interacts with) Solyc04g078640.2","1.0E-15","false","interacts with","Solyc03g114720.3 (interacts with) Solyc04g078640.2"
"interacts with","0.490023","Solyc03g082550.3 (interacts with) Solyc12g098520.2","1.0E-15","false","interacts with","Solyc03g082550.3 (interacts with) Solyc12g098520.2"
"interacts with","0.546998","Solyc03g114720.3 (interacts with) Solyc05g007770.3","1.0E-15","false","interacts with","Solyc03g114720.3 (interacts with) Solyc05g007770.3"
"interacts with","0.588188","Solyc02g087840.3 (interacts with) Solyc03g113620.3","1.0E-20","false","interacts with","Solyc02g087840.3 (interacts with) Solyc03g113620.3"
"interacts with","0.647913","Solyc03g006000.3 (interacts with) Solyc08g076860.3","1.0E-20","false","interacts with","Solyc03g006000.3 (interacts with) Solyc08g076860.3"
"interacts with","0.509924","Solyc02g068200.1 (interacts with) Solyc03g006000.3","1.0E-15","false","interacts with","Solyc02g068200.1 (interacts with) Solyc03g006000.3"
"interacts with","0.521517","Solyc03g114720.3 (interacts with) Solyc05g012020.3","1.0E-15","false","interacts with","Solyc03g114720.3 (interacts with) Solyc05g012020.3"
"interacts with","0.649296","Solyc02g087840.3 (interacts with) Solyc12g098370.2","1.0E-20","false","interacts with","Solyc02g087840.3 (interacts with) Solyc12g098370.2"
"interacts with","0.576242","Solyc04g005610.3 (interacts with) Solyc10g084380.1","1.0E-20","false","interacts with","Solyc04g005610.3 (interacts with) Solyc10g084380.1"
"interacts with","0.524975","Solyc02g068200.1 (interacts with) Solyc03g097120.3","1.0E-15","false","interacts with","Solyc02g068200.1 (interacts with) Solyc03g097120.3"
"interacts with","0.512481","Solyc03g114720.3 (interacts with) Solyc09g007260.3","1.0E-15","false","interacts with","Solyc03g114720.3 (interacts with) Solyc09g007260.3"
"interacts with","0.612201","Solyc04g005610.3 (interacts with) Solyc05g007770.3","1.0E-20","false","interacts with","Solyc04g005610.3 (interacts with) Solyc05g007770.3"
"interacts with","0.590725","Solyc03g006000.3 (interacts with) Solyc05g012040.3","1.0E-20","false","interacts with","Solyc03g006000.3 (interacts with) Solyc05g012040.3"
"interacts with","0.498297","Solyc03g114720.3 (interacts with) Solyc07g062680.2","1.0E-15","false","interacts with","Solyc03g114720.3 (interacts with) Solyc07g062680.2"
"interacts with","0.523974","Solyc03g114720.3 (interacts with) Solyc08g068320.3","1.0E-15","false","interacts with","Solyc03g114720.3 (interacts with) Solyc08g068320.3"
"interacts with","0.587745","Solyc04g005610.3 (interacts with) Solyc10g079070.2","1.0E-20","false","interacts with","Solyc04g005610.3 (interacts with) Solyc10g079070.2"
"interacts with","0.593384","Solyc02g087840.3 (interacts with) Solyc06g069430.3","1.0E-20","false","interacts with","Solyc02g087840.3 (interacts with) Solyc06g069430.3"
"interacts with","0.62761","Solyc04g005610.3 (interacts with) Solyc04g078640.2","1.0E-20","false","interacts with","Solyc04g005610.3 (interacts with) Solyc04g078640.2"
"interacts with","0.637057","Solyc02g087840.3 (interacts with) Solyc10g078700.2","1.0E-20","false","interacts with","Solyc02g087840.3 (interacts with) Solyc10g078700.2"
"interacts with","0.37392","Solyc03g006000.3 (interacts with) Solyc09g090790.3","1.0E-10","false","interacts with","Solyc03g006000.3 (interacts with) Solyc09g090790.3"
"interacts with","0.646869","Solyc04g005610.3 (interacts with) Solyc05g012020.3","1.0E-20","false","interacts with","Solyc04g005610.3 (interacts with) Solyc05g012020.3"
"interacts with","0.631676","Solyc03g006000.3 (interacts with) Solyc04g071160.3","1.0E-20","false","interacts with","Solyc03g006000.3 (interacts with) Solyc04g071160.3"
"interacts with","0.582839","Solyc04g005610.3 (interacts with) Solyc06g073980.3","1.0E-20","false","interacts with","Solyc04g005610.3 (interacts with) Solyc06g073980.3"
"interacts with","0.174529","Solyc04g005610.3 (interacts with) Solyc06g050950.3","1.0E-5","false","interacts with","Solyc04g005610.3 (interacts with) Solyc06g050950.3"
"interacts with","0.572012","Solyc05g056120.3 (interacts with) Solyc06g069430.3","1.0E-20","false","interacts with","Solyc05g056120.3 (interacts with) Solyc06g069430.3"
"interacts with","0.554346","Solyc02g090220.3 (interacts with) Solyc04g045430.3","1.0E-15","false","interacts with","Solyc02g090220.3 (interacts with) Solyc04g045430.3"
"interacts with","0.747325","Solyc03g006000.3 (interacts with) Solyc06g069430.3","1.0E-25","false","interacts with","Solyc03g006000.3 (interacts with) Solyc06g069430.3"
"interacts with","0.59488","Solyc04g005610.3 (interacts with) Solyc12g013620.2","1.0E-20","false","interacts with","Solyc04g005610.3 (interacts with) Solyc12g013620.2"
"interacts with","0.534805","Solyc05g056120.3 (interacts with) Solyc10g006880.3","1.0E-15","false","interacts with","Solyc05g056120.3 (interacts with) Solyc10g006880.3"
"interacts with","0.644276","Solyc04g005610.3 (interacts with) Solyc10g006880.3","1.0E-20","false","interacts with","Solyc04g005610.3 (interacts with) Solyc10g006880.3"
"interacts with","0.588397","Solyc05g056120.3 (interacts with) Solyc12g013620.2","1.0E-20","false","interacts with","Solyc05g056120.3 (interacts with) Solyc12g013620.2"
"interacts with","0.502995","Solyc02g090220.3 (interacts with) Solyc08g061140.3","1.0E-15","false","interacts with","Solyc02g090220.3 (interacts with) Solyc08g061140.3"
"interacts with","0.554558","Solyc05g056120.3 (interacts with) Solyc06g073980.3","1.0E-15","false","interacts with","Solyc05g056120.3 (interacts with) Solyc06g073980.3"
"interacts with","0.512349","Solyc02g090220.3 (interacts with) Solyc07g062680.2","1.0E-15","false","interacts with","Solyc02g090220.3 (interacts with) Solyc07g062680.2"
"interacts with","0.663715","Solyc03g006000.3 (interacts with) Solyc09g089550.3","1.0E-20","false","interacts with","Solyc03g006000.3 (interacts with) Solyc09g089550.3"
"interacts with","0.549088","Solyc05g056120.3 (interacts with) Solyc10g079050.2","1.0E-15","false","interacts with","Solyc05g056120.3 (interacts with) Solyc10g079050.2"
"interacts with","0.534636","Solyc02g090220.3 (interacts with) Solyc09g007260.3","1.0E-15","false","interacts with","Solyc02g090220.3 (interacts with) Solyc09g007260.3"
"interacts with","0.538215","Solyc05g056120.3 (interacts with) Solyc10g078700.2","1.0E-15","false","interacts with","Solyc05g056120.3 (interacts with) Solyc10g078700.2"
"interacts with","0.499118","Solyc02g090220.3 (interacts with) Solyc03g026020.3","1.0E-15","false","interacts with","Solyc02g090220.3 (interacts with) Solyc03g026020.3"
"interacts with","0.635616","Solyc05g012020.3 (interacts with) Solyc08g061140.3","1.0E-20","false","interacts with","Solyc05g012020.3 (interacts with) Solyc08g061140.3"
"interacts with","0.579991","Solyc05g056120.3 (interacts with) Solyc10g018780.2","1.0E-20","false","interacts with","Solyc05g056120.3 (interacts with) Solyc10g018780.2"
"interacts with","0.332806","Solyc05g012020.3 (interacts with) Solyc05g052850.3","1.0E-10","false","interacts with","Solyc05g012020.3 (interacts with) Solyc05g052850.3"
"interacts with","0.569931","Solyc03g006000.3 (interacts with) Solyc03g118190.3","1.0E-15","false","interacts with","Solyc03g006000.3 (interacts with) Solyc03g118190.3"
"interacts with","0.533315","Solyc05g056120.3 (interacts with) Solyc06g036170.1","1.0E-15","false","interacts with","Solyc05g056120.3 (interacts with) Solyc06g036170.1"
"interacts with","0.714512","Solyc05g012020.3 (interacts with) Solyc12g098370.2","1.0E-25","false","interacts with","Solyc05g012020.3 (interacts with) Solyc12g098370.2"
"interacts with","0.564843","Solyc05g056120.3 (interacts with) Solyc11g017470.2","1.0E-15","false","interacts with","Solyc05g056120.3 (interacts with) Solyc11g017470.2"
"interacts with","0.251758","Solyc09g089550.3 (interacts with) Solyc12g088130.2","1.0E-5","false","interacts with","Solyc09g089550.3 (interacts with) Solyc12g088130.2"
"interacts with","0.694007","Solyc03g006000.3 (interacts with) Solyc04g078640.2","1.0E-20","false","interacts with","Solyc03g006000.3 (interacts with) Solyc04g078640.2"
"interacts with","0.506267","Solyc02g090220.3 (interacts with) Solyc09g082505.1","1.0E-15","false","interacts with","Solyc02g090220.3 (interacts with) Solyc09g082505.1"
"interacts with","0.778043","Solyc05g012020.3 (interacts with) Solyc10g079070.2","1.0E-25","false","interacts with","Solyc05g012020.3 (interacts with) Solyc10g079070.2"
"interacts with","0.531171","Solyc05g056120.3 (interacts with) Solyc12g098370.2","1.0E-15","false","interacts with","Solyc05g056120.3 (interacts with) Solyc12g098370.2"
"interacts with","0.509214","Solyc02g090220.3 (interacts with) Solyc07g063970.3","1.0E-15","false","interacts with","Solyc02g090220.3 (interacts with) Solyc07g063970.3"
"interacts with","0.733415","Solyc09g089550.3 (interacts with) Solyc12g098520.2","1.0E-25","false","interacts with","Solyc09g089550.3 (interacts with) Solyc12g098520.2"
"interacts with","0.66722","Solyc05g012020.3 (interacts with) Solyc07g055100.3","1.0E-20","false","interacts with","Solyc05g012020.3 (interacts with) Solyc07g055100.3"
"interacts with","0.55844","Solyc05g056120.3 (interacts with) Solyc10g005330.3","1.0E-15","false","interacts with","Solyc05g056120.3 (interacts with) Solyc10g005330.3"
"interacts with","0.529533","Solyc02g090220.3 (interacts with) Solyc04g078640.2","1.0E-15","false","interacts with","Solyc02g090220.3 (interacts with) Solyc04g078640.2"
"interacts with","0.806088","Solyc05g012020.3 (interacts with) Solyc06g069430.3","1.0E-25","false","interacts with","Solyc05g012020.3 (interacts with) Solyc06g069430.3"
"interacts with","0.565844","Solyc05g056120.3 (interacts with) Solyc12g007070.2","1.0E-15","false","interacts with","Solyc05g056120.3 (interacts with) Solyc12g007070.2"
"interacts with","0.722068","Solyc05g012020.3 (interacts with) Solyc10g078700.2","1.0E-25","false","interacts with","Solyc05g012020.3 (interacts with) Solyc10g078700.2"
"interacts with","0.544521","Solyc05g056120.3 (interacts with) Solyc09g007260.3","1.0E-15","false","interacts with","Solyc05g056120.3 (interacts with) Solyc09g007260.3"
"interacts with","0.546389","Solyc02g090220.3 (interacts with) Solyc02g092050.3","1.0E-15","false","interacts with","Solyc02g090220.3 (interacts with) Solyc02g092050.3"
"interacts with","0.540476","Solyc05g056120.3 (interacts with) Solyc08g068320.3","1.0E-15","false","interacts with","Solyc05g056120.3 (interacts with) Solyc08g068320.3"
"interacts with","0.435629","Solyc09g089550.3 (interacts with) Solyc10g080480.2","1.0E-15","false","interacts with","Solyc09g089550.3 (interacts with) Solyc10g080480.2"
"interacts with","0.54975","Solyc03g006000.3 (interacts with) Solyc03g043900.1","1.0E-15","false","interacts with","Solyc03g006000.3 (interacts with) Solyc03g043900.1"
"interacts with","0.51286","Solyc02g090220.3 (interacts with) Solyc06g069430.3","1.0E-15","false","interacts with","Solyc02g090220.3 (interacts with) Solyc06g069430.3"
"interacts with","0.501471","Solyc02g090220.3 (interacts with) Solyc03g097120.3","1.0E-15","false","interacts with","Solyc02g090220.3 (interacts with) Solyc03g097120.3"
"interacts with","0.660897","Solyc03g006000.3 (interacts with) Solyc08g060840.1","1.0E-20","false","interacts with","Solyc03g006000.3 (interacts with) Solyc08g060840.1"
"interacts with","0.647342","Solyc05g012020.3 (interacts with) Solyc07g062680.2","1.0E-20","false","interacts with","Solyc05g012020.3 (interacts with) Solyc07g062680.2"
"interacts with","0.510515","Solyc02g090220.3 (interacts with) Solyc08g066500.3","1.0E-15","false","interacts with","Solyc02g090220.3 (interacts with) Solyc08g066500.3"
"interacts with","0.443261","Solyc05g012020.3 (interacts with) Solyc08g080120.3","1.0E-15","false","interacts with","Solyc05g012020.3 (interacts with) Solyc08g080120.3"
"interacts with","0.62987","Solyc05g012020.3 (interacts with) Solyc08g068320.3","1.0E-20","false","interacts with","Solyc05g012020.3 (interacts with) Solyc08g068320.3"
"interacts with","0.687039","Solyc03g006000.3 (interacts with) Solyc03g097120.3","1.0E-20","false","interacts with","Solyc03g006000.3 (interacts with) Solyc03g097120.3"
"interacts with","0.267451","Solyc03g006000.3 (interacts with) Solyc10g007970.2","1.0E-5","false","interacts with","Solyc03g006000.3 (interacts with) Solyc10g007970.2"
"interacts with","0.476752","Solyc05g012020.3 (interacts with) Solyc05g050220.3","1.0E-15","false","interacts with","Solyc05g012020.3 (interacts with) Solyc05g050220.3"
"interacts with","0.518819","Solyc04g076530.3 (interacts with) Solyc12g098520.2","1.0E-15","false","interacts with","Solyc04g076530.3 (interacts with) Solyc12g098520.2"
"interacts with","0.474059","Solyc07g053590.3 (interacts with) Solyc09g010840.1","1.0E-15","false","interacts with","Solyc07g053590.3 (interacts with) Solyc09g010840.1"
"interacts with","0.512897","Solyc04g076530.3 (interacts with) Solyc10g006880.3","1.0E-15","false","interacts with","Solyc04g076530.3 (interacts with) Solyc10g006880.3"
"interacts with","0.327586","Solyc07g053590.3 (interacts with) Solyc11g065840.2","1.0E-10","false","interacts with","Solyc07g053590.3 (interacts with) Solyc11g065840.2"
"interacts with","0.558605","Solyc04g076530.3 (interacts with) Solyc12g013620.2","1.0E-15","false","interacts with","Solyc04g076530.3 (interacts with) Solyc12g013620.2"
"interacts with","0.495286","Solyc07g053590.3 (interacts with) Solyc10g006880.3","1.0E-15","false","interacts with","Solyc07g053590.3 (interacts with) Solyc10g006880.3"
"interacts with","0.753162","Solyc05g012020.3 (interacts with) Solyc06g036170.1","1.0E-25","false","interacts with","Solyc05g012020.3 (interacts with) Solyc06g036170.1"
"interacts with","0.560429","Solyc04g076530.3 (interacts with) Solyc04g078640.2","1.0E-15","false","interacts with","Solyc04g076530.3 (interacts with) Solyc04g078640.2"
"interacts with","0.46466","Solyc07g053590.3 (interacts with) Solyc10g018780.2","1.0E-15","false","interacts with","Solyc07g053590.3 (interacts with) Solyc10g018780.2"
"interacts with","0.628172","Solyc05g012020.3 (interacts with) Solyc08g006260.2","1.0E-20","false","interacts with","Solyc05g012020.3 (interacts with) Solyc08g006260.2"
"interacts with","0.312095","Solyc04g076530.3 (interacts with) Solyc08g076230.1","1.0E-10","false","interacts with","Solyc04g076530.3 (interacts with) Solyc08g076230.1"
"interacts with","0.643687","Solyc05g012020.3 (interacts with) Solyc08g060840.1","1.0E-20","false","interacts with","Solyc05g012020.3 (interacts with) Solyc08g060840.1"
"interacts with","0.522562","Solyc04g076530.3 (interacts with) Solyc07g063420.3","1.0E-15","false","interacts with","Solyc04g076530.3 (interacts with) Solyc07g063420.3"
"interacts with","0.642029","Solyc05g012020.3 (interacts with) Solyc08g063040.3","1.0E-20","false","interacts with","Solyc05g012020.3 (interacts with) Solyc08g063040.3"
"interacts with","0.442395","Solyc05g012020.3 (interacts with) Solyc12g099140.2","1.0E-15","false","interacts with","Solyc05g012020.3 (interacts with) Solyc12g099140.2"
"interacts with","0.611208","Solyc01g096320.3 (interacts with) Solyc04g078640.2","1.0E-20","false","interacts with","Solyc01g096320.3 (interacts with) Solyc04g078640.2"
"interacts with","0.59764","Solyc01g096320.3 (interacts with) Solyc06g036170.1","1.0E-20","false","interacts with","Solyc01g096320.3 (interacts with) Solyc06g036170.1"
"interacts with","0.830788","Solyc01g090730.3 (interacts with) Solyc10g018780.2","1.0E-25","false","interacts with","Solyc01g090730.3 (interacts with) Solyc10g018780.2"
"interacts with","0.629132","Solyc01g096320.3 (interacts with) Solyc11g017470.2","1.0E-20","false","interacts with","Solyc01g096320.3 (interacts with) Solyc11g017470.2"
"interacts with","0.388129","Solyc01g090730.3 (interacts with) Solyc02g065490.3","1.0E-10","false","interacts with","Solyc01g090730.3 (interacts with) Solyc02g065490.3"
"interacts with","0.643077","Solyc01g090730.3 (interacts with) Solyc05g051460.3","1.0E-20","false","interacts with","Solyc01g090730.3 (interacts with) Solyc05g051460.3"
"interacts with","0.76279","Solyc01g090730.3 (interacts with) Solyc09g010840.1","1.0E-25","false","interacts with","Solyc01g090730.3 (interacts with) Solyc09g010840.1"
"interacts with","0.624578","Solyc01g096320.3 (interacts with) Solyc12g013620.2","1.0E-20","false","interacts with","Solyc01g096320.3 (interacts with) Solyc12g013620.2"
"interacts with","0.599998","Solyc05g012020.3 (interacts with) Solyc09g018460.1","1.0E-20","false","interacts with","Solyc05g012020.3 (interacts with) Solyc09g018460.1"
"interacts with","0.623051","Solyc01g096320.3 (interacts with) Solyc10g006880.3","1.0E-20","false","interacts with","Solyc01g096320.3 (interacts with) Solyc10g006880.3"
"interacts with","0.601715","Solyc05g012020.3 (interacts with) Solyc10g084380.1","1.0E-20","false","interacts with","Solyc05g012020.3 (interacts with) Solyc10g084380.1"
"interacts with","0.658247","Solyc01g090730.3 (interacts with) Solyc03g113270.3","1.0E-20","false","interacts with","Solyc01g090730.3 (interacts with) Solyc03g113270.3"
"interacts with","0.297572","Solyc01g090730.3 (interacts with) Solyc05g009660.3","1.0E-10","false","interacts with","Solyc01g090730.3 (interacts with) Solyc05g009660.3"
"interacts with","0.617265","Solyc01g096320.3 (interacts with) Solyc08g068320.3","1.0E-20","false","interacts with","Solyc01g096320.3 (interacts with) Solyc08g068320.3"
"interacts with","0.675322","Solyc05g012020.3 (interacts with) Solyc10g018780.2","1.0E-20","false","interacts with","Solyc05g012020.3 (interacts with) Solyc10g018780.2"
"interacts with","0.711612","Solyc05g012020.3 (interacts with) Solyc10g079050.2","1.0E-20","false","interacts with","Solyc05g012020.3 (interacts with) Solyc10g079050.2"
"interacts with","0.452957","Solyc01g060490.3 (interacts with) Solyc06g036170.1","1.0E-15","false","interacts with","Solyc01g060490.3 (interacts with) Solyc06g036170.1"
"interacts with","0.468578","Solyc01g060490.3 (interacts with) Solyc04g078640.2","1.0E-15","false","interacts with","Solyc01g060490.3 (interacts with) Solyc04g078640.2"
"interacts with","0.458438","Solyc01g096320.3 (interacts with) Solyc12g099370.2","1.0E-15","false","interacts with","Solyc01g096320.3 (interacts with) Solyc12g099370.2"
"interacts with","0.702785","Solyc01g090730.3 (interacts with) Solyc10g006880.3","1.0E-20","false","interacts with","Solyc01g090730.3 (interacts with) Solyc10g006880.3"
"interacts with","0.447092","Solyc01g060490.3 (interacts with) Solyc10g084380.1","1.0E-15","false","interacts with","Solyc01g060490.3 (interacts with) Solyc10g084380.1"
"interacts with","0.506066","Solyc01g090730.3 (interacts with) Solyc07g053590.3","1.0E-15","false","interacts with","Solyc01g090730.3 (interacts with) Solyc07g053590.3"
"interacts with","0.673645","Solyc01g090730.3 (interacts with) Solyc12g013620.2","1.0E-20","false","interacts with","Solyc01g090730.3 (interacts with) Solyc12g013620.2"
"interacts with","0.458864","Solyc01g060490.3 (interacts with) Solyc11g017470.2","1.0E-15","false","interacts with","Solyc01g060490.3 (interacts with) Solyc11g017470.2"
"interacts with","0.458052","Solyc01g060490.3 (interacts with) Solyc12g013620.2","1.0E-15","false","interacts with","Solyc01g060490.3 (interacts with) Solyc12g013620.2"
